DELETE FROM actual_unit_background WHERE unit_id=101531;
INSERT INTO actual_unit_background(unit_id,unit_name,bg_id,face_type) VALUES(101532,'愛川 美里',510070,4);
INSERT INTO actual_unit_background(unit_id,unit_name,bg_id,face_type) VALUES(104431,'イリヤ・オーンスタイン',510120,4);
INSERT INTO album_production_list(id,unit_id,type,title,description) VALUES(10440101,104401,201,'解放演出1','');
INSERT INTO album_production_list(id,unit_id,type,title,description) VALUES(10440102,104401,101,'絆ランク演出1','');
INSERT INTO album_production_list(id,unit_id,type,title,description) VALUES(10440103,104401,102,'絆ランク演出2','');
INSERT INTO album_production_list(id,unit_id,type,title,description) VALUES(10440104,104401,103,'絆ランク演出3','');
INSERT INTO album_production_list(id,unit_id,type,title,description) VALUES(10440105,104401,104,'絆ランク演出4','');
INSERT INTO album_production_list(id,unit_id,type,title,description) VALUES(10440106,104401,105,'絆ランク演出5','');
INSERT INTO album_production_list(id,unit_id,type,title,description) VALUES(10440107,104401,106,'絆ランク演出6','');
INSERT INTO album_production_list(id,unit_id,type,title,description) VALUES(10440108,104401,107,'絆ランク演出7','');
UPDATE banner SET priority=2 WHERE banner_id=10006;
INSERT INTO banner(banner_id,type,system_id,priority,start_date,end_date) VALUES(10007,1,302,2,'2018/05/31 12:00:00','2018/06/15 14:59:59');
UPDATE banner SET priority=3 WHERE banner_id=20000;
INSERT INTO banner(banner_id,type,system_id,priority,start_date,end_date) VALUES(20001,1,302,1,'2018/05/22 5:00:00','2018/06/01 4:59:59');
INSERT INTO banner(banner_id,type,system_id,priority,start_date,end_date) VALUES(40002,1,101,4,'2018/05/22 5:00:00','2018/05/31 23:59:59');
INSERT INTO campaign_freegacha(id,campaign_id,freegacha_1,freegacha_10,start_time,end_time) VALUES(1,1,0,1,'2018/05/22 5:00:00','2018/06/01 4:59:59');
INSERT INTO campaign_freegacha_data(id,campaign_id,gacha_id) VALUES(1,1,30007);
INSERT INTO campaign_freegacha_data(id,campaign_id,gacha_id) VALUES(2,1,30008);
INSERT INTO campaign_schedule(id,campaign_category,value,system_id,icon_image,start_time,end_time) VALUES(18,31,2000.0,101,30,'2018/05/22 05:00:00','2018/05/28 04:59:59');
INSERT INTO campaign_schedule(id,campaign_category,value,system_id,icon_image,start_time,end_time) VALUES(19,41,2000.0,101,40,'2018/05/22 05:00:00','2018/05/28 04:59:59');
INSERT INTO campaign_schedule(id,campaign_category,value,system_id,icon_image,start_time,end_time) VALUES(20,32,2000.0,102,30,'2018/05/28 05:00:00','2018/05/31 04:59:59');
INSERT INTO campaign_schedule(id,campaign_category,value,system_id,icon_image,start_time,end_time) VALUES(21,42,2000.0,102,40,'2018/05/28 05:00:00','2018/05/31 04:59:59');
INSERT INTO campaign_schedule(id,campaign_category,value,system_id,icon_image,start_time,end_time) VALUES(22,34,2000.0,103,30,'2018/05/31 05:00:00','2018/06/10 04:59:59');
INSERT INTO campaign_schedule(id,campaign_category,value,system_id,icon_image,start_time,end_time) VALUES(23,44,2000.0,103,40,'2018/05/31 05:00:00','2018/06/10 04:59:59');
INSERT INTO chara_story_status(story_id,unlock_story_name,status_type_1,status_rate_1,status_type_2,status_rate_2,status_type_3,status_rate_3,status_type_4,status_rate_4,status_type_5,status_rate_5,chara_id_1,chara_id_2,chara_id_3,chara_id_4,chara_id_5,chara_id_6,chara_id_7,chara_id_8,chara_id_9,chara_id_10) VALUES(1044002,'イリヤのエピソード第2話',4,15,0,0,0,0,0,0,0,0,1044,0,0,0,0,0,0,0,0,0);
INSERT INTO chara_story_status(story_id,unlock_story_name,status_type_1,status_rate_1,status_type_2,status_rate_2,status_type_3,status_rate_3,status_type_4,status_rate_4,status_type_5,status_rate_5,chara_id_1,chara_id_2,chara_id_3,chara_id_4,chara_id_5,chara_id_6,chara_id_7,chara_id_8,chara_id_9,chara_id_10) VALUES(1044003,'イリヤのエピソード第3話',4,15,0,0,0,0,0,0,0,0,1044,0,0,0,0,0,0,0,0,0);
INSERT INTO chara_story_status(story_id,unlock_story_name,status_type_1,status_rate_1,status_type_2,status_rate_2,status_type_3,status_rate_3,status_type_4,status_rate_4,status_type_5,status_rate_5,chara_id_1,chara_id_2,chara_id_3,chara_id_4,chara_id_5,chara_id_6,chara_id_7,chara_id_8,chara_id_9,chara_id_10) VALUES(1044004,'イリヤのエピソード第4話',4,30,0,0,0,0,0,0,0,0,1044,0,0,0,0,0,0,0,0,0);
INSERT INTO chara_story_status(story_id,unlock_story_name,status_type_1,status_rate_1,status_type_2,status_rate_2,status_type_3,status_rate_3,status_type_4,status_rate_4,status_type_5,status_rate_5,chara_id_1,chara_id_2,chara_id_3,chara_id_4,chara_id_5,chara_id_6,chara_id_7,chara_id_8,chara_id_9,chara_id_10) VALUES(1044005,'イリヤのエピソード第5話',4,40,0,0,0,0,0,0,0,0,1044,0,0,0,0,0,0,0,0,0);
INSERT INTO chara_story_status(story_id,unlock_story_name,status_type_1,status_rate_1,status_type_2,status_rate_2,status_type_3,status_rate_3,status_type_4,status_rate_4,status_type_5,status_rate_5,chara_id_1,chara_id_2,chara_id_3,chara_id_4,chara_id_5,chara_id_6,chara_id_7,chara_id_8,chara_id_9,chara_id_10) VALUES(1044006,'イリヤのエピソード第6話',4,60,0,0,0,0,0,0,0,0,1044,0,0,0,0,0,0,0,0,0);
INSERT INTO chara_story_status(story_id,unlock_story_name,status_type_1,status_rate_1,status_type_2,status_rate_2,status_type_3,status_rate_3,status_type_4,status_rate_4,status_type_5,status_rate_5,chara_id_1,chara_id_2,chara_id_3,chara_id_4,chara_id_5,chara_id_6,chara_id_7,chara_id_8,chara_id_9,chara_id_10) VALUES(1044007,'イリヤのエピソード第7話',4,60,0,0,0,0,0,0,0,0,1044,0,0,0,0,0,0,0,0,0);
INSERT INTO chara_story_status(story_id,unlock_story_name,status_type_1,status_rate_1,status_type_2,status_rate_2,status_type_3,status_rate_3,status_type_4,status_rate_4,status_type_5,status_rate_5,chara_id_1,chara_id_2,chara_id_3,chara_id_4,chara_id_5,chara_id_6,chara_id_7,chara_id_8,chara_id_9,chara_id_10) VALUES(1044008,'イリヤのエピソード第8話',4,90,7,10,0,0,0,0,0,0,1044,0,0,0,0,0,0,0,0,0);
INSERT INTO clan_battle_boss_damage_rank(rowid,id,damage_rank_id,ranking_from,ranking_to,odds_group_id,reward_type_1,reward_id_1,reward_num_1,reward_type_2,reward_id_2,reward_num_2,reward_type_3,reward_id_3,reward_num_3,reward_type_4,reward_id_4,reward_num_4,reward_type_5,reward_id_5,reward_num_5) VALUES(81,81,1003201,1,1,3100104,2,90006,20,2,20003,5,0,0,0,0,0,0,0,0,0);
INSERT INTO clan_battle_boss_damage_rank(rowid,id,damage_rank_id,ranking_from,ranking_to,odds_group_id,reward_type_1,reward_id_1,reward_num_1,reward_type_2,reward_id_2,reward_num_2,reward_type_3,reward_id_3,reward_num_3,reward_type_4,reward_id_4,reward_num_4,reward_type_5,reward_id_5,reward_num_5) VALUES(82,82,1003201,2,3,3100103,2,90006,15,2,20003,4,0,0,0,0,0,0,0,0,0);
INSERT INTO clan_battle_boss_damage_rank(rowid,id,damage_rank_id,ranking_from,ranking_to,odds_group_id,reward_type_1,reward_id_1,reward_num_1,reward_type_2,reward_id_2,reward_num_2,reward_type_3,reward_id_3,reward_num_3,reward_type_4,reward_id_4,reward_num_4,reward_type_5,reward_id_5,reward_num_5) VALUES(83,83,1003201,4,10,3100102,2,90006,10,2,20003,3,0,0,0,0,0,0,0,0,0);
INSERT INTO clan_battle_boss_damage_rank(rowid,id,damage_rank_id,ranking_from,ranking_to,odds_group_id,reward_type_1,reward_id_1,reward_num_1,reward_type_2,reward_id_2,reward_num_2,reward_type_3,reward_id_3,reward_num_3,reward_type_4,reward_id_4,reward_num_4,reward_type_5,reward_id_5,reward_num_5) VALUES(84,84,1003201,11,30,3100101,2,90006,5,2,20003,1,0,0,0,0,0,0,0,0,0);
INSERT INTO clan_battle_boss_damage_rank(rowid,id,damage_rank_id,ranking_from,ranking_to,odds_group_id,reward_type_1,reward_id_1,reward_num_1,reward_type_2,reward_id_2,reward_num_2,reward_type_3,reward_id_3,reward_num_3,reward_type_4,reward_id_4,reward_num_4,reward_type_5,reward_id_5,reward_num_5) VALUES(85,85,1003202,1,1,3100104,2,90006,20,2,20003,5,0,0,0,0,0,0,0,0,0);
INSERT INTO clan_battle_boss_damage_rank(rowid,id,damage_rank_id,ranking_from,ranking_to,odds_group_id,reward_type_1,reward_id_1,reward_num_1,reward_type_2,reward_id_2,reward_num_2,reward_type_3,reward_id_3,reward_num_3,reward_type_4,reward_id_4,reward_num_4,reward_type_5,reward_id_5,reward_num_5) VALUES(86,86,1003202,2,3,3100103,2,90006,15,2,20003,4,0,0,0,0,0,0,0,0,0);
INSERT INTO clan_battle_boss_damage_rank(rowid,id,damage_rank_id,ranking_from,ranking_to,odds_group_id,reward_type_1,reward_id_1,reward_num_1,reward_type_2,reward_id_2,reward_num_2,reward_type_3,reward_id_3,reward_num_3,reward_type_4,reward_id_4,reward_num_4,reward_type_5,reward_id_5,reward_num_5) VALUES(87,87,1003202,4,10,3100102,2,90006,10,2,20003,3,0,0,0,0,0,0,0,0,0);
INSERT INTO clan_battle_boss_damage_rank(rowid,id,damage_rank_id,ranking_from,ranking_to,odds_group_id,reward_type_1,reward_id_1,reward_num_1,reward_type_2,reward_id_2,reward_num_2,reward_type_3,reward_id_3,reward_num_3,reward_type_4,reward_id_4,reward_num_4,reward_type_5,reward_id_5,reward_num_5) VALUES(88,88,1003202,11,30,3100101,2,90006,5,2,20003,1,0,0,0,0,0,0,0,0,0);
INSERT INTO clan_battle_boss_damage_rank(rowid,id,damage_rank_id,ranking_from,ranking_to,odds_group_id,reward_type_1,reward_id_1,reward_num_1,reward_type_2,reward_id_2,reward_num_2,reward_type_3,reward_id_3,reward_num_3,reward_type_4,reward_id_4,reward_num_4,reward_type_5,reward_id_5,reward_num_5) VALUES(89,89,1003203,1,1,3100104,2,90006,20,2,20003,5,0,0,0,0,0,0,0,0,0);
INSERT INTO clan_battle_boss_damage_rank(rowid,id,damage_rank_id,ranking_from,ranking_to,odds_group_id,reward_type_1,reward_id_1,reward_num_1,reward_type_2,reward_id_2,reward_num_2,reward_type_3,reward_id_3,reward_num_3,reward_type_4,reward_id_4,reward_num_4,reward_type_5,reward_id_5,reward_num_5) VALUES(90,90,1003203,2,3,3100103,2,90006,15,2,20003,4,0,0,0,0,0,0,0,0,0);
INSERT INTO clan_battle_boss_damage_rank(rowid,id,damage_rank_id,ranking_from,ranking_to,odds_group_id,reward_type_1,reward_id_1,reward_num_1,reward_type_2,reward_id_2,reward_num_2,reward_type_3,reward_id_3,reward_num_3,reward_type_4,reward_id_4,reward_num_4,reward_type_5,reward_id_5,reward_num_5) VALUES(91,91,1003203,4,10,3100102,2,90006,10,2,20003,3,0,0,0,0,0,0,0,0,0);
INSERT INTO clan_battle_boss_damage_rank(rowid,id,damage_rank_id,ranking_from,ranking_to,odds_group_id,reward_type_1,reward_id_1,reward_num_1,reward_type_2,reward_id_2,reward_num_2,reward_type_3,reward_id_3,reward_num_3,reward_type_4,reward_id_4,reward_num_4,reward_type_5,reward_id_5,reward_num_5) VALUES(92,92,1003203,11,30,3100101,2,90006,5,2,20003,1,0,0,0,0,0,0,0,0,0);
INSERT INTO clan_battle_boss_damage_rank(rowid,id,damage_rank_id,ranking_from,ranking_to,odds_group_id,reward_type_1,reward_id_1,reward_num_1,reward_type_2,reward_id_2,reward_num_2,reward_type_3,reward_id_3,reward_num_3,reward_type_4,reward_id_4,reward_num_4,reward_type_5,reward_id_5,reward_num_5) VALUES(93,93,1003204,1,1,3100104,2,90006,20,2,20003,5,0,0,0,0,0,0,0,0,0);
INSERT INTO clan_battle_boss_damage_rank(rowid,id,damage_rank_id,ranking_from,ranking_to,odds_group_id,reward_type_1,reward_id_1,reward_num_1,reward_type_2,reward_id_2,reward_num_2,reward_type_3,reward_id_3,reward_num_3,reward_type_4,reward_id_4,reward_num_4,reward_type_5,reward_id_5,reward_num_5) VALUES(94,94,1003204,2,3,3100103,2,90006,15,2,20003,4,0,0,0,0,0,0,0,0,0);
INSERT INTO clan_battle_boss_damage_rank(rowid,id,damage_rank_id,ranking_from,ranking_to,odds_group_id,reward_type_1,reward_id_1,reward_num_1,reward_type_2,reward_id_2,reward_num_2,reward_type_3,reward_id_3,reward_num_3,reward_type_4,reward_id_4,reward_num_4,reward_type_5,reward_id_5,reward_num_5) VALUES(95,95,1003204,4,10,3100102,2,90006,10,2,20003,3,0,0,0,0,0,0,0,0,0);
INSERT INTO clan_battle_boss_damage_rank(rowid,id,damage_rank_id,ranking_from,ranking_to,odds_group_id,reward_type_1,reward_id_1,reward_num_1,reward_type_2,reward_id_2,reward_num_2,reward_type_3,reward_id_3,reward_num_3,reward_type_4,reward_id_4,reward_num_4,reward_type_5,reward_id_5,reward_num_5) VALUES(96,96,1003204,11,30,3100101,2,90006,5,2,20003,1,0,0,0,0,0,0,0,0,0);
INSERT INTO clan_battle_boss_damage_rank(rowid,id,damage_rank_id,ranking_from,ranking_to,odds_group_id,reward_type_1,reward_id_1,reward_num_1,reward_type_2,reward_id_2,reward_num_2,reward_type_3,reward_id_3,reward_num_3,reward_type_4,reward_id_4,reward_num_4,reward_type_5,reward_id_5,reward_num_5) VALUES(97,97,1003205,1,1,3100104,2,90006,40,2,20003,10,0,0,0,0,0,0,0,0,0);
INSERT INTO clan_battle_boss_damage_rank(rowid,id,damage_rank_id,ranking_from,ranking_to,odds_group_id,reward_type_1,reward_id_1,reward_num_1,reward_type_2,reward_id_2,reward_num_2,reward_type_3,reward_id_3,reward_num_3,reward_type_4,reward_id_4,reward_num_4,reward_type_5,reward_id_5,reward_num_5) VALUES(98,98,1003205,2,3,3100103,2,90006,30,2,20003,8,0,0,0,0,0,0,0,0,0);
INSERT INTO clan_battle_boss_damage_rank(rowid,id,damage_rank_id,ranking_from,ranking_to,odds_group_id,reward_type_1,reward_id_1,reward_num_1,reward_type_2,reward_id_2,reward_num_2,reward_type_3,reward_id_3,reward_num_3,reward_type_4,reward_id_4,reward_num_4,reward_type_5,reward_id_5,reward_num_5) VALUES(99,99,1003205,4,10,3100102,2,90006,20,2,20003,6,0,0,0,0,0,0,0,0,0);
INSERT INTO clan_battle_boss_damage_rank(rowid,id,damage_rank_id,ranking_from,ranking_to,odds_group_id,reward_type_1,reward_id_1,reward_num_1,reward_type_2,reward_id_2,reward_num_2,reward_type_3,reward_id_3,reward_num_3,reward_type_4,reward_id_4,reward_num_4,reward_type_5,reward_id_5,reward_num_5) VALUES(100,100,1003205,11,30,3100101,2,90006,10,2,20003,2,0,0,0,0,0,0,0,0,0);
INSERT INTO clan_battle_boss_damage_rank(rowid,id,damage_rank_id,ranking_from,ranking_to,odds_group_id,reward_type_1,reward_id_1,reward_num_1,reward_type_2,reward_id_2,reward_num_2,reward_type_3,reward_id_3,reward_num_3,reward_type_4,reward_id_4,reward_num_4,reward_type_5,reward_id_5,reward_num_5) VALUES(101,101,1003206,1,1,3100104,2,90006,10,2,20003,4,0,0,0,0,0,0,0,0,0);
INSERT INTO clan_battle_boss_damage_rank(rowid,id,damage_rank_id,ranking_from,ranking_to,odds_group_id,reward_type_1,reward_id_1,reward_num_1,reward_type_2,reward_id_2,reward_num_2,reward_type_3,reward_id_3,reward_num_3,reward_type_4,reward_id_4,reward_num_4,reward_type_5,reward_id_5,reward_num_5) VALUES(102,102,1003206,2,3,3100103,2,90006,8,2,20003,3,0,0,0,0,0,0,0,0,0);
INSERT INTO clan_battle_boss_damage_rank(rowid,id,damage_rank_id,ranking_from,ranking_to,odds_group_id,reward_type_1,reward_id_1,reward_num_1,reward_type_2,reward_id_2,reward_num_2,reward_type_3,reward_id_3,reward_num_3,reward_type_4,reward_id_4,reward_num_4,reward_type_5,reward_id_5,reward_num_5) VALUES(103,103,1003206,4,10,3100102,2,90006,6,2,20003,2,0,0,0,0,0,0,0,0,0);
INSERT INTO clan_battle_boss_damage_rank(rowid,id,damage_rank_id,ranking_from,ranking_to,odds_group_id,reward_type_1,reward_id_1,reward_num_1,reward_type_2,reward_id_2,reward_num_2,reward_type_3,reward_id_3,reward_num_3,reward_type_4,reward_id_4,reward_num_4,reward_type_5,reward_id_5,reward_num_5) VALUES(104,104,1003206,11,30,3100101,2,90006,4,2,20003,1,0,0,0,0,0,0,0,0,0);
INSERT INTO clan_battle_boss_damage_rank(rowid,id,damage_rank_id,ranking_from,ranking_to,odds_group_id,reward_type_1,reward_id_1,reward_num_1,reward_type_2,reward_id_2,reward_num_2,reward_type_3,reward_id_3,reward_num_3,reward_type_4,reward_id_4,reward_num_4,reward_type_5,reward_id_5,reward_num_5) VALUES(105,105,1003207,1,1,3100104,2,90006,10,2,20003,4,0,0,0,0,0,0,0,0,0);
INSERT INTO clan_battle_boss_damage_rank(rowid,id,damage_rank_id,ranking_from,ranking_to,odds_group_id,reward_type_1,reward_id_1,reward_num_1,reward_type_2,reward_id_2,reward_num_2,reward_type_3,reward_id_3,reward_num_3,reward_type_4,reward_id_4,reward_num_4,reward_type_5,reward_id_5,reward_num_5) VALUES(106,106,1003207,2,3,3100103,2,90006,8,2,20003,3,0,0,0,0,0,0,0,0,0);
INSERT INTO clan_battle_boss_damage_rank(rowid,id,damage_rank_id,ranking_from,ranking_to,odds_group_id,reward_type_1,reward_id_1,reward_num_1,reward_type_2,reward_id_2,reward_num_2,reward_type_3,reward_id_3,reward_num_3,reward_type_4,reward_id_4,reward_num_4,reward_type_5,reward_id_5,reward_num_5) VALUES(107,107,1003207,4,10,3100102,2,90006,6,2,20003,2,0,0,0,0,0,0,0,0,0);
INSERT INTO clan_battle_boss_damage_rank(rowid,id,damage_rank_id,ranking_from,ranking_to,odds_group_id,reward_type_1,reward_id_1,reward_num_1,reward_type_2,reward_id_2,reward_num_2,reward_type_3,reward_id_3,reward_num_3,reward_type_4,reward_id_4,reward_num_4,reward_type_5,reward_id_5,reward_num_5) VALUES(108,108,1003207,11,30,3100101,2,90006,4,2,20003,1,0,0,0,0,0,0,0,0,0);
INSERT INTO clan_battle_boss_damage_rank(rowid,id,damage_rank_id,ranking_from,ranking_to,odds_group_id,reward_type_1,reward_id_1,reward_num_1,reward_type_2,reward_id_2,reward_num_2,reward_type_3,reward_id_3,reward_num_3,reward_type_4,reward_id_4,reward_num_4,reward_type_5,reward_id_5,reward_num_5) VALUES(109,109,1003208,1,1,3100104,2,90006,10,2,20003,4,0,0,0,0,0,0,0,0,0);
INSERT INTO clan_battle_boss_damage_rank(rowid,id,damage_rank_id,ranking_from,ranking_to,odds_group_id,reward_type_1,reward_id_1,reward_num_1,reward_type_2,reward_id_2,reward_num_2,reward_type_3,reward_id_3,reward_num_3,reward_type_4,reward_id_4,reward_num_4,reward_type_5,reward_id_5,reward_num_5) VALUES(110,110,1003208,2,3,3100103,2,90006,8,2,20003,3,0,0,0,0,0,0,0,0,0);
INSERT INTO clan_battle_boss_damage_rank(rowid,id,damage_rank_id,ranking_from,ranking_to,odds_group_id,reward_type_1,reward_id_1,reward_num_1,reward_type_2,reward_id_2,reward_num_2,reward_type_3,reward_id_3,reward_num_3,reward_type_4,reward_id_4,reward_num_4,reward_type_5,reward_id_5,reward_num_5) VALUES(111,111,1003208,4,10,3100102,2,90006,6,2,20003,2,0,0,0,0,0,0,0,0,0);
INSERT INTO clan_battle_boss_damage_rank(rowid,id,damage_rank_id,ranking_from,ranking_to,odds_group_id,reward_type_1,reward_id_1,reward_num_1,reward_type_2,reward_id_2,reward_num_2,reward_type_3,reward_id_3,reward_num_3,reward_type_4,reward_id_4,reward_num_4,reward_type_5,reward_id_5,reward_num_5) VALUES(112,112,1003208,11,30,3100101,2,90006,4,2,20003,1,0,0,0,0,0,0,0,0,0);
INSERT INTO clan_battle_boss_damage_rank(rowid,id,damage_rank_id,ranking_from,ranking_to,odds_group_id,reward_type_1,reward_id_1,reward_num_1,reward_type_2,reward_id_2,reward_num_2,reward_type_3,reward_id_3,reward_num_3,reward_type_4,reward_id_4,reward_num_4,reward_type_5,reward_id_5,reward_num_5) VALUES(113,113,1003209,1,1,3100104,2,90006,10,2,20003,4,0,0,0,0,0,0,0,0,0);
INSERT INTO clan_battle_boss_damage_rank(rowid,id,damage_rank_id,ranking_from,ranking_to,odds_group_id,reward_type_1,reward_id_1,reward_num_1,reward_type_2,reward_id_2,reward_num_2,reward_type_3,reward_id_3,reward_num_3,reward_type_4,reward_id_4,reward_num_4,reward_type_5,reward_id_5,reward_num_5) VALUES(114,114,1003209,2,3,3100103,2,90006,8,2,20003,3,0,0,0,0,0,0,0,0,0);
INSERT INTO clan_battle_boss_damage_rank(rowid,id,damage_rank_id,ranking_from,ranking_to,odds_group_id,reward_type_1,reward_id_1,reward_num_1,reward_type_2,reward_id_2,reward_num_2,reward_type_3,reward_id_3,reward_num_3,reward_type_4,reward_id_4,reward_num_4,reward_type_5,reward_id_5,reward_num_5) VALUES(115,115,1003209,4,10,3100102,2,90006,6,2,20003,2,0,0,0,0,0,0,0,0,0);
INSERT INTO clan_battle_boss_damage_rank(rowid,id,damage_rank_id,ranking_from,ranking_to,odds_group_id,reward_type_1,reward_id_1,reward_num_1,reward_type_2,reward_id_2,reward_num_2,reward_type_3,reward_id_3,reward_num_3,reward_type_4,reward_id_4,reward_num_4,reward_type_5,reward_id_5,reward_num_5) VALUES(116,116,1003209,11,30,3100101,2,90006,4,2,20003,1,0,0,0,0,0,0,0,0,0);
INSERT INTO clan_battle_boss_damage_rank(rowid,id,damage_rank_id,ranking_from,ranking_to,odds_group_id,reward_type_1,reward_id_1,reward_num_1,reward_type_2,reward_id_2,reward_num_2,reward_type_3,reward_id_3,reward_num_3,reward_type_4,reward_id_4,reward_num_4,reward_type_5,reward_id_5,reward_num_5) VALUES(117,117,1003210,1,1,3100104,2,90006,10,2,20003,4,0,0,0,0,0,0,0,0,0);
INSERT INTO clan_battle_boss_damage_rank(rowid,id,damage_rank_id,ranking_from,ranking_to,odds_group_id,reward_type_1,reward_id_1,reward_num_1,reward_type_2,reward_id_2,reward_num_2,reward_type_3,reward_id_3,reward_num_3,reward_type_4,reward_id_4,reward_num_4,reward_type_5,reward_id_5,reward_num_5) VALUES(118,118,1003210,2,3,3100103,2,90006,8,2,20003,3,0,0,0,0,0,0,0,0,0);
INSERT INTO clan_battle_boss_damage_rank(rowid,id,damage_rank_id,ranking_from,ranking_to,odds_group_id,reward_type_1,reward_id_1,reward_num_1,reward_type_2,reward_id_2,reward_num_2,reward_type_3,reward_id_3,reward_num_3,reward_type_4,reward_id_4,reward_num_4,reward_type_5,reward_id_5,reward_num_5) VALUES(119,119,1003210,4,10,3100102,2,90006,6,2,20003,2,0,0,0,0,0,0,0,0,0);
INSERT INTO clan_battle_boss_damage_rank(rowid,id,damage_rank_id,ranking_from,ranking_to,odds_group_id,reward_type_1,reward_id_1,reward_num_1,reward_type_2,reward_id_2,reward_num_2,reward_type_3,reward_id_3,reward_num_3,reward_type_4,reward_id_4,reward_num_4,reward_type_5,reward_id_5,reward_num_5) VALUES(120,120,1003210,11,30,3100101,2,90006,4,2,20003,1,0,0,0,0,0,0,0,0,0);
INSERT INTO clan_battle_boss_data(boss_id,clan_battle_id,difficulty,order_num,boss_thumb_id) VALUES(10030101,1003,1,1,1);
INSERT INTO clan_battle_boss_data(boss_id,clan_battle_id,difficulty,order_num,boss_thumb_id) VALUES(10030102,1003,1,2,2);
INSERT INTO clan_battle_boss_data(boss_id,clan_battle_id,difficulty,order_num,boss_thumb_id) VALUES(10030103,1003,1,3,3);
INSERT INTO clan_battle_boss_data(boss_id,clan_battle_id,difficulty,order_num,boss_thumb_id) VALUES(10030104,1003,1,4,4);
INSERT INTO clan_battle_boss_data(boss_id,clan_battle_id,difficulty,order_num,boss_thumb_id) VALUES(10030105,1003,1,5,5);
INSERT INTO clan_battle_boss_fix_reward(fix_reward_id,reward_type_1,reward_id_1,reward_num_1,reward_type_2,reward_id_2,reward_num_2,reward_type_3,reward_id_3,reward_num_3,reward_type_4,reward_id_4,reward_num_4,reward_type_5,reward_id_5,reward_num_5) VALUES(1003101,8,91002,40,2,90006,40,2,22002,1,0,0,0,0,0,0);
INSERT INTO clan_battle_boss_fix_reward(fix_reward_id,reward_type_1,reward_id_1,reward_num_1,reward_type_2,reward_id_2,reward_num_2,reward_type_3,reward_id_3,reward_num_3,reward_type_4,reward_id_4,reward_num_4,reward_type_5,reward_id_5,reward_num_5) VALUES(1003102,8,91002,60,2,90006,50,2,22002,2,0,0,0,0,0,0);
INSERT INTO clan_battle_boss_fix_reward(fix_reward_id,reward_type_1,reward_id_1,reward_num_1,reward_type_2,reward_id_2,reward_num_2,reward_type_3,reward_id_3,reward_num_3,reward_type_4,reward_id_4,reward_num_4,reward_type_5,reward_id_5,reward_num_5) VALUES(1003103,8,91002,80,2,90006,60,2,22002,3,0,0,0,0,0,0);
INSERT INTO clan_battle_boss_fix_reward(fix_reward_id,reward_type_1,reward_id_1,reward_num_1,reward_type_2,reward_id_2,reward_num_2,reward_type_3,reward_id_3,reward_num_3,reward_type_4,reward_id_4,reward_num_4,reward_type_5,reward_id_5,reward_num_5) VALUES(1003104,8,91002,100,2,90006,80,2,22002,4,0,0,0,0,0,0);
INSERT INTO clan_battle_boss_fix_reward(fix_reward_id,reward_type_1,reward_id_1,reward_num_1,reward_type_2,reward_id_2,reward_num_2,reward_type_3,reward_id_3,reward_num_3,reward_type_4,reward_id_4,reward_num_4,reward_type_5,reward_id_5,reward_num_5) VALUES(1003105,8,91002,200,2,90006,150,2,22003,2,0,0,0,0,0,0);
INSERT INTO clan_battle_boss_fix_reward(fix_reward_id,reward_type_1,reward_id_1,reward_num_1,reward_type_2,reward_id_2,reward_num_2,reward_type_3,reward_id_3,reward_num_3,reward_type_4,reward_id_4,reward_num_4,reward_type_5,reward_id_5,reward_num_5) VALUES(1003106,2,90006,40,2,22002,1,0,0,0,0,0,0,0,0,0);
INSERT INTO clan_battle_boss_fix_reward(fix_reward_id,reward_type_1,reward_id_1,reward_num_1,reward_type_2,reward_id_2,reward_num_2,reward_type_3,reward_id_3,reward_num_3,reward_type_4,reward_id_4,reward_num_4,reward_type_5,reward_id_5,reward_num_5) VALUES(1003107,2,90006,40,2,22002,1,0,0,0,0,0,0,0,0,0);
INSERT INTO clan_battle_boss_fix_reward(fix_reward_id,reward_type_1,reward_id_1,reward_num_1,reward_type_2,reward_id_2,reward_num_2,reward_type_3,reward_id_3,reward_num_3,reward_type_4,reward_id_4,reward_num_4,reward_type_5,reward_id_5,reward_num_5) VALUES(1003108,2,90006,40,2,22002,1,0,0,0,0,0,0,0,0,0);
INSERT INTO clan_battle_boss_fix_reward(fix_reward_id,reward_type_1,reward_id_1,reward_num_1,reward_type_2,reward_id_2,reward_num_2,reward_type_3,reward_id_3,reward_num_3,reward_type_4,reward_id_4,reward_num_4,reward_type_5,reward_id_5,reward_num_5) VALUES(1003109,2,90006,40,2,22002,1,0,0,0,0,0,0,0,0,0);
INSERT INTO clan_battle_boss_fix_reward(fix_reward_id,reward_type_1,reward_id_1,reward_num_1,reward_type_2,reward_id_2,reward_num_2,reward_type_3,reward_id_3,reward_num_3,reward_type_4,reward_id_4,reward_num_4,reward_type_5,reward_id_5,reward_num_5) VALUES(1003110,2,90006,40,2,22003,1,0,0,0,0,0,0,0,0,0);
INSERT INTO clan_battle_boss_group(rowid,clan_battle_boss_group_id,order_num,position_x,position_y,limit_time,scale_ratio,map_position_x,map_position_y,cursor_position,result_boss_position_y,chest_id,fix_reward_id,damage_rank_id,quest_detail_bg_id,quest_detail_bg_position,quest_detail_monster_size,quest_detail_monster_height,battle_report_monster_size,battle_report_monster_height,background,wave_group_id,reward_gold_coefficient,limited_mana,wave_bgm) VALUES(21,1003001,1,-470,-155,90,0.6,0,10,210,250,40004,1003101,1003201,101041,-30,0.8,0,0.7,-30,101041,401030011,0.03,100000,'bgm_M64');
INSERT INTO clan_battle_boss_group(rowid,clan_battle_boss_group_id,order_num,position_x,position_y,limit_time,scale_ratio,map_position_x,map_position_y,cursor_position,result_boss_position_y,chest_id,fix_reward_id,damage_rank_id,quest_detail_bg_id,quest_detail_bg_position,quest_detail_monster_size,quest_detail_monster_height,battle_report_monster_size,battle_report_monster_height,background,wave_group_id,reward_gold_coefficient,limited_mana,wave_bgm) VALUES(22,1003001,2,-210,-95,90,0.75,0,10,200,250,40004,1003102,1003202,101041,-30,1.2,0,1.0,0,101041,401030021,0.03,100000,'bgm_M64');
INSERT INTO clan_battle_boss_group(rowid,clan_battle_boss_group_id,order_num,position_x,position_y,limit_time,scale_ratio,map_position_x,map_position_y,cursor_position,result_boss_position_y,chest_id,fix_reward_id,damage_rank_id,quest_detail_bg_id,quest_detail_bg_position,quest_detail_monster_size,quest_detail_monster_height,battle_report_monster_size,battle_report_monster_height,background,wave_group_id,reward_gold_coefficient,limited_mana,wave_bgm) VALUES(23,1003001,3,50,-120,90,0.75,0,0,200,100,40004,1003103,1003203,101041,-30,1.1,-50,1.0,-10,101041,401030031,0.03,100000,'bgm_M64');
INSERT INTO clan_battle_boss_group(rowid,clan_battle_boss_group_id,order_num,position_x,position_y,limit_time,scale_ratio,map_position_x,map_position_y,cursor_position,result_boss_position_y,chest_id,fix_reward_id,damage_rank_id,quest_detail_bg_id,quest_detail_bg_position,quest_detail_monster_size,quest_detail_monster_height,battle_report_monster_size,battle_report_monster_height,background,wave_group_id,reward_gold_coefficient,limited_mana,wave_bgm) VALUES(24,1003001,4,195,35,90,0.8,0,0,200,100,40004,1003104,1003204,101041,-30,1.5,-30,1.2,0,101041,401030041,0.03,100000,'bgm_M64');
INSERT INTO clan_battle_boss_group(rowid,clan_battle_boss_group_id,order_num,position_x,position_y,limit_time,scale_ratio,map_position_x,map_position_y,cursor_position,result_boss_position_y,chest_id,fix_reward_id,damage_rank_id,quest_detail_bg_id,quest_detail_bg_position,quest_detail_monster_size,quest_detail_monster_height,battle_report_monster_size,battle_report_monster_height,background,wave_group_id,reward_gold_coefficient,limited_mana,wave_bgm) VALUES(25,1003001,5,450,-55,90,1.1,0,0,210,150,40004,1003105,1003205,101042,-30,1.8,-50,1.35,0,101042,401030051,0.03,100000,'bgm_M55');
INSERT INTO clan_battle_boss_group(rowid,clan_battle_boss_group_id,order_num,position_x,position_y,limit_time,scale_ratio,map_position_x,map_position_y,cursor_position,result_boss_position_y,chest_id,fix_reward_id,damage_rank_id,quest_detail_bg_id,quest_detail_bg_position,quest_detail_monster_size,quest_detail_monster_height,battle_report_monster_size,battle_report_monster_height,background,wave_group_id,reward_gold_coefficient,limited_mana,wave_bgm) VALUES(26,1003002,1,-470,-155,90,0.6,0,10,210,250,40004,1003106,1003206,101041,-30,0.8,0,0.7,-30,101041,401030061,0.06,100000,'bgm_M64');
INSERT INTO clan_battle_boss_group(rowid,clan_battle_boss_group_id,order_num,position_x,position_y,limit_time,scale_ratio,map_position_x,map_position_y,cursor_position,result_boss_position_y,chest_id,fix_reward_id,damage_rank_id,quest_detail_bg_id,quest_detail_bg_position,quest_detail_monster_size,quest_detail_monster_height,battle_report_monster_size,battle_report_monster_height,background,wave_group_id,reward_gold_coefficient,limited_mana,wave_bgm) VALUES(27,1003002,2,-210,-95,90,0.75,0,10,200,250,40004,1003107,1003207,101041,-30,1.2,0,1.0,0,101041,401030071,0.06,100000,'bgm_M64');
INSERT INTO clan_battle_boss_group(rowid,clan_battle_boss_group_id,order_num,position_x,position_y,limit_time,scale_ratio,map_position_x,map_position_y,cursor_position,result_boss_position_y,chest_id,fix_reward_id,damage_rank_id,quest_detail_bg_id,quest_detail_bg_position,quest_detail_monster_size,quest_detail_monster_height,battle_report_monster_size,battle_report_monster_height,background,wave_group_id,reward_gold_coefficient,limited_mana,wave_bgm) VALUES(28,1003002,3,50,-120,90,0.75,0,0,200,100,40004,1003108,1003208,101041,-30,1.1,-50,1.2,-10,101041,401030081,0.06,100000,'bgm_M64');
INSERT INTO clan_battle_boss_group(rowid,clan_battle_boss_group_id,order_num,position_x,position_y,limit_time,scale_ratio,map_position_x,map_position_y,cursor_position,result_boss_position_y,chest_id,fix_reward_id,damage_rank_id,quest_detail_bg_id,quest_detail_bg_position,quest_detail_monster_size,quest_detail_monster_height,battle_report_monster_size,battle_report_monster_height,background,wave_group_id,reward_gold_coefficient,limited_mana,wave_bgm) VALUES(29,1003002,4,195,35,90,0.8,0,0,200,100,40004,1003109,1003209,101041,-30,1.5,-30,1.2,0,101041,401030091,0.06,100000,'bgm_M64');
INSERT INTO clan_battle_boss_group(rowid,clan_battle_boss_group_id,order_num,position_x,position_y,limit_time,scale_ratio,map_position_x,map_position_y,cursor_position,result_boss_position_y,chest_id,fix_reward_id,damage_rank_id,quest_detail_bg_id,quest_detail_bg_position,quest_detail_monster_size,quest_detail_monster_height,battle_report_monster_size,battle_report_monster_height,background,wave_group_id,reward_gold_coefficient,limited_mana,wave_bgm) VALUES(30,1003002,5,450,-55,90,1.1,0,0,210,150,40004,1003110,1003210,101042,-30,1.8,-50,1.35,0,101042,401030101,0.06,100000,'bgm_M55');
INSERT INTO clan_battle_map_data(id,clan_battle_id,map_bg,difficulty,lap_num_from,lap_num_to,clan_battle_boss_group_id) VALUES(5,1003,710031,1,1,1,1003001);
INSERT INTO clan_battle_map_data(id,clan_battle_id,map_bg,difficulty,lap_num_from,lap_num_to,clan_battle_boss_group_id) VALUES(6,1003,710031,1,2,-1,1003002);
INSERT INTO clan_battle_period(rowid,clan_battle_id,period,period_detail,period_detail_bg,period_detail_bg_position,period_detail_boss_position_x,period_detail_boss_position_y,start_time,end_time,interval_start,interval_end,calc_start,result_start,result_end) VALUES(3,1003,1,'クランメンバーと協力して\n強力なモンスターを討伐しよう！',101042,0,0,0,'2018/05/22 5:00:00','2018/05/31 23:59:59','2018/06/01','2018/06/20 4:59:59','2018/06/01','2018/06/01 17:00:00','2018/06/20 4:59:59');
INSERT INTO clan_battle_period_rank_reward(id,clan_battle_id,period,rank_from,rank_to,ranking_bonus_group,reward_type_1,reward_id_1,reward_num_1,reward_type_2,reward_id_2,reward_num_2,reward_type_3,reward_id_3,reward_num_3,reward_type_4,reward_id_4,reward_num_4,reward_type_5,reward_id_5,reward_num_5) VALUES(20,1003,1,1,20,0,8,91002,5000,2,90006,5000,2,31042,30,0,0,0,0,0,0);
INSERT INTO clan_battle_period_rank_reward(id,clan_battle_id,period,rank_from,rank_to,ranking_bonus_group,reward_type_1,reward_id_1,reward_num_1,reward_type_2,reward_id_2,reward_num_2,reward_type_3,reward_id_3,reward_num_3,reward_type_4,reward_id_4,reward_num_4,reward_type_5,reward_id_5,reward_num_5) VALUES(21,1003,1,21,100,0,8,91002,4500,2,90006,4500,2,31042,25,0,0,0,0,0,0);
INSERT INTO clan_battle_period_rank_reward(id,clan_battle_id,period,rank_from,rank_to,ranking_bonus_group,reward_type_1,reward_id_1,reward_num_1,reward_type_2,reward_id_2,reward_num_2,reward_type_3,reward_id_3,reward_num_3,reward_type_4,reward_id_4,reward_num_4,reward_type_5,reward_id_5,reward_num_5) VALUES(22,1003,1,101,250,0,8,91002,4000,2,90006,4000,2,31042,20,0,0,0,0,0,0);
INSERT INTO clan_battle_period_rank_reward(id,clan_battle_id,period,rank_from,rank_to,ranking_bonus_group,reward_type_1,reward_id_1,reward_num_1,reward_type_2,reward_id_2,reward_num_2,reward_type_3,reward_id_3,reward_num_3,reward_type_4,reward_id_4,reward_num_4,reward_type_5,reward_id_5,reward_num_5) VALUES(23,1003,1,251,500,0,8,91002,3500,2,90006,3500,2,31042,18,0,0,0,0,0,0);
INSERT INTO clan_battle_period_rank_reward(id,clan_battle_id,period,rank_from,rank_to,ranking_bonus_group,reward_type_1,reward_id_1,reward_num_1,reward_type_2,reward_id_2,reward_num_2,reward_type_3,reward_id_3,reward_num_3,reward_type_4,reward_id_4,reward_num_4,reward_type_5,reward_id_5,reward_num_5) VALUES(24,1003,1,501,1000,0,8,91002,3000,2,90006,3000,2,31042,16,0,0,0,0,0,0);
INSERT INTO clan_battle_period_rank_reward(id,clan_battle_id,period,rank_from,rank_to,ranking_bonus_group,reward_type_1,reward_id_1,reward_num_1,reward_type_2,reward_id_2,reward_num_2,reward_type_3,reward_id_3,reward_num_3,reward_type_4,reward_id_4,reward_num_4,reward_type_5,reward_id_5,reward_num_5) VALUES(25,1003,1,1001,2000,0,8,91002,2500,2,90006,2500,2,31042,14,0,0,0,0,0,0);
INSERT INTO clan_battle_period_rank_reward(id,clan_battle_id,period,rank_from,rank_to,ranking_bonus_group,reward_type_1,reward_id_1,reward_num_1,reward_type_2,reward_id_2,reward_num_2,reward_type_3,reward_id_3,reward_num_3,reward_type_4,reward_id_4,reward_num_4,reward_type_5,reward_id_5,reward_num_5) VALUES(26,1003,1,2001,3000,0,8,91002,2000,2,90006,2000,2,31042,12,0,0,0,0,0,0);
INSERT INTO clan_battle_period_rank_reward(id,clan_battle_id,period,rank_from,rank_to,ranking_bonus_group,reward_type_1,reward_id_1,reward_num_1,reward_type_2,reward_id_2,reward_num_2,reward_type_3,reward_id_3,reward_num_3,reward_type_4,reward_id_4,reward_num_4,reward_type_5,reward_id_5,reward_num_5) VALUES(27,1003,1,3001,5000,0,8,91002,1500,2,90006,1500,2,31042,10,0,0,0,0,0,0);
INSERT INTO clan_battle_period_rank_reward(id,clan_battle_id,period,rank_from,rank_to,ranking_bonus_group,reward_type_1,reward_id_1,reward_num_1,reward_type_2,reward_id_2,reward_num_2,reward_type_3,reward_id_3,reward_num_3,reward_type_4,reward_id_4,reward_num_4,reward_type_5,reward_id_5,reward_num_5) VALUES(28,1003,1,5001,10000,0,8,91002,1000,2,90006,1000,2,31042,8,0,0,0,0,0,0);
INSERT INTO clan_battle_period_rank_reward(id,clan_battle_id,period,rank_from,rank_to,ranking_bonus_group,reward_type_1,reward_id_1,reward_num_1,reward_type_2,reward_id_2,reward_num_2,reward_type_3,reward_id_3,reward_num_3,reward_type_4,reward_id_4,reward_num_4,reward_type_5,reward_id_5,reward_num_5) VALUES(29,1003,1,10001,-1,0,8,91002,500,2,90006,500,2,31042,5,0,0,0,0,0,0);
UPDATE clan_battle_schedule SET map_bgm='bgm_M104', start_time='2018/05/22 5:00:00', end_time='2018/06/20 4:59:59' WHERE clan_battle_id=1003;
INSERT INTO clan_battle_schedule(clan_battle_id,release_month,last_clan_battle_id,point_per_stamina,cost_group_id,map_bgm,resource_id,start_time,end_time) VALUES(1005,7,1004,1,1,'bgm_M46',1,'2030/01/01','2030/12/01');
UPDATE clan_invite_level_group SET team_level_to=95 WHERE level_group_id=17;
UPDATE clan_invite_level_group SET team_level_from=96 WHERE level_group_id=18;
UPDATE daily_mission_data SET start_time='2018/05/22 5:00:00', end_time='2018/06/01 4:59:59' WHERE daily_mission_id=15004001;
UPDATE enemy_parameter SET level=51, union_burst_level=51 WHERE enemy_id=101080701;
UPDATE enemy_parameter SET level=51, union_burst_level=51 WHERE enemy_id=101080702;
UPDATE enemy_parameter SET level=51, union_burst_level=51 WHERE enemy_id=101080703;
UPDATE enemy_parameter SET level=51, union_burst_level=51 WHERE enemy_id=101080704;
UPDATE enemy_parameter SET level=51, magic_str=1207, union_burst_level=51 WHERE enemy_id=101080705;
UPDATE enemy_parameter SET level=51, union_burst_level=51 WHERE enemy_id=101080706;
UPDATE enemy_parameter SET level=52, union_burst_level=52 WHERE enemy_id=101080901;
UPDATE enemy_parameter SET level=52, union_burst_level=52 WHERE enemy_id=101080902;
UPDATE enemy_parameter SET level=52, atk=1289, union_burst_level=52 WHERE enemy_id=101080903;
UPDATE enemy_parameter SET level=52, hp=18787, atk=1450, union_burst_level=52 WHERE enemy_id=101080904;
UPDATE enemy_parameter SET level=52, union_burst_level=52 WHERE enemy_id=101080905;
UPDATE enemy_parameter SET level=52, atk=1749, union_burst_level=52 WHERE enemy_id=101080906;
UPDATE enemy_parameter SET level=52, union_burst_level=52 WHERE enemy_id=101080907;
UPDATE enemy_parameter SET level=52, union_burst_level=52 WHERE enemy_id=101080908;
UPDATE enemy_parameter SET level=52, union_burst_level=52 WHERE enemy_id=101080909;
UPDATE enemy_parameter SET level=53, union_burst_level=53 WHERE enemy_id=101081001;
UPDATE enemy_parameter SET level=53, union_burst_level=53 WHERE enemy_id=101081002;
UPDATE enemy_parameter SET level=53, atk=1745, union_burst_level=53 WHERE enemy_id=101081003;
UPDATE enemy_parameter SET level=53, union_burst_level=53 WHERE enemy_id=101081004;
UPDATE enemy_parameter SET level=53, hp=18744, magic_str=1237, union_burst_level=53 WHERE enemy_id=101081005;
UPDATE enemy_parameter SET level=53, magic_str=1225, union_burst_level=53 WHERE enemy_id=101081006;
UPDATE enemy_parameter SET level=53, union_burst_level=53 WHERE enemy_id=101081101;
UPDATE enemy_parameter SET level=53, magic_str=1273, union_burst_level=53 WHERE enemy_id=101081102;
UPDATE enemy_parameter SET level=53, union_burst_level=53 WHERE enemy_id=101081103;
UPDATE enemy_parameter SET level=53, union_burst_level=53 WHERE enemy_id=101081104;
UPDATE enemy_parameter SET level=53, union_burst_level=53 WHERE enemy_id=101081105;
UPDATE enemy_parameter SET level=53, union_burst_level=53 WHERE enemy_id=101081106;
UPDATE enemy_parameter SET level=54, hp=16507, magic_str=1224, union_burst_level=54 WHERE enemy_id=101081201;
UPDATE enemy_parameter SET level=54, union_burst_level=54 WHERE enemy_id=101081202;
UPDATE enemy_parameter SET level=54, union_burst_level=54 WHERE enemy_id=101081203;
UPDATE enemy_parameter SET level=54, magic_str=1337, union_burst_level=54 WHERE enemy_id=101081204;
UPDATE enemy_parameter SET level=54, union_burst_level=54 WHERE enemy_id=101081205;
UPDATE enemy_parameter SET level=54, atk=1892, union_burst_level=54 WHERE enemy_id=101081206;
UPDATE enemy_parameter SET level=54, atk=1656, union_burst_level=54 WHERE enemy_id=101081207;
UPDATE enemy_parameter SET level=54, union_burst_level=54 WHERE enemy_id=101081301;
UPDATE enemy_parameter SET level=54, hp=29525, atk=2089, union_burst_level=54 WHERE enemy_id=101081302;
UPDATE enemy_parameter SET level=54, magic_str=1192, union_burst_level=54 WHERE enemy_id=101081303;
UPDATE enemy_parameter SET level=54, hp=17005, atk=1520, union_burst_level=54 WHERE enemy_id=101081304;
UPDATE enemy_parameter SET level=54, hp=29336, atk=2095, union_burst_level=54 WHERE enemy_id=101081305;
UPDATE enemy_parameter SET level=54, union_burst_level=54 WHERE enemy_id=101081306;
UPDATE enemy_parameter SET level=54, hp=17461, magic_str=1378, union_burst_level=54 WHERE enemy_id=101081307;
UPDATE enemy_parameter SET level=55, hp=22544, magic_str=1589, union_burst_level=55 WHERE enemy_id=101081401;
UPDATE enemy_parameter SET level=55, hp=25929, union_burst_level=55 WHERE enemy_id=101081402;
UPDATE enemy_parameter SET level=55, magic_str=1455, union_burst_level=55 WHERE enemy_id=101081403;
UPDATE enemy_parameter SET level=55, union_burst_level=55 WHERE enemy_id=101081404;
UPDATE enemy_parameter SET level=55, hp=30093, union_burst_level=55 WHERE enemy_id=101081405;
UPDATE enemy_parameter SET level=55, union_burst_level=55 WHERE enemy_id=101081406;
UPDATE enemy_parameter SET level=55, hp=20689, magic_str=1529, union_burst_level=55 WHERE enemy_id=101081407;
UPDATE enemy_parameter SET level=55, union_burst_level=55 WHERE enemy_id=101081408;
UPDATE enemy_parameter SET level=56, union_burst_level=56 WHERE enemy_id=101081501;
UPDATE enemy_parameter SET level=56, union_burst_level=56 WHERE enemy_id=101081502;
UPDATE enemy_parameter SET level=56, union_burst_level=56 WHERE enemy_id=101081503;
UPDATE enemy_parameter SET level=56, union_burst_level=56 WHERE enemy_id=101081504;
UPDATE enemy_parameter SET level=56, union_burst_level=56 WHERE enemy_id=101081505;
UPDATE enemy_parameter SET level=56, union_burst_level=56 WHERE enemy_id=101081506;
UPDATE enemy_parameter SET level=56, union_burst_level=56 WHERE enemy_id=101081507;
UPDATE enemy_parameter SET level=56, hp=112284, def=127, magic_def=111, union_burst_level=56 WHERE enemy_id=101081508;
UPDATE enemy_parameter SET level=52, union_burst_level=52 WHERE enemy_id=101090101;
UPDATE enemy_parameter SET level=52, union_burst_level=52 WHERE enemy_id=101090102;
UPDATE enemy_parameter SET level=52, union_burst_level=52 WHERE enemy_id=101090103;
UPDATE enemy_parameter SET level=52, union_burst_level=52 WHERE enemy_id=101090104;
UPDATE enemy_parameter SET level=52, union_burst_level=52 WHERE enemy_id=101090105;
UPDATE enemy_parameter SET level=52, union_burst_level=52 WHERE enemy_id=101090106;
UPDATE enemy_parameter SET level=53, union_burst_level=53 WHERE enemy_id=101090201;
UPDATE enemy_parameter SET level=53, union_burst_level=53 WHERE enemy_id=101090202;
UPDATE enemy_parameter SET level=53, union_burst_level=53 WHERE enemy_id=101090203;
UPDATE enemy_parameter SET level=53, union_burst_level=53 WHERE enemy_id=101090204;
UPDATE enemy_parameter SET level=53, union_burst_level=53 WHERE enemy_id=101090205;
UPDATE enemy_parameter SET level=54, hp=29264, union_burst_level=54 WHERE enemy_id=101090301;
UPDATE enemy_parameter SET level=54, union_burst_level=54 WHERE enemy_id=101090302;
UPDATE enemy_parameter SET level=54, union_burst_level=54 WHERE enemy_id=101090303;
UPDATE enemy_parameter SET level=54, hp=20744, atk=1710, union_burst_level=54 WHERE enemy_id=101090304;
UPDATE enemy_parameter SET level=54, hp=20344, atk=1729, def=69, magic_def=68, union_burst_level=54 WHERE enemy_id=101090305;
UPDATE enemy_parameter SET level=54, magic_str=1522, union_burst_level=54 WHERE enemy_id=101090306;
UPDATE enemy_parameter SET level=54, union_burst_level=54 WHERE enemy_id=101090307;
UPDATE enemy_parameter SET level=54, hp=27292, union_burst_level=54 WHERE enemy_id=101090401;
UPDATE enemy_parameter SET level=54, magic_str=1904, union_burst_level=54 WHERE enemy_id=101090402;
UPDATE enemy_parameter SET level=54, atk=1901, union_burst_level=54 WHERE enemy_id=101090403;
UPDATE enemy_parameter SET level=54, union_burst_level=54 WHERE enemy_id=101090404;
UPDATE enemy_parameter SET level=54, hp=21694, atk=1755, union_burst_level=54 WHERE enemy_id=101090405;
UPDATE enemy_parameter SET level=54, union_burst_level=54 WHERE enemy_id=101090406;
UPDATE enemy_parameter SET level=54, union_burst_level=54 WHERE enemy_id=101090407;
UPDATE enemy_parameter SET level=55, atk=2479, union_burst_level=55 WHERE enemy_id=101090501;
UPDATE enemy_parameter SET level=55, magic_str=1818, union_burst_level=55 WHERE enemy_id=101090502;
UPDATE enemy_parameter SET level=55, hp=25650, atk=1621, union_burst_level=55 WHERE enemy_id=101090503;
UPDATE enemy_parameter SET level=55, hp=24164, atk=1688, union_burst_level=55 WHERE enemy_id=101090504;
UPDATE enemy_parameter SET level=55, union_burst_level=55 WHERE enemy_id=101090505;
UPDATE enemy_parameter SET level=55, atk=2395, union_burst_level=55 WHERE enemy_id=101090506;
UPDATE enemy_parameter SET level=55, hp=25859, atk=2224, union_burst_level=55 WHERE enemy_id=101090601;
UPDATE enemy_parameter SET level=55, magic_str=1624, union_burst_level=55 WHERE enemy_id=101090602;
UPDATE enemy_parameter SET level=55, union_burst_level=55 WHERE enemy_id=101090603;
UPDATE enemy_parameter SET level=55, magic_str=1816, union_burst_level=55 WHERE enemy_id=101090604;
UPDATE enemy_parameter SET level=55, magic_str=1782, union_burst_level=55 WHERE enemy_id=101090605;
UPDATE enemy_parameter SET level=56, union_burst_level=56 WHERE enemy_id=101090701;
UPDATE enemy_parameter SET level=56, magic_str=1625, union_burst_level=56 WHERE enemy_id=101090702;
UPDATE enemy_parameter SET level=56, union_burst_level=56 WHERE enemy_id=101090703;
UPDATE enemy_parameter SET level=56, hp=22410, union_burst_level=56 WHERE enemy_id=101090704;
UPDATE enemy_parameter SET level=56, hp=21694, atk=1755, union_burst_level=56 WHERE enemy_id=101090705;
UPDATE enemy_parameter SET level=56, hp=17564, atk=2337, union_burst_level=56 WHERE enemy_id=101090801;
UPDATE enemy_parameter SET level=56, hp=31395, union_burst_level=56 WHERE enemy_id=101090802;
UPDATE enemy_parameter SET level=56, atk=2167, union_burst_level=56 WHERE enemy_id=101090803;
UPDATE enemy_parameter SET level=56, union_burst_level=56 WHERE enemy_id=101090804;
UPDATE enemy_parameter SET level=56, magic_str=1890, union_burst_level=56 WHERE enemy_id=101090805;
UPDATE enemy_parameter SET level=57, atk=2395, union_burst_level=57 WHERE enemy_id=101090901;
UPDATE enemy_parameter SET level=57, magic_str=2038, union_burst_level=57 WHERE enemy_id=101090902;
UPDATE enemy_parameter SET level=57, union_burst_level=57 WHERE enemy_id=101090903;
UPDATE enemy_parameter SET level=57, union_burst_level=57 WHERE enemy_id=101090904;
UPDATE enemy_parameter SET level=57, hp=40155, union_burst_level=57 WHERE enemy_id=101090905;
UPDATE enemy_parameter SET level=57, union_burst_level=57 WHERE enemy_id=101090906;
UPDATE enemy_parameter SET level=57, union_burst_level=57 WHERE enemy_id=101091001;
UPDATE enemy_parameter SET level=57, magic_str=2002, union_burst_level=57 WHERE enemy_id=101091002;
UPDATE enemy_parameter SET level=57, hp=25988, magic_str=1802, union_burst_level=57 WHERE enemy_id=101091003;
UPDATE enemy_parameter SET level=57, union_burst_level=57 WHERE enemy_id=101091004;
UPDATE enemy_parameter SET level=57, union_burst_level=57 WHERE enemy_id=101091005;
UPDATE enemy_parameter SET level=57, union_burst_level=57 WHERE enemy_id=101091006;
UPDATE enemy_parameter SET level=58, union_burst_level=58 WHERE enemy_id=101091101;
UPDATE enemy_parameter SET level=58, union_burst_level=58 WHERE enemy_id=101091102;
UPDATE enemy_parameter SET level=58, union_burst_level=58 WHERE enemy_id=101091103;
UPDATE enemy_parameter SET level=58, union_burst_level=58 WHERE enemy_id=101091104;
UPDATE enemy_parameter SET level=58, union_burst_level=58 WHERE enemy_id=101091105;
UPDATE enemy_parameter SET level=58, union_burst_level=58 WHERE enemy_id=101091106;
UPDATE enemy_parameter SET level=58, union_burst_level=58 WHERE enemy_id=101091107;
UPDATE enemy_parameter SET level=58, hp=34679, union_burst_level=58 WHERE enemy_id=101091201;
UPDATE enemy_parameter SET level=58, union_burst_level=58 WHERE enemy_id=101091202;
UPDATE enemy_parameter SET level=58, magic_str=2053, union_burst_level=58 WHERE enemy_id=101091203;
UPDATE enemy_parameter SET level=58, union_burst_level=58 WHERE enemy_id=101091204;
UPDATE enemy_parameter SET level=58, union_burst_level=58 WHERE enemy_id=101091205;
UPDATE enemy_parameter SET level=58, hp=30803, magic_str=1983, union_burst_level=58 WHERE enemy_id=101091206;
UPDATE enemy_parameter SET level=59, union_burst_level=59 WHERE enemy_id=101091301;
UPDATE enemy_parameter SET level=59, union_burst_level=59 WHERE enemy_id=101091302;
UPDATE enemy_parameter SET level=59, union_burst_level=59 WHERE enemy_id=101091303;
UPDATE enemy_parameter SET level=59, union_burst_level=59 WHERE enemy_id=101091304;
UPDATE enemy_parameter SET level=59, union_burst_level=59 WHERE enemy_id=101091305;
UPDATE enemy_parameter SET level=59, union_burst_level=59 WHERE enemy_id=101091306;
UPDATE enemy_parameter SET level=59, union_burst_level=59 WHERE enemy_id=101091307;
UPDATE enemy_parameter SET level=60, union_burst_level=60 WHERE enemy_id=101091401;
UPDATE enemy_parameter SET level=60, union_burst_level=60 WHERE enemy_id=101091402;
UPDATE enemy_parameter SET level=60, union_burst_level=60 WHERE enemy_id=101091403;
UPDATE enemy_parameter SET level=60, union_burst_level=60 WHERE enemy_id=101091404;
UPDATE enemy_parameter SET level=60, union_burst_level=60 WHERE enemy_id=101091405;
UPDATE enemy_parameter SET level=60, union_burst_level=60 WHERE enemy_id=101091406;
UPDATE enemy_parameter SET level=60, union_burst_level=60 WHERE enemy_id=101091407;
UPDATE enemy_parameter SET level=60, union_burst_level=60 WHERE enemy_id=101091408;
UPDATE enemy_parameter SET level=60, union_burst_level=60 WHERE enemy_id=101091409;
UPDATE enemy_parameter SET level=61, union_burst_level=61 WHERE enemy_id=101091501;
UPDATE enemy_parameter SET level=61, union_burst_level=61 WHERE enemy_id=101091502;
UPDATE enemy_parameter SET level=61, atk=2508, union_burst_level=61 WHERE enemy_id=101091503;
UPDATE enemy_parameter SET level=61, union_burst_level=61 WHERE enemy_id=101091504;
UPDATE enemy_parameter SET level=61, union_burst_level=61 WHERE enemy_id=101091505;
UPDATE enemy_parameter SET level=61, hp=97173, atk=6515, magic_str=3278, union_burst_level=61 WHERE enemy_id=101091506;
UPDATE enemy_parameter SET level=57, union_burst_level=57 WHERE enemy_id=101100101;
UPDATE enemy_parameter SET level=57, union_burst_level=57 WHERE enemy_id=101100102;
UPDATE enemy_parameter SET level=57, union_burst_level=57 WHERE enemy_id=101100103;
UPDATE enemy_parameter SET level=57, union_burst_level=57 WHERE enemy_id=101100104;
UPDATE enemy_parameter SET level=57, union_burst_level=57 WHERE enemy_id=101100105;
UPDATE enemy_parameter SET level=57, union_burst_level=57 WHERE enemy_id=101100106;
UPDATE enemy_parameter SET level=57, atk=1426, union_burst_level=57 WHERE enemy_id=101100107;
UPDATE enemy_parameter SET level=57, union_burst_level=57 WHERE enemy_id=101100108;
UPDATE enemy_parameter SET level=58, union_burst_level=58 WHERE enemy_id=101100201;
UPDATE enemy_parameter SET level=58, union_burst_level=58 WHERE enemy_id=101100202;
UPDATE enemy_parameter SET level=58, union_burst_level=58 WHERE enemy_id=101100203;
UPDATE enemy_parameter SET level=58, union_burst_level=58 WHERE enemy_id=101100204;
UPDATE enemy_parameter SET level=58, union_burst_level=58 WHERE enemy_id=101100205;
UPDATE enemy_parameter SET level=58, union_burst_level=58 WHERE enemy_id=101100206;
UPDATE enemy_parameter SET level=59, union_burst_level=59 WHERE enemy_id=101100301;
UPDATE enemy_parameter SET level=59, union_burst_level=59 WHERE enemy_id=101100302;
UPDATE enemy_parameter SET level=59, union_burst_level=59 WHERE enemy_id=101100303;
UPDATE enemy_parameter SET level=59, magic_str=1986, union_burst_level=59 WHERE enemy_id=101100304;
UPDATE enemy_parameter SET level=59, union_burst_level=59 WHERE enemy_id=101100305;
UPDATE enemy_parameter SET level=59, union_burst_level=59 WHERE enemy_id=101100306;
UPDATE enemy_parameter SET level=59, atk=1887, union_burst_level=59 WHERE enemy_id=101100307;
UPDATE enemy_parameter SET level=60, hp=23301, magic_str=2076, union_burst_level=60 WHERE enemy_id=101100401;
UPDATE enemy_parameter SET level=60, union_burst_level=60 WHERE enemy_id=101100402;
UPDATE enemy_parameter SET level=60, union_burst_level=60 WHERE enemy_id=101100403;
UPDATE enemy_parameter SET level=60, union_burst_level=60 WHERE enemy_id=101100404;
UPDATE enemy_parameter SET level=60, hp=25380, atk=2723, union_burst_level=60 WHERE enemy_id=101100405;
UPDATE enemy_parameter SET level=60, atk=1765, union_burst_level=60 WHERE enemy_id=101100406;
UPDATE enemy_parameter SET level=60, union_burst_level=60 WHERE enemy_id=101100501;
UPDATE enemy_parameter SET level=60, union_burst_level=60 WHERE enemy_id=101100502;
UPDATE enemy_parameter SET level=60, union_burst_level=60 WHERE enemy_id=101100503;
UPDATE enemy_parameter SET level=60, union_burst_level=60 WHERE enemy_id=101100504;
UPDATE enemy_parameter SET level=60, hp=23301, magic_str=2349, union_burst_level=60 WHERE enemy_id=101100505;
UPDATE enemy_parameter SET level=60, union_burst_level=60 WHERE enemy_id=101100506;
UPDATE enemy_parameter SET level=60, union_burst_level=60 WHERE enemy_id=101100507;
UPDATE enemy_parameter SET level=61, union_burst_level=61 WHERE enemy_id=101100601;
UPDATE enemy_parameter SET level=61, magic_str=2303, union_burst_level=61 WHERE enemy_id=101100602;
UPDATE enemy_parameter SET level=61, magic_str=2034, union_burst_level=61 WHERE enemy_id=101100603;
UPDATE enemy_parameter SET level=61, union_burst_level=61 WHERE enemy_id=101100604;
UPDATE enemy_parameter SET level=61, atk=2372, union_burst_level=61 WHERE enemy_id=101100605;
UPDATE enemy_parameter SET level=61, atk=2708, union_burst_level=61 WHERE enemy_id=101100606;
UPDATE enemy_parameter SET level=61, union_burst_level=61 WHERE enemy_id=101100701;
UPDATE enemy_parameter SET level=61, union_burst_level=61 WHERE enemy_id=101100702;
UPDATE enemy_parameter SET level=61, union_burst_level=61 WHERE enemy_id=101100703;
UPDATE enemy_parameter SET level=61, union_burst_level=61 WHERE enemy_id=101100704;
UPDATE enemy_parameter SET level=61, union_burst_level=61 WHERE enemy_id=101100705;
UPDATE enemy_parameter SET level=61, union_burst_level=61 WHERE enemy_id=101100706;
UPDATE enemy_parameter SET level=61, union_burst_level=61 WHERE enemy_id=101100707;
UPDATE enemy_parameter SET level=61, union_burst_level=61 WHERE enemy_id=101100708;
UPDATE enemy_parameter SET level=62, union_burst_level=62 WHERE enemy_id=101100801;
UPDATE enemy_parameter SET level=62, union_burst_level=62 WHERE enemy_id=101100802;
UPDATE enemy_parameter SET level=62, union_burst_level=62 WHERE enemy_id=101100803;
UPDATE enemy_parameter SET level=62, union_burst_level=62 WHERE enemy_id=101100804;
UPDATE enemy_parameter SET level=62, union_burst_level=62 WHERE enemy_id=101100805;
UPDATE enemy_parameter SET level=62, union_burst_level=62 WHERE enemy_id=101100806;
UPDATE enemy_parameter SET level=62, union_burst_level=62 WHERE enemy_id=101100901;
UPDATE enemy_parameter SET level=62, union_burst_level=62 WHERE enemy_id=101100902;
UPDATE enemy_parameter SET level=62, union_burst_level=62 WHERE enemy_id=101100903;
UPDATE enemy_parameter SET level=62, union_burst_level=62 WHERE enemy_id=101100904;
UPDATE enemy_parameter SET level=62, union_burst_level=62 WHERE enemy_id=101100905;
UPDATE enemy_parameter SET level=62, union_burst_level=62 WHERE enemy_id=101100906;
UPDATE enemy_parameter SET level=62, union_burst_level=62 WHERE enemy_id=101100907;
UPDATE enemy_parameter SET level=62, union_burst_level=62 WHERE enemy_id=101100908;
UPDATE enemy_parameter SET level=63, union_burst_level=63 WHERE enemy_id=101101001;
UPDATE enemy_parameter SET level=63, hp=36986, union_burst_level=63 WHERE enemy_id=101101002;
UPDATE enemy_parameter SET level=63, atk=2097, union_burst_level=63 WHERE enemy_id=101101003;
UPDATE enemy_parameter SET level=63, hp=39611, union_burst_level=63 WHERE enemy_id=101101004;
UPDATE enemy_parameter SET level=63, atk=1705, union_burst_level=63 WHERE enemy_id=101101005;
UPDATE enemy_parameter SET level=63, hp=41976, union_burst_level=63 WHERE enemy_id=101101006;
UPDATE enemy_parameter SET level=63, atk=2321, union_burst_level=63 WHERE enemy_id=101101007;
UPDATE enemy_parameter SET level=63, magic_str=2275, union_burst_level=63 WHERE enemy_id=101101008;
UPDATE enemy_parameter SET level=63, union_burst_level=63 WHERE enemy_id=101101009;
UPDATE enemy_parameter SET level=63, union_burst_level=63 WHERE enemy_id=101101101;
UPDATE enemy_parameter SET level=63, union_burst_level=63 WHERE enemy_id=101101102;
UPDATE enemy_parameter SET level=63, union_burst_level=63 WHERE enemy_id=101101103;
UPDATE enemy_parameter SET level=63, union_burst_level=63 WHERE enemy_id=101101104;
UPDATE enemy_parameter SET level=63, union_burst_level=63 WHERE enemy_id=101101105;
UPDATE enemy_parameter SET level=63, union_burst_level=63 WHERE enemy_id=101101106;
UPDATE enemy_parameter SET level=63, union_burst_level=63 WHERE enemy_id=101101107;
UPDATE enemy_parameter SET level=64, union_burst_level=64 WHERE enemy_id=101101201;
UPDATE enemy_parameter SET level=64, union_burst_level=64 WHERE enemy_id=101101202;
UPDATE enemy_parameter SET level=64, union_burst_level=64 WHERE enemy_id=101101203;
UPDATE enemy_parameter SET level=64, union_burst_level=64 WHERE enemy_id=101101204;
UPDATE enemy_parameter SET level=64, union_burst_level=64 WHERE enemy_id=101101205;
UPDATE enemy_parameter SET level=64, union_burst_level=64 WHERE enemy_id=101101206;
UPDATE enemy_parameter SET level=64, union_burst_level=64 WHERE enemy_id=101101207;
UPDATE enemy_parameter SET level=64, union_burst_level=64 WHERE enemy_id=101101208;
UPDATE enemy_parameter SET level=64, union_burst_level=64 WHERE enemy_id=101101301;
UPDATE enemy_parameter SET level=64, union_burst_level=64 WHERE enemy_id=101101302;
UPDATE enemy_parameter SET level=64, union_burst_level=64 WHERE enemy_id=101101303;
UPDATE enemy_parameter SET level=64, union_burst_level=64 WHERE enemy_id=101101304;
UPDATE enemy_parameter SET level=64, union_burst_level=64 WHERE enemy_id=101101305;
UPDATE enemy_parameter SET level=64, union_burst_level=64 WHERE enemy_id=101101306;
UPDATE enemy_parameter SET level=64, union_burst_level=64 WHERE enemy_id=101101307;
UPDATE enemy_parameter SET level=64, union_burst_level=64 WHERE enemy_id=101101308;
UPDATE enemy_parameter SET level=65, union_burst_level=65 WHERE enemy_id=101101401;
UPDATE enemy_parameter SET level=65, union_burst_level=65 WHERE enemy_id=101101402;
UPDATE enemy_parameter SET level=65, union_burst_level=65 WHERE enemy_id=101101403;
UPDATE enemy_parameter SET level=65, union_burst_level=65 WHERE enemy_id=101101404;
UPDATE enemy_parameter SET level=65, union_burst_level=65 WHERE enemy_id=101101405;
UPDATE enemy_parameter SET level=65, union_burst_level=65 WHERE enemy_id=101101406;
UPDATE enemy_parameter SET level=66, union_burst_level=66 WHERE enemy_id=101101501;
UPDATE enemy_parameter SET level=66, union_burst_level=66 WHERE enemy_id=101101502;
UPDATE enemy_parameter SET level=66, union_burst_level=66 WHERE enemy_id=101101503;
UPDATE enemy_parameter SET level=66, union_burst_level=66 WHERE enemy_id=101101504;
UPDATE enemy_parameter SET level=66, union_burst_level=66 WHERE enemy_id=101101505;
UPDATE enemy_parameter SET level=66, union_burst_level=66 WHERE enemy_id=101101506;
UPDATE enemy_parameter SET level=66, union_burst_level=66 WHERE enemy_id=101101507;
UPDATE enemy_parameter SET level=66, union_burst_level=66 WHERE enemy_id=101101508;
UPDATE enemy_parameter SET level=67, magic_str=2165, union_burst_level=67 WHERE enemy_id=101101601;
UPDATE enemy_parameter SET level=67, hp=33444, union_burst_level=67 WHERE enemy_id=101101602;
UPDATE enemy_parameter SET level=67, union_burst_level=67 WHERE enemy_id=101101603;
UPDATE enemy_parameter SET level=67, hp=25200, union_burst_level=67 WHERE enemy_id=101101604;
UPDATE enemy_parameter SET level=67, hp=25087, atk=2121, union_burst_level=67 WHERE enemy_id=101101605;
UPDATE enemy_parameter SET level=67, union_burst_level=67 WHERE enemy_id=101101606;
UPDATE enemy_parameter SET level=68, union_burst_level=68 WHERE enemy_id=101101701;
UPDATE enemy_parameter SET level=68, union_burst_level=68 WHERE enemy_id=101101702;
UPDATE enemy_parameter SET level=68, union_burst_level=68 WHERE enemy_id=101101703;
UPDATE enemy_parameter SET level=68, union_burst_level=68 WHERE enemy_id=101101704;
INSERT INTO enemy_parameter(enemy_id,unit_id,name,level,rarity,promotion_level,hp,atk,magic_str,def,magic_def,physical_critical,magic_critical,wave_hp_recovery,wave_energy_recovery,dodge,physical_penetrate,magic_penetrate,life_steal,hp_recovery_rate,energy_recovery_rate,energy_reduce_rate,union_burst_level,main_skill_lv_1,main_skill_lv_2,main_skill_lv_3,main_skill_lv_4,main_skill_lv_5,main_skill_lv_6,main_skill_lv_7,main_skill_lv_8,main_skill_lv_9,main_skill_lv_10,ex_skill_lv_1,ex_skill_lv_2,ex_skill_lv_3,ex_skill_lv_4,ex_skill_lv_5,resist_status_id) VALUES(401010301,302100,'ワイバーン',60,1,1,6000000,2200,2100,200,200,10,10,20,34,0,0,0,0,0,20,0,34,35,35,35,35,35,35,35,35,35,35,35,35,35,35,35,300000003);
INSERT INTO enemy_parameter(enemy_id,unit_id,name,level,rarity,promotion_level,hp,atk,magic_str,def,magic_def,physical_critical,magic_critical,wave_hp_recovery,wave_energy_recovery,dodge,physical_penetrate,magic_penetrate,life_steal,hp_recovery_rate,energy_recovery_rate,energy_reduce_rate,union_burst_level,main_skill_lv_1,main_skill_lv_2,main_skill_lv_3,main_skill_lv_4,main_skill_lv_5,main_skill_lv_6,main_skill_lv_7,main_skill_lv_8,main_skill_lv_9,main_skill_lv_10,ex_skill_lv_1,ex_skill_lv_2,ex_skill_lv_3,ex_skill_lv_4,ex_skill_lv_5,resist_status_id) VALUES(401010302,302000,'ワイルドグリフォン',65,1,1,8000000,1802,2100,200,200,15,15,20,49,0,0,0,0,0,20,0,49,35,35,35,35,35,35,35,35,35,35,35,35,35,35,35,300000003);
INSERT INTO enemy_parameter(enemy_id,unit_id,name,level,rarity,promotion_level,hp,atk,magic_str,def,magic_def,physical_critical,magic_critical,wave_hp_recovery,wave_energy_recovery,dodge,physical_penetrate,magic_penetrate,life_steal,hp_recovery_rate,energy_recovery_rate,energy_reduce_rate,union_burst_level,main_skill_lv_1,main_skill_lv_2,main_skill_lv_3,main_skill_lv_4,main_skill_lv_5,main_skill_lv_6,main_skill_lv_7,main_skill_lv_8,main_skill_lv_9,main_skill_lv_10,ex_skill_lv_1,ex_skill_lv_2,ex_skill_lv_3,ex_skill_lv_4,ex_skill_lv_5,resist_status_id) VALUES(401010303,300601,'ニードルクリーパー',70,1,1,10000000,2445,1980,200,200,20,20,20,70,0,0,0,0,0,20,0,60,30,40,40,40,40,40,40,40,40,40,40,40,40,40,40,300000003);
INSERT INTO enemy_parameter(enemy_id,unit_id,name,level,rarity,promotion_level,hp,atk,magic_str,def,magic_def,physical_critical,magic_critical,wave_hp_recovery,wave_energy_recovery,dodge,physical_penetrate,magic_penetrate,life_steal,hp_recovery_rate,energy_recovery_rate,energy_reduce_rate,union_burst_level,main_skill_lv_1,main_skill_lv_2,main_skill_lv_3,main_skill_lv_4,main_skill_lv_5,main_skill_lv_6,main_skill_lv_7,main_skill_lv_8,main_skill_lv_9,main_skill_lv_10,ex_skill_lv_1,ex_skill_lv_2,ex_skill_lv_3,ex_skill_lv_4,ex_skill_lv_5,resist_status_id) VALUES(401010304,303900,'サイクロプス',75,1,1,12000000,2440,1815,150,150,25,25,35,70,0,0,0,0,0,30,0,75,60,50,50,50,50,50,50,50,50,50,50,50,50,50,50,300000003);
INSERT INTO enemy_parameter(enemy_id,unit_id,name,level,rarity,promotion_level,hp,atk,magic_str,def,magic_def,physical_critical,magic_critical,wave_hp_recovery,wave_energy_recovery,dodge,physical_penetrate,magic_penetrate,life_steal,hp_recovery_rate,energy_recovery_rate,energy_reduce_rate,union_burst_level,main_skill_lv_1,main_skill_lv_2,main_skill_lv_3,main_skill_lv_4,main_skill_lv_5,main_skill_lv_6,main_skill_lv_7,main_skill_lv_8,main_skill_lv_9,main_skill_lv_10,ex_skill_lv_1,ex_skill_lv_2,ex_skill_lv_3,ex_skill_lv_4,ex_skill_lv_5,resist_status_id) VALUES(401010305,302600,'ツインピッグス',80,1,1,20000000,2300,1500,200,200,25,30,30,80,0,0,0,0,0,30,0,80,80,25,40,60,60,60,60,60,60,60,60,60,60,60,60,300000003);
INSERT INTO enemy_parameter(enemy_id,unit_id,name,level,rarity,promotion_level,hp,atk,magic_str,def,magic_def,physical_critical,magic_critical,wave_hp_recovery,wave_energy_recovery,dodge,physical_penetrate,magic_penetrate,life_steal,hp_recovery_rate,energy_recovery_rate,energy_reduce_rate,union_burst_level,main_skill_lv_1,main_skill_lv_2,main_skill_lv_3,main_skill_lv_4,main_skill_lv_5,main_skill_lv_6,main_skill_lv_7,main_skill_lv_8,main_skill_lv_9,main_skill_lv_10,ex_skill_lv_1,ex_skill_lv_2,ex_skill_lv_3,ex_skill_lv_4,ex_skill_lv_5,resist_status_id) VALUES(401011301,302101,'ワイバーン',80,1,1,6000000,3950,3200,250,200,10,10,20,34,0,0,0,0,0,20,0,34,35,35,35,35,35,35,35,35,35,35,35,35,35,35,35,300000003);
INSERT INTO enemy_parameter(enemy_id,unit_id,name,level,rarity,promotion_level,hp,atk,magic_str,def,magic_def,physical_critical,magic_critical,wave_hp_recovery,wave_energy_recovery,dodge,physical_penetrate,magic_penetrate,life_steal,hp_recovery_rate,energy_recovery_rate,energy_reduce_rate,union_burst_level,main_skill_lv_1,main_skill_lv_2,main_skill_lv_3,main_skill_lv_4,main_skill_lv_5,main_skill_lv_6,main_skill_lv_7,main_skill_lv_8,main_skill_lv_9,main_skill_lv_10,ex_skill_lv_1,ex_skill_lv_2,ex_skill_lv_3,ex_skill_lv_4,ex_skill_lv_5,resist_status_id) VALUES(401011302,302001,'ワイルドグリフォン',85,1,1,8000000,3300,3900,200,250,15,15,20,49,0,0,0,0,0,40,0,70,35,35,35,35,35,35,35,35,35,35,35,35,35,35,35,300000003);
INSERT INTO enemy_parameter(enemy_id,unit_id,name,level,rarity,promotion_level,hp,atk,magic_str,def,magic_def,physical_critical,magic_critical,wave_hp_recovery,wave_energy_recovery,dodge,physical_penetrate,magic_penetrate,life_steal,hp_recovery_rate,energy_recovery_rate,energy_reduce_rate,union_burst_level,main_skill_lv_1,main_skill_lv_2,main_skill_lv_3,main_skill_lv_4,main_skill_lv_5,main_skill_lv_6,main_skill_lv_7,main_skill_lv_8,main_skill_lv_9,main_skill_lv_10,ex_skill_lv_1,ex_skill_lv_2,ex_skill_lv_3,ex_skill_lv_4,ex_skill_lv_5,resist_status_id) VALUES(401011303,300602,'ニードルクリーパー',90,1,1,10000000,3950,1980,270,200,20,20,20,70,0,0,0,0,0,40,0,75,75,40,40,40,40,40,40,40,40,40,40,40,40,40,40,300000003);
INSERT INTO enemy_parameter(enemy_id,unit_id,name,level,rarity,promotion_level,hp,atk,magic_str,def,magic_def,physical_critical,magic_critical,wave_hp_recovery,wave_energy_recovery,dodge,physical_penetrate,magic_penetrate,life_steal,hp_recovery_rate,energy_recovery_rate,energy_reduce_rate,union_burst_level,main_skill_lv_1,main_skill_lv_2,main_skill_lv_3,main_skill_lv_4,main_skill_lv_5,main_skill_lv_6,main_skill_lv_7,main_skill_lv_8,main_skill_lv_9,main_skill_lv_10,ex_skill_lv_1,ex_skill_lv_2,ex_skill_lv_3,ex_skill_lv_4,ex_skill_lv_5,resist_status_id) VALUES(401011304,303901,'サイクロプス',95,1,1,12000000,2885,3900,200,270,25,25,35,70,0,0,0,0,0,40,0,75,75,50,50,50,50,50,50,50,50,50,50,50,50,50,50,300000003);
INSERT INTO enemy_parameter(enemy_id,unit_id,name,level,rarity,promotion_level,hp,atk,magic_str,def,magic_def,physical_critical,magic_critical,wave_hp_recovery,wave_energy_recovery,dodge,physical_penetrate,magic_penetrate,life_steal,hp_recovery_rate,energy_recovery_rate,energy_reduce_rate,union_burst_level,main_skill_lv_1,main_skill_lv_2,main_skill_lv_3,main_skill_lv_4,main_skill_lv_5,main_skill_lv_6,main_skill_lv_7,main_skill_lv_8,main_skill_lv_9,main_skill_lv_10,ex_skill_lv_1,ex_skill_lv_2,ex_skill_lv_3,ex_skill_lv_4,ex_skill_lv_5,resist_status_id) VALUES(401011305,302601,'ツインピッグス',100,1,1,20000000,5000,1200,290,200,30,30,30,80,0,0,0,0,0,70,0,75,75,85,60,60,60,60,60,60,60,60,60,60,60,60,60,300000003);
INSERT INTO enemy_parameter(enemy_id,unit_id,name,level,rarity,promotion_level,hp,atk,magic_str,def,magic_def,physical_critical,magic_critical,wave_hp_recovery,wave_energy_recovery,dodge,physical_penetrate,magic_penetrate,life_steal,hp_recovery_rate,energy_recovery_rate,energy_reduce_rate,union_burst_level,main_skill_lv_1,main_skill_lv_2,main_skill_lv_3,main_skill_lv_4,main_skill_lv_5,main_skill_lv_6,main_skill_lv_7,main_skill_lv_8,main_skill_lv_9,main_skill_lv_10,ex_skill_lv_1,ex_skill_lv_2,ex_skill_lv_3,ex_skill_lv_4,ex_skill_lv_5,resist_status_id) VALUES(501010401,302500,'キマイラ',95,1,1,580000,8593,7761,130,111,20,20,0,0,1,0,0,0,0,15,0,75,75,75,75,75,75,75,75,75,75,75,75,95,95,95,95,300000003);
INSERT INTO enemy_parameter(enemy_id,unit_id,name,level,rarity,promotion_level,hp,atk,magic_str,def,magic_def,physical_critical,magic_critical,wave_hp_recovery,wave_energy_recovery,dodge,physical_penetrate,magic_penetrate,life_steal,hp_recovery_rate,energy_recovery_rate,energy_reduce_rate,union_burst_level,main_skill_lv_1,main_skill_lv_2,main_skill_lv_3,main_skill_lv_4,main_skill_lv_5,main_skill_lv_6,main_skill_lv_7,main_skill_lv_8,main_skill_lv_9,main_skill_lv_10,ex_skill_lv_1,ex_skill_lv_2,ex_skill_lv_3,ex_skill_lv_4,ex_skill_lv_5,resist_status_id) VALUES(610003101,304200,'ガルグ',25,1,1,50000,800,0,40,40,10,10,0,0,1,0,0,0,0,30,0,25,25,25,25,25,0,0,0,0,0,0,0,0,0,0,0,300000001);
INSERT INTO enemy_parameter(enemy_id,unit_id,name,level,rarity,promotion_level,hp,atk,magic_str,def,magic_def,physical_critical,magic_critical,wave_hp_recovery,wave_energy_recovery,dodge,physical_penetrate,magic_penetrate,life_steal,hp_recovery_rate,energy_recovery_rate,energy_reduce_rate,union_burst_level,main_skill_lv_1,main_skill_lv_2,main_skill_lv_3,main_skill_lv_4,main_skill_lv_5,main_skill_lv_6,main_skill_lv_7,main_skill_lv_8,main_skill_lv_9,main_skill_lv_10,ex_skill_lv_1,ex_skill_lv_2,ex_skill_lv_3,ex_skill_lv_4,ex_skill_lv_5,resist_status_id) VALUES(610003201,304201,'ガルグ',50,1,1,170000,4000,0,100,100,30,30,0,0,1,0,0,0,0,40,0,50,50,50,50,50,0,0,0,0,0,0,0,0,0,0,0,300000001);
UPDATE enemy_parameter SET main_skill_lv_7=53 WHERE enemy_id=901000601;
UPDATE enemy_parameter SET physical_critical=0 WHERE enemy_id=901000605;
UPDATE enemy_parameter SET physical_critical=0 WHERE enemy_id=901000606;
UPDATE enemy_parameter SET physical_critical=0 WHERE enemy_id=901000607;
UPDATE enemy_parameter SET physical_critical=0 WHERE enemy_id=901000608;
INSERT INTO enemy_parameter(enemy_id,unit_id,name,level,rarity,promotion_level,hp,atk,magic_str,def,magic_def,physical_critical,magic_critical,wave_hp_recovery,wave_energy_recovery,dodge,physical_penetrate,magic_penetrate,life_steal,hp_recovery_rate,energy_recovery_rate,energy_reduce_rate,union_burst_level,main_skill_lv_1,main_skill_lv_2,main_skill_lv_3,main_skill_lv_4,main_skill_lv_5,main_skill_lv_6,main_skill_lv_7,main_skill_lv_8,main_skill_lv_9,main_skill_lv_10,ex_skill_lv_1,ex_skill_lv_2,ex_skill_lv_3,ex_skill_lv_4,ex_skill_lv_5,resist_status_id) VALUES(901000701,901001,'マホ(ev3)',42,1,1,3000,456,900,0,0,0,0,0,0,0,0,0,0,0,0,0,42,53,53,53,53,53,53,0,0,0,0,0,0,0,0,0,900000001);
INSERT INTO enemy_parameter(enemy_id,unit_id,name,level,rarity,promotion_level,hp,atk,magic_str,def,magic_def,physical_critical,magic_critical,wave_hp_recovery,wave_energy_recovery,dodge,physical_penetrate,magic_penetrate,life_steal,hp_recovery_rate,energy_recovery_rate,energy_reduce_rate,union_burst_level,main_skill_lv_1,main_skill_lv_2,main_skill_lv_3,main_skill_lv_4,main_skill_lv_5,main_skill_lv_6,main_skill_lv_7,main_skill_lv_8,main_skill_lv_9,main_skill_lv_10,ex_skill_lv_1,ex_skill_lv_2,ex_skill_lv_3,ex_skill_lv_4,ex_skill_lv_5,resist_status_id) VALUES(901000702,901701,'カオリ(ev3)',53,1,1,3000,900,0,0,0,0,0,0,0,0,0,0,0,0,0,0,53,53,53,53,53,53,53,0,0,0,0,0,0,0,0,0,900000001);
INSERT INTO enemy_parameter(enemy_id,unit_id,name,level,rarity,promotion_level,hp,atk,magic_str,def,magic_def,physical_critical,magic_critical,wave_hp_recovery,wave_energy_recovery,dodge,physical_penetrate,magic_penetrate,life_steal,hp_recovery_rate,energy_recovery_rate,energy_reduce_rate,union_burst_level,main_skill_lv_1,main_skill_lv_2,main_skill_lv_3,main_skill_lv_4,main_skill_lv_5,main_skill_lv_6,main_skill_lv_7,main_skill_lv_8,main_skill_lv_9,main_skill_lv_10,ex_skill_lv_1,ex_skill_lv_2,ex_skill_lv_3,ex_skill_lv_4,ex_skill_lv_5,resist_status_id) VALUES(901000703,904401,'イリヤ(ev3)',42,1,1,3000,0,900,0,0,0,0,0,0,0,0,0,0,0,0,0,42,42,42,42,42,42,0,0,0,0,0,0,0,0,0,0,900000001);
INSERT INTO enemy_parameter(enemy_id,unit_id,name,level,rarity,promotion_level,hp,atk,magic_str,def,magic_def,physical_critical,magic_critical,wave_hp_recovery,wave_energy_recovery,dodge,physical_penetrate,magic_penetrate,life_steal,hp_recovery_rate,energy_recovery_rate,energy_reduce_rate,union_burst_level,main_skill_lv_1,main_skill_lv_2,main_skill_lv_3,main_skill_lv_4,main_skill_lv_5,main_skill_lv_6,main_skill_lv_7,main_skill_lv_8,main_skill_lv_9,main_skill_lv_10,ex_skill_lv_1,ex_skill_lv_2,ex_skill_lv_3,ex_skill_lv_4,ex_skill_lv_5,resist_status_id) VALUES(901000704,304200,'ガルグ(ev3)',25,1,1,7300,800,0,120,50,0,0,0,0,0,0,0,0,0,30,0,25,25,25,25,34,0,0,0,0,0,0,0,0,0,0,0,900000001);
INSERT INTO enemy_reward_data(drop_reward_id,drop_count,reward_type_1,reward_id_1,reward_num_1,odds_1,reward_type_2,reward_id_2,reward_num_2,odds_2,reward_type_3,reward_id_3,reward_num_3,odds_3,reward_type_4,reward_id_4,reward_num_4,odds_4,reward_type_5,reward_id_5,reward_num_5,odds_5) VALUES(61000301,1,2,60022,5,100,0,0,0,0,0,0,0,0,0,0,0,0,0,0,0,0);
INSERT INTO enemy_reward_data(drop_reward_id,drop_count,reward_type_1,reward_id_1,reward_num_1,odds_1,reward_type_2,reward_id_2,reward_num_2,odds_2,reward_type_3,reward_id_3,reward_num_3,odds_3,reward_type_4,reward_id_4,reward_num_4,odds_4,reward_type_5,reward_id_5,reward_num_5,odds_5) VALUES(61000302,1,2,60022,40,100,0,0,0,0,0,0,0,0,0,0,0,0,0,0,0,0);
UPDATE equipment_data SET require_level=52 WHERE equipment_id=104282;
UPDATE equipment_data SET require_level=52 WHERE equipment_id=104312;
UPDATE equipment_data SET require_level=52 WHERE equipment_id=104342;
UPDATE equipment_data SET require_level=52 WHERE equipment_id=104372;
UPDATE equipment_data SET require_level=52 WHERE equipment_id=104432;
UPDATE equipment_data SET require_level=52 WHERE equipment_id=104522;
UPDATE equipment_data SET require_level=53 WHERE equipment_id=104551;
UPDATE equipment_data SET require_level=53 WHERE equipment_id=104581;
UPDATE equipment_data SET require_level=53 WHERE equipment_id=104611;
UPDATE equipment_data SET require_level=53 WHERE equipment_id=114551;
UPDATE equipment_data SET require_level=53 WHERE equipment_id=114581;
UPDATE equipment_data SET require_level=53 WHERE equipment_id=114611;
UPDATE equipment_data SET require_level=52 WHERE equipment_id=124282;
UPDATE equipment_data SET require_level=52 WHERE equipment_id=124312;
UPDATE equipment_data SET require_level=52 WHERE equipment_id=124342;
UPDATE equipment_data SET require_level=52 WHERE equipment_id=124372;
UPDATE equipment_data SET require_level=52 WHERE equipment_id=124432;
UPDATE equipment_data SET require_level=52 WHERE equipment_id=124522;
INSERT INTO event_boss_treasure_box(event_boss_treasure_box_id,treasure_type_1,event_boss_treasure_content_id_1,each_odds_1,treasure_type_2,event_boss_treasure_content_id_2,each_odds_2,treasure_type_3,event_boss_treasure_content_id_3,each_odds_3,treasure_type_4,event_boss_treasure_content_id_4,each_odds_4,treasure_type_5,event_boss_treasure_content_id_5,each_odds_5,treasure_type_6,event_boss_treasure_content_id_6,each_odds_6,treasure_type_7,event_boss_treasure_content_id_7,each_odds_7,treasure_type_8,event_boss_treasure_content_id_8,each_odds_8,treasure_type_9,event_boss_treasure_content_id_9,each_odds_9,treasure_type_10,event_boss_treasure_content_id_10,each_odds_10) VALUES(10003101,1,1000310101,100,1,1000310103,100,1,1000310103,34,1,1000310103,33,1,1000310102,100,0,0,0,0,0,0,0,0,0,0,0,0,0,0,0);
INSERT INTO event_boss_treasure_box(event_boss_treasure_box_id,treasure_type_1,event_boss_treasure_content_id_1,each_odds_1,treasure_type_2,event_boss_treasure_content_id_2,each_odds_2,treasure_type_3,event_boss_treasure_content_id_3,each_odds_3,treasure_type_4,event_boss_treasure_content_id_4,each_odds_4,treasure_type_5,event_boss_treasure_content_id_5,each_odds_5,treasure_type_6,event_boss_treasure_content_id_6,each_odds_6,treasure_type_7,event_boss_treasure_content_id_7,each_odds_7,treasure_type_8,event_boss_treasure_content_id_8,each_odds_8,treasure_type_9,event_boss_treasure_content_id_9,each_odds_9,treasure_type_10,event_boss_treasure_content_id_10,each_odds_10) VALUES(10003201,6,1000320101,3,6,1000320102,3,1,1000320103,100,1,1000320105,100,1,1000320105,100,1,1000320105,100,1,1000320105,100,1,1000320105,34,1,1000320105,33,1,1000320104,100);
UPDATE event_boss_treasure_content SET odds_1=33, odds_file_2='eq_rank_3-6', reward_num_2=2, odds_2=34, odds_file_3='eq_rank_3-6', reward_num_3=3, odds_3=33 WHERE event_boss_treasure_content_id=1000110103;
UPDATE event_boss_treasure_content SET odds_1=33, odds_2=34, odds_3=33 WHERE event_boss_treasure_content_id=1000120103;
UPDATE event_boss_treasure_content SET odds_1=33, odds_file_2='eq_rank_3-6', reward_num_2=2, odds_2=34, odds_file_3='eq_rank_3-6', reward_num_3=3, odds_3=33 WHERE event_boss_treasure_content_id=1000210103;
UPDATE event_boss_treasure_content SET odds_1=33, odds_2=34, odds_3=33 WHERE event_boss_treasure_content_id=1000220103;
INSERT INTO event_boss_treasure_content(event_boss_treasure_content_id,reward_type_1,reward_id_1,odds_file_1,reward_num_1,odds_1,reward_type_2,reward_id_2,odds_file_2,reward_num_2,odds_2,reward_type_3,reward_id_3,odds_file_3,reward_num_3,odds_3,reward_type_4,reward_id_4,odds_file_4,reward_num_4,odds_4,reward_type_5,reward_id_5,odds_file_5,reward_num_5,odds_5) VALUES(1000310101,2,60022,'0',2,33,2,60022,'0',3,34,2,60022,'0',4,33,0,0,'0',0,0,0,0,'0',0,0);
INSERT INTO event_boss_treasure_content(event_boss_treasure_content_id,reward_type_1,reward_id_1,odds_file_1,reward_num_1,odds_1,reward_type_2,reward_id_2,odds_file_2,reward_num_2,odds_2,reward_type_3,reward_id_3,odds_file_3,reward_num_3,odds_3,reward_type_4,reward_id_4,odds_file_4,reward_num_4,odds_4,reward_type_5,reward_id_5,odds_file_5,reward_num_5,odds_5) VALUES(1000310102,12,94002,'0',3000,33,12,94002,'0',4000,34,12,94002,'0',5000,33,0,0,'0',0,0,0,0,'0',0,0);
INSERT INTO event_boss_treasure_content(event_boss_treasure_content_id,reward_type_1,reward_id_1,odds_file_1,reward_num_1,odds_1,reward_type_2,reward_id_2,odds_file_2,reward_num_2,odds_2,reward_type_3,reward_id_3,odds_file_3,reward_num_3,odds_3,reward_type_4,reward_id_4,odds_file_4,reward_num_4,odds_4,reward_type_5,reward_id_5,odds_file_5,reward_num_5,odds_5) VALUES(1000310103,0,0,'eq_rank_3-6',1,33,0,0,'eq_rank_3-6',2,34,0,0,'eq_rank_3-6',3,33,0,0,'0',0,0,0,0,'0',0,0);
INSERT INTO event_boss_treasure_content(event_boss_treasure_content_id,reward_type_1,reward_id_1,odds_file_1,reward_num_1,odds_1,reward_type_2,reward_id_2,odds_file_2,reward_num_2,odds_2,reward_type_3,reward_id_3,odds_file_3,reward_num_3,odds_3,reward_type_4,reward_id_4,odds_file_4,reward_num_4,odds_4,reward_type_5,reward_id_5,odds_file_5,reward_num_5,odds_5) VALUES(1000320101,0,0,'1000320101',1,100,0,0,'0',0,0,0,0,'0',0,0,0,0,'0',0,0,0,0,'0',0,0);
INSERT INTO event_boss_treasure_content(event_boss_treasure_content_id,reward_type_1,reward_id_1,odds_file_1,reward_num_1,odds_1,reward_type_2,reward_id_2,odds_file_2,reward_num_2,odds_2,reward_type_3,reward_id_3,odds_file_3,reward_num_3,odds_3,reward_type_4,reward_id_4,odds_file_4,reward_num_4,odds_4,reward_type_5,reward_id_5,odds_file_5,reward_num_5,odds_5) VALUES(1000320102,0,0,'1000320102',1,100,0,0,'0',0,0,0,0,'0',0,0,0,0,'0',0,0,0,0,'0',0,0);
INSERT INTO event_boss_treasure_content(event_boss_treasure_content_id,reward_type_1,reward_id_1,odds_file_1,reward_num_1,odds_1,reward_type_2,reward_id_2,odds_file_2,reward_num_2,odds_2,reward_type_3,reward_id_3,odds_file_3,reward_num_3,odds_3,reward_type_4,reward_id_4,odds_file_4,reward_num_4,odds_4,reward_type_5,reward_id_5,odds_file_5,reward_num_5,odds_5) VALUES(1000320103,2,60022,'0',4,33,2,60022,'0',5,34,2,60022,'0',6,33,0,0,'0',0,0,0,0,'0',0,0);
INSERT INTO event_boss_treasure_content(event_boss_treasure_content_id,reward_type_1,reward_id_1,odds_file_1,reward_num_1,odds_1,reward_type_2,reward_id_2,odds_file_2,reward_num_2,odds_2,reward_type_3,reward_id_3,odds_file_3,reward_num_3,odds_3,reward_type_4,reward_id_4,odds_file_4,reward_num_4,odds_4,reward_type_5,reward_id_5,odds_file_5,reward_num_5,odds_5) VALUES(1000320104,12,94002,'0',10000,33,12,94002,'0',10500,34,12,94002,'0',11000,33,0,0,'0',0,0,0,0,'0',0,0);
INSERT INTO event_boss_treasure_content(event_boss_treasure_content_id,reward_type_1,reward_id_1,odds_file_1,reward_num_1,odds_1,reward_type_2,reward_id_2,odds_file_2,reward_num_2,odds_2,reward_type_3,reward_id_3,odds_file_3,reward_num_3,odds_3,reward_type_4,reward_id_4,odds_file_4,reward_num_4,odds_4,reward_type_5,reward_id_5,odds_file_5,reward_num_5,odds_5) VALUES(1000320105,0,0,'eq_rank_4-7',1,100,0,0,'0',0,0,0,0,'0',0,0,0,0,'0',0,0,0,0,'0',0,0);
INSERT INTO event_gacha_data(gacha_id,event_id,gacha_name,item_type,item_id,cost,repeat_step) VALUES(10003,10003,'ヴァンパイアハンターwithイリヤ討伐証交換',2,60022,1,5);
INSERT INTO event_introduction(id,event_id,introduction_number,start_time,end_time,maximum_chunk_size_1,maximum_chunk_size_loop_1,maximum_chunk_size_2,maximum_chunk_size_loop_2,maximum_chunk_size_3,maximum_chunk_size_loop_3,sheet_id,que_id) VALUES(3,10003,1,'2018/05/25 16:00:00','2099/03/26 14:59:00',380000,380000,0,0,0,0,'bgm_M107','bgm_M107');
UPDATE event_navi_comment SET character_id=104402, character_name='イリヤ(子供)', voice_id=101, start_time='2018/05/31 12:00:00', end_time='2018/06/25 14:59:59', change_face_type=1, event_id=10003 WHERE comment_id=51007;
UPDATE event_navi_comment SET character_id=104401, character_name='イリヤ(大人)', voice_id=104, start_time='2018/05/31 12:00:00', end_time='2018/06/25 14:59:59', pos_y=0.0, change_face_time=1.422, change_face_type=1, event_id=10003 WHERE comment_id=51008;
UPDATE event_navi_comment SET character_id=101701, face_type=2, character_name='カオリ', voice_id=201, start_time='2018/05/31 12:00:00', end_time='2018/06/25 14:59:59', change_face_time=1.222, event_id=10003 WHERE comment_id=51009;
UPDATE event_navi_comment SET character_id=101001, face_type=1, character_name='マホ', voice_id=301, start_time='2018/05/31 12:00:00', end_time='2018/06/25 14:59:59', change_face_time=1.222, change_face_type=2, event_id=10003 WHERE comment_id=51010;
UPDATE event_navi_comment SET character_id=104402, face_type=1, character_name='イリヤ(子供)', voice_id=102, start_time='2018/05/31 12:00:00', end_time='2018/06/25 14:59:59', change_face_time=2.613, event_id=10003 WHERE comment_id=51011;
UPDATE event_navi_comment SET character_id=104401, character_name='イリヤ(大人)', voice_id=105, start_time='2018/05/31 12:00:00', end_time='2018/06/25 14:59:59', pos_y=0.0, change_face_time=2.613, event_id=10003 WHERE comment_id=51012;
UPDATE event_navi_comment SET character_id=101701, character_name='カオリ', voice_id=202, start_time='2018/05/31 12:00:00', end_time='2018/06/25 14:59:59', change_face_time=2.613, event_id=10003 WHERE comment_id=51013;
UPDATE event_navi_comment SET where_type=51, character_id=101001, face_type=1, character_name='マホ', voice_id=302, start_time='2018/05/31 12:00:00', end_time='2018/06/25 14:59:59', change_face_time=3.335, change_face_type=5, event_id=10003 WHERE comment_id=51014;
UPDATE event_navi_comment SET where_type=51, character_id=104402, face_type=1, character_name='イリヤ(子供)', voice_id=103, start_time='2018/05/31 12:00:00', end_time='2018/06/25 14:59:59', change_face_time=0.0, change_face_type=1, event_id=10003 WHERE comment_id=51015;
UPDATE event_navi_comment SET where_type=51, character_id=104401, face_type=1, character_name='イリヤ(大人)', voice_id=106, start_time='2018/05/31 12:00:00', end_time='2018/06/25 14:59:59', pos_y=0.0, change_face_time=0.0, change_face_type=1, event_id=10003 WHERE comment_id=51016;
UPDATE event_navi_comment SET where_type=51, character_id=101701, character_name='カオリ', voice_id=203, start_time='2018/05/31 12:00:00', end_time='2018/06/25 14:59:59', change_face_time=1.55, event_id=10003 WHERE comment_id=51017;
UPDATE event_navi_comment SET where_type=51, character_id=101001, face_type=1, character_name='マホ', voice_id=303, start_time='2018/05/31 12:00:00', end_time='2018/06/25 14:59:59', change_face_time=1.45, event_id=10003 WHERE comment_id=51018;
UPDATE event_navi_comment SET character_id=104402, face_type=1, character_name='イリヤ(子供)', voice_id=107, start_time='2018/05/31 12:00:00', end_time='2018/06/25 14:59:59', change_face_time=3.335, event_id=10003 WHERE comment_id=51019;
UPDATE event_navi_comment SET character_id=104401, face_type=1, character_name='イリヤ(大人)', voice_id=110, start_time='2018/05/31 12:00:00', end_time='2018/06/25 14:59:59', pos_y=0.0, change_face_time=3.335, event_id=10003 WHERE comment_id=51020;
UPDATE event_navi_comment SET character_id=101701, face_type=1, character_name='カオリ', voice_id=204, start_time='2018/05/31 12:00:00', end_time='2018/06/25 14:59:59', change_face_time=2.113, event_id=10003 WHERE comment_id=51021;
UPDATE event_navi_comment SET character_id=101001, face_type=1, character_name='マホ', voice_id=304, start_time='2018/05/31 12:00:00', end_time='2018/06/25 14:59:59', change_face_time=2.85, event_id=10003 WHERE comment_id=51022;
UPDATE event_navi_comment SET character_id=104402, character_name='イリヤ(子供)', voice_id=108, start_time='2018/05/31 12:00:00', end_time='2018/06/25 14:59:59', event_id=10003 WHERE comment_id=51023;
UPDATE event_navi_comment SET character_id=104401, character_name='イリヤ(大人)', voice_id=111, start_time='2018/05/31 12:00:00', end_time='2018/06/25 14:59:59', pos_y=0.0, change_face_time=1.85, event_id=10003 WHERE comment_id=51024;
INSERT INTO event_navi_comment(comment_id,where_type,character_id,face_type,character_name,description,voice_id,start_time,end_time,pos_x,pos_y,change_face_time,change_face_type,event_id) VALUES(51025,52,101701,1,'カオリ','',205,'2018/05/31 12:00:00','2018/06/25 14:59:59',-285.0,70.0,0.85,2,10003);
INSERT INTO event_navi_comment(comment_id,where_type,character_id,face_type,character_name,description,voice_id,start_time,end_time,pos_x,pos_y,change_face_time,change_face_type,event_id) VALUES(51026,52,101001,1,'マホ','',305,'2018/05/31 12:00:00','2018/06/25 14:59:59',-285.0,70.0,2.913,2,10003);
INSERT INTO event_navi_comment(comment_id,where_type,character_id,face_type,character_name,description,voice_id,start_time,end_time,pos_x,pos_y,change_face_time,change_face_type,event_id) VALUES(51027,52,104402,1,'イリヤ(子供)','',109,'2018/05/31 12:00:00','2018/06/25 14:59:59',-285.0,70.0,2.613,2,10003);
INSERT INTO event_navi_comment(comment_id,where_type,character_id,face_type,character_name,description,voice_id,start_time,end_time,pos_x,pos_y,change_face_time,change_face_type,event_id) VALUES(51028,52,104401,1,'イリヤ(大人)','',112,'2018/05/31 12:00:00','2018/06/25 14:59:59',-285.0,0.0,2.613,2,10003);
INSERT INTO event_navi_comment(comment_id,where_type,character_id,face_type,character_name,description,voice_id,start_time,end_time,pos_x,pos_y,change_face_time,change_face_type,event_id) VALUES(51029,52,101701,1,'カオリ','',206,'2018/05/31 12:00:00','2018/06/25 14:59:59',-285.0,70.0,1.85,1,10003);
INSERT INTO event_navi_comment(comment_id,where_type,character_id,face_type,character_name,description,voice_id,start_time,end_time,pos_x,pos_y,change_face_time,change_face_type,event_id) VALUES(51030,52,101001,1,'マホ','',306,'2018/05/31 12:00:00','2018/06/25 14:59:59',-285.0,70.0,3.213,2,10003);
UPDATE event_navi_comment SET start_time='2018/05/31 12:00:00', end_time='2018/06/25 14:59:59' WHERE comment_id=53003;
UPDATE event_navi_comment SET start_time='2018/05/31 12:00:00', end_time='2018/06/25 14:59:59' WHERE comment_id=53004;
UPDATE event_navi_comment SET start_time='2018/05/31 12:00:00', end_time='2018/06/25 14:59:59' WHERE comment_id=54003;
UPDATE event_navi_comment SET start_time='2018/05/31 12:00:00', end_time='2018/06/25 14:59:59' WHERE comment_id=54004;
UPDATE event_navi_comment SET start_time='2018/05/31 12:00:00', end_time='2018/06/25 14:59:59' WHERE comment_id=55003;
UPDATE event_navi_comment SET start_time='2018/05/31 12:00:00', end_time='2018/06/25 14:59:59' WHERE comment_id=55004;
UPDATE event_navi_comment SET start_time='2018/05/31 12:00:00', end_time='2018/06/25 14:59:59' WHERE comment_id=56003;
UPDATE event_navi_comment SET start_time='2018/05/31 12:00:00', end_time='2018/06/25 14:59:59' WHERE comment_id=56004;
UPDATE event_navi_comment SET start_time='2018/05/31 12:00:00', end_time='2018/06/25 14:59:59' WHERE comment_id=57003;
INSERT INTO event_navi_comment_condition(comment_id,condition_type_1,condition_value_1,condition_type_2,condition_value_2,condition_type_3,condition_value_3) VALUES(51007,2,5003006,0,0,0,0);
INSERT INTO event_navi_comment_condition(comment_id,condition_type_1,condition_value_1,condition_type_2,condition_value_2,condition_type_3,condition_value_3) VALUES(51008,1,5003006,0,0,0,0);
INSERT INTO event_navi_comment_condition(comment_id,condition_type_1,condition_value_1,condition_type_2,condition_value_2,condition_type_3,condition_value_3) VALUES(51011,2,5003006,0,0,0,0);
INSERT INTO event_navi_comment_condition(comment_id,condition_type_1,condition_value_1,condition_type_2,condition_value_2,condition_type_3,condition_value_3) VALUES(51012,1,5003006,0,0,0,0);
INSERT INTO event_navi_comment_condition(comment_id,condition_type_1,condition_value_1,condition_type_2,condition_value_2,condition_type_3,condition_value_3) VALUES(51015,2,5003006,0,0,0,0);
INSERT INTO event_navi_comment_condition(comment_id,condition_type_1,condition_value_1,condition_type_2,condition_value_2,condition_type_3,condition_value_3) VALUES(51016,1,5003006,0,0,0,0);
INSERT INTO event_navi_comment_condition(comment_id,condition_type_1,condition_value_1,condition_type_2,condition_value_2,condition_type_3,condition_value_3) VALUES(51019,2,5003006,0,0,0,0);
INSERT INTO event_navi_comment_condition(comment_id,condition_type_1,condition_value_1,condition_type_2,condition_value_2,condition_type_3,condition_value_3) VALUES(51020,1,5003006,0,0,0,0);
INSERT INTO event_navi_comment_condition(comment_id,condition_type_1,condition_value_1,condition_type_2,condition_value_2,condition_type_3,condition_value_3) VALUES(51023,2,5003006,0,0,0,0);
INSERT INTO event_navi_comment_condition(comment_id,condition_type_1,condition_value_1,condition_type_2,condition_value_2,condition_type_3,condition_value_3) VALUES(51024,1,5003006,0,0,0,0);
INSERT INTO event_navi_comment_condition(comment_id,condition_type_1,condition_value_1,condition_type_2,condition_value_2,condition_type_3,condition_value_3) VALUES(51027,2,5003006,0,0,0,0);
INSERT INTO event_navi_comment_condition(comment_id,condition_type_1,condition_value_1,condition_type_2,condition_value_2,condition_type_3,condition_value_3) VALUES(51028,1,5003006,0,0,0,0);
UPDATE event_story_data SET end_time='2030/04/24 14:59:59' WHERE story_group_id=5001;
UPDATE event_story_data SET title='リトル・リリカル・ アドベンチャーズ', end_time='2030/04/24 14:59:59' WHERE story_group_id=5002;
INSERT INTO event_story_data(story_group_id,story_type,value,title,thumbnail_id,disp_order,start_time,end_time) VALUES(5003,5,10003,'ヴァンパイアハンター withイリヤ',0,1,'2018/05/25 16:00:00','2030/04/24 14:59:59');
UPDATE event_story_detail SET end_time='2030/04/24 14:59:59' WHERE story_id=5001000;
UPDATE event_story_detail SET end_time='2030/04/24 14:59:59' WHERE story_id=5001001;
UPDATE event_story_detail SET end_time='2030/04/24 14:59:59' WHERE story_id=5001002;
UPDATE event_story_detail SET end_time='2030/04/24 14:59:59' WHERE story_id=5001003;
UPDATE event_story_detail SET end_time='2030/04/24 14:59:59' WHERE story_id=5001004;
UPDATE event_story_detail SET end_time='2030/04/24 14:59:59' WHERE story_id=5001005;
UPDATE event_story_detail SET end_time='2030/04/24 14:59:59' WHERE story_id=5001006;
UPDATE event_story_detail SET end_time='2030/04/24 14:59:59' WHERE story_id=5001007;
UPDATE event_story_detail SET end_time='2030/04/24 14:59:59' WHERE story_id=5002000;
UPDATE event_story_detail SET end_time='2030/04/24 14:59:59' WHERE story_id=5002001;
UPDATE event_story_detail SET end_time='2030/04/24 14:59:59' WHERE story_id=5002002;
UPDATE event_story_detail SET end_time='2030/04/24 14:59:59' WHERE story_id=5002003;
UPDATE event_story_detail SET end_time='2030/04/24 14:59:59' WHERE story_id=5002004;
UPDATE event_story_detail SET end_time='2030/04/24 14:59:59' WHERE story_id=5002005;
UPDATE event_story_detail SET end_time='2030/04/24 14:59:59' WHERE story_id=5002006;
UPDATE event_story_detail SET end_time='2030/04/24 14:59:59' WHERE story_id=5002007;
INSERT INTO event_story_detail(story_id,story_group_id,title,sub_title,visible_type,story_end,pre_story_id,love_level,requirement_id,unlock_quest_id,story_quest_id,reward_type_1,reward_id_1,reward_value_1,reward_type_2,reward_id_2,reward_value_2,reward_type_3,reward_id_3,reward_value_3,start_time,end_time) VALUES(5003000,5003,'ヴァンパイアハンターwithイリヤ オープニング','よみがえりし伝説',0,0,0,0,0,0,0,8,91002,20,2,31017,1,0,0,0,'2018/05/31 12:00:00','2030/04/24 14:59:59');
INSERT INTO event_story_detail(story_id,story_group_id,title,sub_title,visible_type,story_end,pre_story_id,love_level,requirement_id,unlock_quest_id,story_quest_id,reward_type_1,reward_id_1,reward_value_1,reward_type_2,reward_id_2,reward_value_2,reward_type_3,reward_id_3,reward_value_3,start_time,end_time) VALUES(5003001,5003,'ヴァンパイアハンターwithイリヤ 第1話','伝説を超えるものを求めて',0,0,5003000,0,0,0,0,8,91002,20,2,31010,1,0,0,0,'2018/05/31 12:00:00','2030/04/24 14:59:59');
INSERT INTO event_story_detail(story_id,story_group_id,title,sub_title,visible_type,story_end,pre_story_id,love_level,requirement_id,unlock_quest_id,story_quest_id,reward_type_1,reward_id_1,reward_value_1,reward_type_2,reward_id_2,reward_value_2,reward_type_3,reward_id_3,reward_value_3,start_time,end_time) VALUES(5003002,5003,'ヴァンパイアハンターwithイリヤ 第2話','旅は道連れヴァンパイア',0,0,5003001,0,0,0,0,8,91002,20,2,31017,1,0,0,0,'2018/05/31 12:00:00','2030/04/24 14:59:59');
INSERT INTO event_story_detail(story_id,story_group_id,title,sub_title,visible_type,story_end,pre_story_id,love_level,requirement_id,unlock_quest_id,story_quest_id,reward_type_1,reward_id_1,reward_value_1,reward_type_2,reward_id_2,reward_value_2,reward_type_3,reward_id_3,reward_value_3,start_time,end_time) VALUES(5003003,5003,'ヴァンパイアハンターwithイリヤ 第3話','密林の野菜をさがせ！',0,0,5003002,0,0,0,0,8,91002,20,2,31010,1,0,0,0,'2018/05/31 12:00:00','2030/04/24 14:59:59');
INSERT INTO event_story_detail(story_id,story_group_id,title,sub_title,visible_type,story_end,pre_story_id,love_level,requirement_id,unlock_quest_id,story_quest_id,reward_type_1,reward_id_1,reward_value_1,reward_type_2,reward_id_2,reward_value_2,reward_type_3,reward_id_3,reward_value_3,start_time,end_time) VALUES(5003004,5003,'ヴァンパイアハンターwithイリヤ 第4話','魔物の角を求めて',0,0,5003003,0,0,0,0,8,91002,20,2,31017,1,0,0,0,'2018/05/31 12:00:00','2030/04/24 14:59:59');
INSERT INTO event_story_detail(story_id,story_group_id,title,sub_title,visible_type,story_end,pre_story_id,love_level,requirement_id,unlock_quest_id,story_quest_id,reward_type_1,reward_id_1,reward_value_1,reward_type_2,reward_id_2,reward_value_2,reward_type_3,reward_id_3,reward_value_3,start_time,end_time) VALUES(5003005,5003,'ヴァンパイアハンターwithイリヤ 第5話','伝説との邂逅',0,0,5003004,0,0,0,0,8,91002,20,2,31010,1,0,0,0,'2018/05/31 12:00:00','2030/04/24 14:59:59');
INSERT INTO event_story_detail(story_id,story_group_id,title,sub_title,visible_type,story_end,pre_story_id,love_level,requirement_id,unlock_quest_id,story_quest_id,reward_type_1,reward_id_1,reward_value_1,reward_type_2,reward_id_2,reward_value_2,reward_type_3,reward_id_3,reward_value_3,start_time,end_time) VALUES(5003006,5003,'ヴァンパイアハンターwithイリヤ 第6話','ディア・ヴァンパイア',0,0,5003005,0,0,0,55003006,8,91002,20,2,31017,1,0,0,0,'2018/05/31 12:00:00','2030/04/24 14:59:59');
INSERT INTO event_story_detail(story_id,story_group_id,title,sub_title,visible_type,story_end,pre_story_id,love_level,requirement_id,unlock_quest_id,story_quest_id,reward_type_1,reward_id_1,reward_value_1,reward_type_2,reward_id_2,reward_value_2,reward_type_3,reward_id_3,reward_value_3,start_time,end_time) VALUES(5003007,5003,'ヴァンパイアハンターwithイリヤ エンディング','みんなでうどんパーティを',0,0,5003006,0,0,0,0,8,91002,20,2,31010,1,0,0,0,'2018/05/31 12:00:00','2030/04/24 14:59:59');
UPDATE event_wave_group_data SET disp_reward_id_4=60022, reward_odds_4=12 WHERE id=600000611;
UPDATE event_wave_group_data SET disp_reward_id_4=60022, reward_odds_4=12 WHERE id=600000612;
UPDATE event_wave_group_data SET disp_reward_id_4=60022, reward_odds_4=12 WHERE id=600000613;
UPDATE event_wave_group_data SET disp_reward_id_4=60022, reward_odds_4=12 WHERE id=600000614;
UPDATE event_wave_group_data SET disp_reward_id_4=60022, reward_odds_4=12 WHERE id=600000615;
UPDATE event_wave_group_data SET disp_reward_id_4=60022, reward_odds_4=12 WHERE id=600000616;
UPDATE event_wave_group_data SET disp_reward_id_4=60022, reward_odds_4=12 WHERE id=600000617;
UPDATE event_wave_group_data SET disp_reward_id_4=60022, reward_odds_4=12 WHERE id=600000618;
UPDATE event_wave_group_data SET disp_reward_id_4=60022, reward_odds_4=12 WHERE id=600000619;
UPDATE event_wave_group_data SET disp_reward_id_4=60022, reward_odds_4=12 WHERE id=600000620;
UPDATE event_wave_group_data SET disp_reward_id_4=60022, reward_odds_4=12 WHERE id=600000621;
UPDATE event_wave_group_data SET disp_reward_id_4=60022, reward_odds_4=12 WHERE id=600000622;
UPDATE event_wave_group_data SET disp_reward_id_4=60022, reward_odds_4=12 WHERE id=600000623;
UPDATE event_wave_group_data SET disp_reward_id_4=60022, reward_odds_4=12 WHERE id=600000624;
UPDATE event_wave_group_data SET disp_reward_id_4=60022, reward_odds_4=12 WHERE id=600000625;
UPDATE event_wave_group_data SET disp_reward_id_4=60022, reward_odds_4=12 WHERE id=600000626;
UPDATE event_wave_group_data SET disp_reward_id_4=60022, reward_odds_4=12 WHERE id=600000627;
UPDATE event_wave_group_data SET disp_reward_id_4=60022, reward_odds_4=12 WHERE id=600000628;
UPDATE event_wave_group_data SET disp_reward_id_4=60022, reward_odds_4=12 WHERE id=600000629;
UPDATE event_wave_group_data SET disp_reward_id_4=60022, reward_odds_4=12 WHERE id=600000630;
UPDATE event_wave_group_data SET disp_reward_id_4=60022, reward_odds_4=12 WHERE id=600000631;
UPDATE event_wave_group_data SET disp_reward_id_4=60022, reward_odds_4=12 WHERE id=600000632;
UPDATE event_wave_group_data SET disp_reward_id_4=60022, reward_odds_4=12 WHERE id=600000633;
UPDATE event_wave_group_data SET disp_reward_id_4=60022, reward_odds_4=12 WHERE id=600000634;
UPDATE event_wave_group_data SET disp_reward_id_4=60022, reward_odds_4=12 WHERE id=600000635;
UPDATE event_wave_group_data SET disp_reward_id_4=60022, reward_odds_4=12 WHERE id=600000636;
UPDATE event_wave_group_data SET disp_reward_id_4=60022, reward_odds_4=12 WHERE id=600000637;
UPDATE event_wave_group_data SET disp_reward_id_4=60022, reward_odds_4=12 WHERE id=600000638;
UPDATE event_wave_group_data SET disp_reward_id_4=60022, reward_odds_4=12 WHERE id=600000639;
UPDATE event_wave_group_data SET disp_reward_id_4=60022, reward_odds_4=12 WHERE id=600000640;
UPDATE event_wave_group_data SET disp_reward_id_4=60022, reward_odds_4=12 WHERE id=600000641;
UPDATE event_wave_group_data SET disp_reward_id_4=60022, reward_odds_4=12 WHERE id=600000642;
UPDATE event_wave_group_data SET disp_reward_id_4=60022, reward_odds_4=12 WHERE id=600000643;
UPDATE event_wave_group_data SET disp_reward_id_4=60022, reward_odds_4=12 WHERE id=600000644;
UPDATE event_wave_group_data SET disp_reward_id_4=60022, reward_odds_4=12 WHERE id=600000645;
UPDATE event_wave_group_data SET disp_reward_id_4=60022, reward_odds_4=12 WHERE id=600000646;
UPDATE event_wave_group_data SET disp_reward_id_4=60022, reward_odds_4=12 WHERE id=600000647;
UPDATE event_wave_group_data SET disp_reward_id_4=60022, reward_odds_4=12 WHERE id=600000648;
UPDATE event_wave_group_data SET disp_reward_id_4=60022, reward_odds_4=12 WHERE id=600000649;
UPDATE event_wave_group_data SET disp_reward_id_4=60022, reward_odds_4=12 WHERE id=600000650;
UPDATE event_wave_group_data SET disp_reward_id_4=60022, reward_odds_4=12 WHERE id=600000651;
UPDATE event_wave_group_data SET disp_reward_id_4=60022, reward_odds_4=12 WHERE id=600000652;
UPDATE event_wave_group_data SET disp_reward_id_4=60022, reward_odds_4=12 WHERE id=600000653;
UPDATE event_wave_group_data SET disp_reward_id_4=60022, reward_odds_4=12 WHERE id=600000654;
UPDATE event_wave_group_data SET disp_reward_id_4=60022, reward_odds_4=12 WHERE id=600000655;
UPDATE event_wave_group_data SET disp_reward_id_4=60022, reward_odds_4=12 WHERE id=600000656;
UPDATE event_wave_group_data SET disp_reward_id_4=60022, reward_odds_4=12 WHERE id=600000657;
UPDATE event_wave_group_data SET disp_reward_id_4=60022, reward_odds_4=12 WHERE id=600000658;
UPDATE event_wave_group_data SET disp_reward_id_4=60022, reward_odds_4=12 WHERE id=600000659;
UPDATE event_wave_group_data SET disp_reward_id_4=60022, reward_odds_4=12 WHERE id=600000660;
UPDATE event_wave_group_data SET disp_reward_id_4=60022, reward_odds_4=12 WHERE id=600000661;
UPDATE event_wave_group_data SET disp_reward_id_4=60022, reward_odds_4=12 WHERE id=600000662;
UPDATE event_wave_group_data SET disp_reward_id_4=60022, reward_odds_4=12 WHERE id=600000663;
UPDATE event_wave_group_data SET disp_reward_id_4=60022, reward_odds_4=12 WHERE id=600000664;
UPDATE event_wave_group_data SET disp_reward_id_4=60022, reward_odds_4=12 WHERE id=600000665;
UPDATE event_wave_group_data SET disp_reward_id_4=60022, reward_odds_4=12 WHERE id=600000666;
UPDATE event_wave_group_data SET disp_reward_id_4=60022, reward_odds_4=12 WHERE id=600000667;
UPDATE event_wave_group_data SET disp_reward_id_4=60022, reward_odds_4=12 WHERE id=600000668;
UPDATE event_wave_group_data SET disp_reward_id_4=60022, reward_odds_4=12 WHERE id=600000669;
UPDATE event_wave_group_data SET disp_reward_id_4=60022, reward_odds_4=12 WHERE id=600000670;
UPDATE event_wave_group_data SET disp_reward_id_4=60022, reward_odds_4=12 WHERE id=600000671;
UPDATE event_wave_group_data SET disp_reward_id_4=60022, reward_odds_4=12 WHERE id=600000672;
UPDATE event_wave_group_data SET disp_reward_id_4=60022, reward_odds_4=12 WHERE id=600000673;
UPDATE event_wave_group_data SET disp_reward_id_4=60022, reward_odds_4=12 WHERE id=600000674;
UPDATE event_wave_group_data SET disp_reward_id_4=60022, reward_odds_4=12 WHERE id=600000675;
UPDATE event_wave_group_data SET disp_reward_id_4=60022, reward_odds_4=12 WHERE id=600000676;
UPDATE event_wave_group_data SET disp_reward_id_4=60022, reward_odds_4=12 WHERE id=600000677;
UPDATE event_wave_group_data SET disp_reward_id_4=60022, reward_odds_4=12 WHERE id=600000678;
UPDATE event_wave_group_data SET disp_reward_id_4=60022, reward_odds_4=12 WHERE id=600000679;
UPDATE event_wave_group_data SET disp_reward_id_4=60022, reward_odds_4=12 WHERE id=600000680;
UPDATE event_wave_group_data SET disp_reward_id_4=60022, reward_odds_4=12 WHERE id=600000681;
UPDATE event_wave_group_data SET disp_reward_id_4=60022, reward_odds_4=12 WHERE id=600000682;
UPDATE event_wave_group_data SET disp_reward_id_4=60022, reward_odds_4=12 WHERE id=600000683;
UPDATE event_wave_group_data SET disp_reward_id_4=60022, reward_odds_4=12 WHERE id=600000684;
UPDATE event_wave_group_data SET disp_reward_id_4=60022, reward_odds_4=12 WHERE id=600000685;
UPDATE event_wave_group_data SET disp_reward_id_4=60022, reward_odds_4=12 WHERE id=600000686;
UPDATE event_wave_group_data SET disp_reward_id_4=60022, reward_odds_4=12 WHERE id=600000687;
UPDATE event_wave_group_data SET disp_reward_id_4=60022, reward_odds_4=12 WHERE id=600000688;
UPDATE event_wave_group_data SET disp_reward_id_4=60022, reward_odds_4=12 WHERE id=600000689;
UPDATE event_wave_group_data SET disp_reward_id_4=60022, reward_odds_4=12 WHERE id=600000690;
UPDATE event_wave_group_data SET disp_reward_id_4=60022, reward_odds_4=12 WHERE id=600000691;
UPDATE event_wave_group_data SET disp_reward_id_4=60022, reward_odds_4=12 WHERE id=600000692;
UPDATE event_wave_group_data SET disp_reward_id_4=60022, reward_odds_4=12 WHERE id=600000693;
UPDATE event_wave_group_data SET disp_reward_id_4=60022, reward_odds_4=12 WHERE id=600000694;
UPDATE event_wave_group_data SET disp_reward_id_4=60022, reward_odds_4=12 WHERE id=600000695;
UPDATE event_wave_group_data SET disp_reward_id_4=60022, reward_odds_4=12 WHERE id=600000696;
UPDATE event_wave_group_data SET disp_reward_id_4=60022, reward_odds_4=12 WHERE id=600000697;
UPDATE event_wave_group_data SET disp_reward_id_4=60022, reward_odds_4=12 WHERE id=600000698;
UPDATE event_wave_group_data SET disp_reward_id_4=60022, reward_odds_4=12 WHERE id=600000699;
UPDATE event_wave_group_data SET disp_reward_id_4=60022, reward_odds_4=12 WHERE id=600000700;
UPDATE event_wave_group_data SET disp_reward_id_4=60022, reward_odds_4=12 WHERE id=600000701;
UPDATE event_wave_group_data SET disp_reward_id_4=60022, reward_odds_4=12 WHERE id=600000702;
UPDATE event_wave_group_data SET disp_reward_id_4=60022, reward_odds_4=12 WHERE id=600000703;
UPDATE event_wave_group_data SET disp_reward_id_4=60022, reward_odds_4=12 WHERE id=600000704;
UPDATE event_wave_group_data SET disp_reward_id_4=60022, reward_odds_4=12 WHERE id=600000705;
UPDATE event_wave_group_data SET disp_reward_id_4=60022, reward_odds_4=12 WHERE id=600000706;
UPDATE event_wave_group_data SET disp_reward_id_4=60022, reward_odds_4=12 WHERE id=600000707;
UPDATE event_wave_group_data SET disp_reward_id_4=60022, reward_odds_4=12 WHERE id=600000708;
UPDATE event_wave_group_data SET disp_reward_id_4=60022, reward_odds_4=12 WHERE id=600000709;
UPDATE event_wave_group_data SET disp_reward_id_4=60022, reward_odds_4=12 WHERE id=600000710;
UPDATE event_wave_group_data SET disp_reward_id_4=60022, reward_odds_4=12 WHERE id=600000711;
UPDATE event_wave_group_data SET disp_reward_id_4=60022, reward_odds_4=12 WHERE id=600000712;
UPDATE event_wave_group_data SET disp_reward_id_4=60022, reward_odds_4=12 WHERE id=600000713;
UPDATE event_wave_group_data SET disp_reward_id_4=60022, reward_odds_4=12 WHERE id=600000714;
UPDATE event_wave_group_data SET disp_reward_id_4=60022, reward_odds_4=12 WHERE id=600000715;
UPDATE event_wave_group_data SET disp_reward_id_4=60022, reward_odds_4=12 WHERE id=600000716;
UPDATE event_wave_group_data SET disp_reward_id_4=60022, reward_odds_4=12 WHERE id=600000717;
UPDATE event_wave_group_data SET disp_reward_id_4=60022, reward_odds_4=12 WHERE id=600000718;
UPDATE event_wave_group_data SET disp_reward_id_4=60022, reward_odds_4=12 WHERE id=600000719;
UPDATE event_wave_group_data SET disp_reward_id_4=60022, reward_odds_4=12 WHERE id=600000720;
UPDATE event_wave_group_data SET disp_reward_id_4=60022, reward_odds_4=12 WHERE id=600000721;
UPDATE event_wave_group_data SET disp_reward_id_4=60022, reward_odds_4=12 WHERE id=600000722;
UPDATE event_wave_group_data SET disp_reward_id_4=60022, reward_odds_4=12 WHERE id=600000723;
UPDATE event_wave_group_data SET disp_reward_id_4=60022, reward_odds_4=12 WHERE id=600000724;
UPDATE event_wave_group_data SET disp_reward_id_4=60022, reward_odds_4=12 WHERE id=600000725;
UPDATE event_wave_group_data SET disp_reward_id_4=60022, reward_odds_4=12 WHERE id=600000726;
UPDATE event_wave_group_data SET disp_reward_id_4=60022, reward_odds_4=12 WHERE id=600000727;
UPDATE event_wave_group_data SET disp_reward_id_4=60022, reward_odds_4=12 WHERE id=600000728;
UPDATE event_wave_group_data SET disp_reward_id_4=60022, reward_odds_4=12 WHERE id=600000729;
UPDATE event_wave_group_data SET disp_reward_id_4=60022, reward_odds_4=12 WHERE id=600000730;
UPDATE event_wave_group_data SET disp_reward_id_4=60022, reward_odds_4=12 WHERE id=600000731;
UPDATE event_wave_group_data SET disp_reward_id_4=60022, reward_odds_4=12 WHERE id=600000732;
UPDATE event_wave_group_data SET disp_reward_id_4=60022, reward_odds_4=12 WHERE id=600000733;
UPDATE event_wave_group_data SET disp_reward_id_4=60022, reward_odds_4=12 WHERE id=600000734;
UPDATE event_wave_group_data SET disp_reward_id_4=60022, reward_odds_4=12 WHERE id=600000735;
UPDATE event_wave_group_data SET disp_reward_id_4=60022, reward_odds_4=12 WHERE id=600000736;
UPDATE event_wave_group_data SET disp_reward_id_4=60022, reward_odds_4=12 WHERE id=600000737;
UPDATE event_wave_group_data SET disp_reward_id_4=60022, reward_odds_4=12 WHERE id=600000738;
UPDATE event_wave_group_data SET disp_reward_id_4=60022, reward_odds_4=12 WHERE id=600000739;
UPDATE event_wave_group_data SET disp_reward_id_4=60022, reward_odds_4=12 WHERE id=600000740;
UPDATE event_wave_group_data SET disp_reward_id_4=60022, reward_odds_4=12 WHERE id=600000741;
UPDATE event_wave_group_data SET disp_reward_id_4=60022, reward_odds_4=12 WHERE id=600000742;
UPDATE event_wave_group_data SET disp_reward_id_4=60022, reward_odds_4=12 WHERE id=600000743;
UPDATE event_wave_group_data SET disp_reward_id_4=60022, reward_odds_4=12 WHERE id=600000744;
UPDATE event_wave_group_data SET disp_reward_id_4=60022, reward_odds_4=12 WHERE id=600000745;
UPDATE event_wave_group_data SET disp_reward_id_4=60022, reward_odds_4=12 WHERE id=600000746;
UPDATE event_wave_group_data SET disp_reward_id_4=60022, reward_odds_4=12 WHERE id=600000747;
UPDATE event_wave_group_data SET disp_reward_id_4=60022, reward_odds_4=12 WHERE id=600000748;
UPDATE event_wave_group_data SET disp_reward_id_4=60022, reward_odds_4=12 WHERE id=600000749;
UPDATE event_wave_group_data SET disp_reward_id_4=60022, reward_odds_4=12 WHERE id=600000750;
UPDATE event_wave_group_data SET disp_reward_id_4=60022, reward_odds_4=12 WHERE id=600000751;
UPDATE event_wave_group_data SET disp_reward_id_4=60022, reward_odds_4=12 WHERE id=600000752;
UPDATE event_wave_group_data SET disp_reward_id_4=60022, reward_odds_4=12 WHERE id=600000753;
UPDATE event_wave_group_data SET disp_reward_id_4=60022, reward_odds_4=12 WHERE id=600000754;
UPDATE event_wave_group_data SET disp_reward_id_4=60022, reward_odds_4=12 WHERE id=600000755;
UPDATE event_wave_group_data SET disp_reward_id_4=60022, reward_odds_4=12 WHERE id=600000756;
UPDATE event_wave_group_data SET disp_reward_id_4=60022, reward_odds_4=12 WHERE id=600000757;
UPDATE event_wave_group_data SET disp_reward_id_4=60022, reward_odds_4=12 WHERE id=600000758;
UPDATE event_wave_group_data SET disp_reward_id_4=60022, reward_odds_4=12 WHERE id=600000759;
UPDATE event_wave_group_data SET disp_reward_id_4=60022, reward_odds_4=12 WHERE id=600000760;
UPDATE event_wave_group_data SET disp_reward_id_4=60022, reward_odds_4=12 WHERE id=600000761;
UPDATE event_wave_group_data SET disp_reward_id_4=60022, reward_odds_4=12 WHERE id=600000762;
UPDATE event_wave_group_data SET disp_reward_id_4=60022, reward_odds_4=12 WHERE id=600000763;
UPDATE event_wave_group_data SET disp_reward_id_4=60022, reward_odds_4=12 WHERE id=600000764;
UPDATE event_wave_group_data SET disp_reward_id_4=60022, reward_odds_4=12 WHERE id=600000765;
UPDATE event_wave_group_data SET disp_reward_id_4=60022, reward_odds_4=12 WHERE id=600000766;
UPDATE event_wave_group_data SET disp_reward_id_4=60022, reward_odds_4=12 WHERE id=600000767;
UPDATE event_wave_group_data SET disp_reward_id_4=60022, reward_odds_4=12 WHERE id=600000768;
UPDATE event_wave_group_data SET disp_reward_id_4=60022, reward_odds_4=12 WHERE id=600000769;
UPDATE event_wave_group_data SET disp_reward_id_4=60022, reward_odds_4=12 WHERE id=600000770;
UPDATE event_wave_group_data SET disp_reward_id_4=60022, reward_odds_4=12 WHERE id=600000771;
UPDATE event_wave_group_data SET disp_reward_id_4=60022, reward_odds_4=12 WHERE id=600000772;
UPDATE event_wave_group_data SET disp_reward_id_4=60022, reward_odds_4=12 WHERE id=600000773;
UPDATE event_wave_group_data SET disp_reward_id_4=60022, reward_odds_4=12 WHERE id=600000774;
UPDATE event_wave_group_data SET disp_reward_id_4=60022, reward_odds_4=12 WHERE id=600000775;
UPDATE event_wave_group_data SET disp_reward_id_4=60022, reward_odds_4=12 WHERE id=600000776;
UPDATE event_wave_group_data SET disp_reward_id_4=60022, reward_odds_4=12 WHERE id=600000777;
UPDATE event_wave_group_data SET disp_reward_id_4=60022, reward_odds_4=12 WHERE id=600000778;
UPDATE event_wave_group_data SET disp_reward_id_4=60022, reward_odds_4=12 WHERE id=600000779;
UPDATE event_wave_group_data SET disp_reward_id_4=60022, reward_odds_4=12 WHERE id=600000780;
UPDATE event_wave_group_data SET disp_reward_id_4=60022, reward_odds_4=12 WHERE id=600000781;
UPDATE event_wave_group_data SET disp_reward_id_4=60022, reward_odds_4=12 WHERE id=600000782;
UPDATE event_wave_group_data SET disp_reward_id_4=60022, reward_odds_4=12 WHERE id=600000783;
UPDATE event_wave_group_data SET disp_reward_id_4=60022, reward_odds_4=12 WHERE id=600000784;
UPDATE event_wave_group_data SET disp_reward_id_4=60022, reward_odds_4=12 WHERE id=600000785;
UPDATE event_wave_group_data SET disp_reward_id_4=60022, reward_odds_4=12 WHERE id=600000786;
UPDATE event_wave_group_data SET disp_reward_id_4=60022, reward_odds_4=12 WHERE id=600000787;
UPDATE event_wave_group_data SET disp_reward_id_4=60022, reward_odds_4=12 WHERE id=600000788;
UPDATE event_wave_group_data SET disp_reward_id_4=60022, reward_odds_4=12 WHERE id=600000789;
UPDATE event_wave_group_data SET disp_reward_id_4=60022, reward_odds_4=12 WHERE id=600000790;
UPDATE event_wave_group_data SET disp_reward_id_4=60022, reward_odds_4=12 WHERE id=600000791;
UPDATE event_wave_group_data SET disp_reward_id_4=60022, reward_odds_4=12 WHERE id=600000792;
UPDATE event_wave_group_data SET disp_reward_id_4=60022, reward_odds_4=12 WHERE id=600000793;
UPDATE event_wave_group_data SET disp_reward_id_4=60022, reward_odds_4=12 WHERE id=600000794;
UPDATE event_wave_group_data SET disp_reward_id_4=60022, reward_odds_4=12 WHERE id=600000795;
UPDATE event_wave_group_data SET disp_reward_id_4=60022, reward_odds_4=12 WHERE id=600000796;
UPDATE event_wave_group_data SET disp_reward_id_4=60022, reward_odds_4=12 WHERE id=600000797;
UPDATE event_wave_group_data SET disp_reward_id_4=60022, reward_odds_4=12 WHERE id=600000798;
UPDATE event_wave_group_data SET disp_reward_id_4=60022, reward_odds_4=12 WHERE id=600000799;
UPDATE event_wave_group_data SET disp_reward_id_4=60022, reward_odds_4=12 WHERE id=600000800;
UPDATE event_wave_group_data SET disp_reward_id_4=60022, reward_odds_4=12 WHERE id=600000801;
UPDATE event_wave_group_data SET disp_reward_id_4=60022, reward_odds_4=12 WHERE id=600000802;
UPDATE event_wave_group_data SET disp_reward_id_4=60022, reward_odds_4=12 WHERE id=600000803;
UPDATE event_wave_group_data SET disp_reward_id_4=60022, reward_odds_4=12 WHERE id=600000804;
UPDATE event_wave_group_data SET disp_reward_id_4=60022, reward_odds_4=12 WHERE id=600000805;
UPDATE event_wave_group_data SET disp_reward_id_4=60022, reward_odds_4=12 WHERE id=600000806;
UPDATE event_wave_group_data SET disp_reward_id_4=60022, reward_odds_4=12 WHERE id=600000807;
UPDATE event_wave_group_data SET disp_reward_id_4=60022, reward_odds_4=12 WHERE id=600000808;
UPDATE event_wave_group_data SET disp_reward_id_4=60022, reward_odds_4=12 WHERE id=600000809;
UPDATE event_wave_group_data SET disp_reward_id_4=60022, reward_odds_4=12 WHERE id=600000810;
UPDATE event_wave_group_data SET disp_reward_id_4=60022, reward_odds_4=12 WHERE id=600000811;
UPDATE event_wave_group_data SET disp_reward_id_4=60022, reward_odds_4=12 WHERE id=600000812;
UPDATE event_wave_group_data SET disp_reward_id_4=60022, reward_odds_4=12 WHERE id=600000813;
UPDATE event_wave_group_data SET disp_reward_id_4=60022, reward_odds_4=12 WHERE id=600000814;
UPDATE event_wave_group_data SET disp_reward_id_4=60022, reward_odds_4=12 WHERE id=600000815;
UPDATE event_wave_group_data SET disp_reward_id_4=60022, reward_odds_4=12 WHERE id=600000816;
UPDATE event_wave_group_data SET disp_reward_id_4=60022, reward_odds_4=12 WHERE id=600000817;
UPDATE event_wave_group_data SET disp_reward_id_4=60022, reward_odds_4=12 WHERE id=600000818;
UPDATE event_wave_group_data SET disp_reward_id_4=60022, reward_odds_4=12 WHERE id=600000819;
UPDATE event_wave_group_data SET disp_reward_id_4=60022, reward_odds_4=12 WHERE id=600000820;
UPDATE event_wave_group_data SET disp_reward_id_4=60022, reward_odds_4=12 WHERE id=600000821;
UPDATE event_wave_group_data SET disp_reward_id_4=60022, reward_odds_4=12 WHERE id=600000822;
UPDATE event_wave_group_data SET disp_reward_id_4=60022, reward_odds_4=12 WHERE id=600000823;
UPDATE event_wave_group_data SET disp_reward_id_4=60022, reward_odds_4=12 WHERE id=600000824;
UPDATE event_wave_group_data SET disp_reward_id_4=60022, reward_odds_4=12 WHERE id=600000825;
UPDATE event_wave_group_data SET disp_reward_id_4=60022, reward_odds_4=12 WHERE id=600000826;
UPDATE event_wave_group_data SET disp_reward_id_4=60022, reward_odds_4=12 WHERE id=600000827;
UPDATE event_wave_group_data SET disp_reward_id_4=60022, reward_odds_4=12 WHERE id=600000828;
UPDATE event_wave_group_data SET disp_reward_id_4=60022, reward_odds_4=12 WHERE id=600000829;
UPDATE event_wave_group_data SET disp_reward_id_4=60022, reward_odds_4=12 WHERE id=600000830;
UPDATE event_wave_group_data SET disp_reward_id_4=60022, reward_odds_4=12 WHERE id=600000831;
UPDATE event_wave_group_data SET disp_reward_id_4=60022, reward_odds_4=12 WHERE id=600000832;
UPDATE event_wave_group_data SET disp_reward_id_4=60022, reward_odds_4=12 WHERE id=600000833;
UPDATE event_wave_group_data SET disp_reward_id_4=60022, reward_odds_4=12 WHERE id=600000834;
UPDATE event_wave_group_data SET disp_reward_id_4=60022, reward_odds_4=12 WHERE id=600000835;
UPDATE event_wave_group_data SET disp_reward_id_4=60022, reward_odds_4=12 WHERE id=600000836;
UPDATE event_wave_group_data SET disp_reward_id_4=60022, reward_odds_4=12 WHERE id=600000837;
UPDATE event_wave_group_data SET disp_reward_id_4=60022, reward_odds_4=12 WHERE id=600000838;
UPDATE event_wave_group_data SET disp_reward_id_4=60022, reward_odds_4=12 WHERE id=600000839;
UPDATE event_wave_group_data SET disp_reward_id_4=60022, reward_odds_4=12 WHERE id=600000840;
UPDATE event_wave_group_data SET disp_reward_id_4=60022, reward_odds_4=12 WHERE id=600000841;
UPDATE event_wave_group_data SET disp_reward_id_4=60022, reward_odds_4=12 WHERE id=600000842;
UPDATE event_wave_group_data SET disp_reward_id_4=60022, reward_odds_4=12 WHERE id=600000843;
UPDATE event_wave_group_data SET disp_reward_id_4=60022, reward_odds_4=12 WHERE id=600000844;
UPDATE event_wave_group_data SET disp_reward_id_4=60022, reward_odds_4=12 WHERE id=600000845;
UPDATE event_wave_group_data SET disp_reward_id_4=60022, reward_odds_4=12 WHERE id=600000846;
UPDATE event_wave_group_data SET disp_reward_id_4=60022, reward_odds_4=12 WHERE id=600000847;
UPDATE event_wave_group_data SET disp_reward_id_4=60022, reward_odds_4=12 WHERE id=600000848;
UPDATE event_wave_group_data SET disp_reward_id_4=60022, reward_odds_4=12 WHERE id=600000849;
UPDATE event_wave_group_data SET disp_reward_id_4=60022, reward_odds_4=12 WHERE id=600000850;
UPDATE event_wave_group_data SET disp_reward_id_4=60022, reward_odds_4=12 WHERE id=600000851;
UPDATE event_wave_group_data SET disp_reward_id_4=60022, reward_odds_4=12 WHERE id=600000852;
UPDATE event_wave_group_data SET disp_reward_id_4=60022, reward_odds_4=12 WHERE id=600000853;
UPDATE event_wave_group_data SET disp_reward_id_4=60022, reward_odds_4=12 WHERE id=600000854;
UPDATE event_wave_group_data SET disp_reward_id_4=60022, reward_odds_4=12 WHERE id=600000855;
UPDATE event_wave_group_data SET disp_reward_id_4=60022, reward_odds_4=12 WHERE id=600000856;
UPDATE event_wave_group_data SET disp_reward_id_4=60022, reward_odds_4=12 WHERE id=600000857;
UPDATE event_wave_group_data SET disp_reward_id_4=60022, reward_odds_4=12 WHERE id=600000858;
UPDATE event_wave_group_data SET disp_reward_id_4=60022, reward_odds_4=12 WHERE id=600000859;
UPDATE event_wave_group_data SET disp_reward_id_4=60022, reward_odds_4=12 WHERE id=600000860;
UPDATE event_wave_group_data SET disp_reward_id_4=60022, reward_odds_4=12 WHERE id=600000861;
UPDATE event_wave_group_data SET disp_reward_id_4=60022, reward_odds_4=12 WHERE id=600000862;
UPDATE event_wave_group_data SET disp_reward_id_4=60022, reward_odds_4=12 WHERE id=600000863;
UPDATE event_wave_group_data SET disp_reward_id_4=60022, reward_odds_4=12 WHERE id=600000864;
UPDATE event_wave_group_data SET disp_reward_id_4=60022, reward_odds_4=12 WHERE id=600000865;
UPDATE event_wave_group_data SET disp_reward_id_4=60022, reward_odds_4=12 WHERE id=600000866;
UPDATE event_wave_group_data SET disp_reward_id_4=60022, reward_odds_4=12 WHERE id=600000867;
UPDATE event_wave_group_data SET disp_reward_id_4=60022, reward_odds_4=12 WHERE id=600000868;
UPDATE event_wave_group_data SET disp_reward_id_4=60022, reward_odds_4=12 WHERE id=600000869;
UPDATE event_wave_group_data SET disp_reward_id_4=60022, reward_odds_4=12 WHERE id=600000870;
UPDATE event_wave_group_data SET disp_reward_id_4=60022, reward_odds_4=12 WHERE id=600000871;
UPDATE event_wave_group_data SET disp_reward_id_4=60022, reward_odds_4=12 WHERE id=600000872;
UPDATE event_wave_group_data SET disp_reward_id_4=60022, reward_odds_4=12 WHERE id=600000873;
UPDATE event_wave_group_data SET disp_reward_id_4=60022, reward_odds_4=12 WHERE id=600000874;
UPDATE event_wave_group_data SET disp_reward_id_4=60022, reward_odds_4=12 WHERE id=600000875;
UPDATE event_wave_group_data SET disp_reward_id_4=60022, reward_odds_4=12 WHERE id=600000876;
UPDATE event_wave_group_data SET disp_reward_id_4=60022, reward_odds_4=12 WHERE id=600000877;
UPDATE event_wave_group_data SET disp_reward_id_4=60022, reward_odds_4=12 WHERE id=600000878;
UPDATE event_wave_group_data SET disp_reward_id_4=60022, reward_odds_4=12 WHERE id=600000879;
UPDATE event_wave_group_data SET disp_reward_id_4=60022, reward_odds_4=12 WHERE id=600000880;
UPDATE event_wave_group_data SET disp_reward_id_4=60022, reward_odds_4=12 WHERE id=600000881;
UPDATE event_wave_group_data SET disp_reward_id_4=60022, reward_odds_4=12 WHERE id=600000882;
UPDATE event_wave_group_data SET disp_reward_id_4=60022, reward_odds_4=12 WHERE id=600000883;
UPDATE event_wave_group_data SET disp_reward_id_4=60022, reward_odds_4=12 WHERE id=600000884;
UPDATE event_wave_group_data SET disp_reward_id_4=60022, reward_odds_4=12 WHERE id=600000885;
UPDATE event_wave_group_data SET disp_reward_id_4=60022, reward_odds_4=12 WHERE id=600000886;
UPDATE event_wave_group_data SET disp_reward_id_4=60022, reward_odds_4=12 WHERE id=600000887;
UPDATE event_wave_group_data SET disp_reward_id_4=60022, reward_odds_4=12 WHERE id=600000888;
UPDATE event_wave_group_data SET disp_reward_id_4=60022, reward_odds_4=12 WHERE id=600000889;
UPDATE event_wave_group_data SET disp_reward_id_4=60022, reward_odds_4=12 WHERE id=600000890;
UPDATE event_wave_group_data SET disp_reward_id_4=60022, reward_odds_4=12 WHERE id=600000891;
UPDATE event_wave_group_data SET disp_reward_id_4=60022, reward_odds_4=12 WHERE id=600000892;
UPDATE event_wave_group_data SET disp_reward_id_4=60022, reward_odds_4=12 WHERE id=600000893;
UPDATE event_wave_group_data SET disp_reward_id_4=60022, reward_odds_4=12 WHERE id=600000894;
UPDATE event_wave_group_data SET disp_reward_id_4=60022, reward_odds_4=12 WHERE id=600000895;
UPDATE event_wave_group_data SET disp_reward_id_4=60022, reward_odds_4=12 WHERE id=600000896;
UPDATE event_wave_group_data SET disp_reward_id_4=60022, reward_odds_4=12 WHERE id=600000897;
UPDATE event_wave_group_data SET disp_reward_id_4=60022, reward_odds_4=12 WHERE id=600000898;
UPDATE event_wave_group_data SET disp_reward_id_4=60022, reward_odds_4=12 WHERE id=600000899;
UPDATE event_wave_group_data SET disp_reward_id_4=60022, reward_odds_4=12 WHERE id=600000900;
UPDATE event_wave_group_data SET disp_reward_id_4=60022, reward_odds_4=12 WHERE id=600000901;
UPDATE event_wave_group_data SET disp_reward_id_4=60022, reward_odds_4=12 WHERE id=600000902;
UPDATE event_wave_group_data SET disp_reward_id_4=60022, reward_odds_4=12 WHERE id=600000903;
UPDATE event_wave_group_data SET disp_reward_id_4=60022, reward_odds_4=12 WHERE id=600000904;
UPDATE event_wave_group_data SET disp_reward_id_4=60022, reward_odds_4=12 WHERE id=600000905;
UPDATE event_wave_group_data SET disp_reward_id_4=60022, reward_odds_4=12 WHERE id=600000906;
UPDATE event_wave_group_data SET disp_reward_id_4=60022, reward_odds_4=12 WHERE id=600000907;
UPDATE event_wave_group_data SET disp_reward_id_4=60022, reward_odds_4=12 WHERE id=600000908;
UPDATE event_wave_group_data SET disp_reward_id_4=60022, reward_odds_4=12 WHERE id=600000909;
UPDATE event_wave_group_data SET disp_reward_id_4=60022, reward_odds_4=12 WHERE id=600000910;
UPDATE event_wave_group_data SET disp_reward_id_4=60022, reward_odds_4=12 WHERE id=600000911;
UPDATE event_wave_group_data SET disp_reward_id_4=60022, reward_odds_4=12 WHERE id=600000912;
UPDATE event_wave_group_data SET disp_reward_id_4=60022, reward_odds_4=12 WHERE id=600000913;
UPDATE event_wave_group_data SET disp_reward_id_4=60022, reward_odds_4=12 WHERE id=600000914;
UPDATE event_wave_group_data SET disp_reward_id_4=60022, reward_odds_4=12 WHERE id=600000915;
UPDATE event_wave_group_data SET disp_reward_id_1=60021 WHERE id=600001033;
UPDATE event_wave_group_data SET disp_reward_id_1=60021 WHERE id=600001034;
UPDATE event_wave_group_data SET disp_reward_id_1=60021 WHERE id=600001035;
UPDATE event_wave_group_data SET disp_reward_id_1=60021 WHERE id=600001036;
UPDATE event_wave_group_data SET disp_reward_id_1=60021 WHERE id=600001037;
UPDATE event_wave_group_data SET disp_reward_id_1=60021 WHERE id=600001038;
UPDATE event_wave_group_data SET disp_reward_id_1=60021 WHERE id=600001039;
UPDATE event_wave_group_data SET disp_reward_id_1=60021 WHERE id=600001040;
UPDATE event_wave_group_data SET disp_reward_id_1=60021 WHERE id=600001041;
UPDATE event_wave_group_data SET disp_reward_id_1=60021 WHERE id=600001042;
UPDATE event_wave_group_data SET disp_reward_id_1=60021 WHERE id=600001043;
UPDATE event_wave_group_data SET disp_reward_id_1=60021 WHERE id=600001044;
UPDATE event_wave_group_data SET disp_reward_id_1=60021 WHERE id=600001045;
UPDATE event_wave_group_data SET disp_reward_id_1=60021 WHERE id=600001046;
UPDATE event_wave_group_data SET disp_reward_id_1=60021 WHERE id=600001047;
UPDATE event_wave_group_data SET disp_reward_id_1=60021 WHERE id=600001048;
UPDATE event_wave_group_data SET disp_reward_id_1=60021 WHERE id=600001049;
UPDATE event_wave_group_data SET disp_reward_id_1=60021 WHERE id=600001050;
UPDATE event_wave_group_data SET disp_reward_id_1=60021 WHERE id=600001051;
UPDATE event_wave_group_data SET disp_reward_id_1=60021 WHERE id=600001052;
UPDATE event_wave_group_data SET disp_reward_id_1=60021 WHERE id=600001053;
UPDATE event_wave_group_data SET disp_reward_id_1=60021 WHERE id=600001054;
UPDATE event_wave_group_data SET disp_reward_id_1=60021 WHERE id=600001055;
UPDATE event_wave_group_data SET disp_reward_id_1=60021 WHERE id=600001056;
UPDATE event_wave_group_data SET disp_reward_id_1=60021 WHERE id=600001057;
UPDATE event_wave_group_data SET disp_reward_id_1=60021 WHERE id=600001058;
UPDATE event_wave_group_data SET disp_reward_id_1=60021 WHERE id=600001059;
UPDATE event_wave_group_data SET disp_reward_id_1=60021 WHERE id=600001060;
UPDATE event_wave_group_data SET disp_reward_id_1=60021 WHERE id=600001061;
UPDATE event_wave_group_data SET disp_reward_id_1=60021 WHERE id=600001062;
UPDATE event_wave_group_data SET disp_reward_id_1=60021 WHERE id=600001063;
UPDATE event_wave_group_data SET disp_reward_id_1=60021 WHERE id=600001064;
UPDATE event_wave_group_data SET disp_reward_id_1=60021 WHERE id=600001065;
UPDATE event_wave_group_data SET disp_reward_id_1=60021 WHERE id=600001066;
UPDATE event_wave_group_data SET disp_reward_id_1=60021 WHERE id=600001067;
UPDATE event_wave_group_data SET disp_reward_id_1=60021 WHERE id=600001068;
UPDATE event_wave_group_data SET disp_reward_id_1=60021 WHERE id=600001069;
UPDATE event_wave_group_data SET disp_reward_id_1=60021 WHERE id=600001070;
UPDATE event_wave_group_data SET disp_reward_id_1=60021 WHERE id=600001071;
UPDATE event_wave_group_data SET disp_reward_id_1=60021 WHERE id=600001072;
UPDATE event_wave_group_data SET disp_reward_id_1=60021 WHERE id=600001073;
UPDATE event_wave_group_data SET disp_reward_id_1=60021 WHERE id=600001074;
UPDATE event_wave_group_data SET disp_reward_id_1=60021 WHERE id=600001075;
UPDATE event_wave_group_data SET disp_reward_id_1=60021 WHERE id=600001076;
UPDATE event_wave_group_data SET disp_reward_id_1=60021 WHERE id=600001077;
UPDATE event_wave_group_data SET disp_reward_id_1=60021 WHERE id=600001078;
UPDATE event_wave_group_data SET disp_reward_id_1=60021 WHERE id=600001079;
UPDATE event_wave_group_data SET disp_reward_id_1=60021 WHERE id=600001080;
UPDATE event_wave_group_data SET disp_reward_id_1=60021 WHERE id=600001081;
UPDATE event_wave_group_data SET disp_reward_id_1=60021 WHERE id=600001082;
UPDATE event_wave_group_data SET disp_reward_id_1=60021 WHERE id=600001083;
UPDATE event_wave_group_data SET disp_reward_id_1=60021 WHERE id=600001084;
UPDATE event_wave_group_data SET disp_reward_id_1=60021 WHERE id=600001085;
UPDATE event_wave_group_data SET disp_reward_id_1=60021 WHERE id=600001086;
UPDATE event_wave_group_data SET disp_reward_id_1=60021 WHERE id=600001087;
UPDATE event_wave_group_data SET disp_reward_id_1=60021 WHERE id=600001088;
UPDATE event_wave_group_data SET disp_reward_id_1=60021 WHERE id=600001089;
UPDATE event_wave_group_data SET disp_reward_id_1=60021 WHERE id=600001090;
UPDATE event_wave_group_data SET disp_reward_id_1=60021 WHERE id=600001091;
UPDATE event_wave_group_data SET disp_reward_id_1=60021 WHERE id=600001092;
UPDATE event_wave_group_data SET disp_reward_id_1=60021 WHERE id=600001093;
UPDATE event_wave_group_data SET disp_reward_id_1=60021 WHERE id=600001094;
UPDATE event_wave_group_data SET disp_reward_id_1=60021 WHERE id=600001095;
UPDATE event_wave_group_data SET disp_reward_id_1=60021 WHERE id=600001096;
UPDATE event_wave_group_data SET disp_reward_id_1=60021 WHERE id=600001097;
UPDATE event_wave_group_data SET disp_reward_id_1=60021 WHERE id=600001098;
UPDATE event_wave_group_data SET disp_reward_id_1=60021 WHERE id=600001099;
UPDATE event_wave_group_data SET disp_reward_id_1=60021 WHERE id=600001100;
UPDATE event_wave_group_data SET disp_reward_id_1=60021 WHERE id=600001101;
UPDATE event_wave_group_data SET disp_reward_id_1=60021 WHERE id=600001102;
UPDATE event_wave_group_data SET disp_reward_id_1=60021 WHERE id=600001103;
UPDATE event_wave_group_data SET disp_reward_id_1=60021 WHERE id=600001104;
UPDATE event_wave_group_data SET disp_reward_id_1=60021 WHERE id=600001105;
UPDATE event_wave_group_data SET disp_reward_id_1=60021 WHERE id=600001106;
UPDATE event_wave_group_data SET disp_reward_id_1=60021 WHERE id=600001107;
UPDATE event_wave_group_data SET disp_reward_id_1=60021 WHERE id=600001108;
UPDATE event_wave_group_data SET disp_reward_id_1=60021 WHERE id=600001109;
UPDATE event_wave_group_data SET disp_reward_id_1=60021 WHERE id=600001110;
UPDATE event_wave_group_data SET disp_reward_id_1=60021 WHERE id=600001111;
UPDATE event_wave_group_data SET disp_reward_id_1=60021 WHERE id=600001112;
UPDATE event_wave_group_data SET disp_reward_id_1=60021 WHERE id=600001113;
UPDATE event_wave_group_data SET disp_reward_id_1=60021 WHERE id=600001114;
UPDATE event_wave_group_data SET disp_reward_id_1=60021 WHERE id=600001115;
UPDATE event_wave_group_data SET disp_reward_id_1=60021 WHERE id=600001116;
UPDATE event_wave_group_data SET disp_reward_id_1=60021 WHERE id=600001117;
UPDATE event_wave_group_data SET disp_reward_id_1=60021 WHERE id=600001118;
UPDATE event_wave_group_data SET disp_reward_id_1=60021 WHERE id=600001119;
UPDATE event_wave_group_data SET disp_reward_id_1=60021 WHERE id=600001120;
UPDATE event_wave_group_data SET disp_reward_id_1=60021 WHERE id=600001121;
UPDATE event_wave_group_data SET disp_reward_id_1=60021 WHERE id=600001122;
UPDATE event_wave_group_data SET disp_reward_id_1=60021 WHERE id=600001123;
UPDATE event_wave_group_data SET disp_reward_id_1=60021 WHERE id=600001124;
UPDATE event_wave_group_data SET disp_reward_id_1=60021 WHERE id=600001125;
UPDATE event_wave_group_data SET disp_reward_id_1=60021 WHERE id=600001126;
UPDATE event_wave_group_data SET disp_reward_id_1=60021 WHERE id=600001127;
UPDATE event_wave_group_data SET disp_reward_id_1=60021 WHERE id=600001128;
UPDATE event_wave_group_data SET disp_reward_id_1=60021 WHERE id=600001129;
UPDATE event_wave_group_data SET disp_reward_id_1=60021 WHERE id=600001130;
UPDATE event_wave_group_data SET disp_reward_id_1=60021 WHERE id=600001131;
UPDATE event_wave_group_data SET disp_reward_id_1=60021 WHERE id=600001132;
UPDATE event_wave_group_data SET disp_reward_id_1=60021 WHERE id=600001133;
UPDATE event_wave_group_data SET disp_reward_id_1=60021 WHERE id=600001134;
UPDATE event_wave_group_data SET disp_reward_id_1=60021 WHERE id=600001135;
UPDATE event_wave_group_data SET disp_reward_id_1=60021 WHERE id=600001136;
UPDATE event_wave_group_data SET disp_reward_id_1=60021 WHERE id=600001137;
UPDATE event_wave_group_data SET disp_reward_id_1=60021 WHERE id=600001138;
UPDATE event_wave_group_data SET disp_reward_id_1=60021 WHERE id=600001139;
UPDATE event_wave_group_data SET disp_reward_id_1=60021 WHERE id=600001140;
UPDATE event_wave_group_data SET disp_reward_id_1=60021 WHERE id=600001141;
UPDATE event_wave_group_data SET disp_reward_id_1=60021 WHERE id=600001142;
UPDATE event_wave_group_data SET disp_reward_id_1=60021 WHERE id=600001143;
UPDATE event_wave_group_data SET disp_reward_id_1=60021 WHERE id=600001144;
UPDATE event_wave_group_data SET disp_reward_id_1=60021 WHERE id=600001145;
UPDATE event_wave_group_data SET disp_reward_id_1=60021 WHERE id=600001146;
UPDATE event_wave_group_data SET disp_reward_id_1=60021 WHERE id=600001147;
UPDATE event_wave_group_data SET disp_reward_id_1=60021 WHERE id=600001148;
UPDATE event_wave_group_data SET disp_reward_id_1=60021 WHERE id=600001149;
UPDATE event_wave_group_data SET disp_reward_id_4=60022, reward_odds_4=25 WHERE id=600001150;
UPDATE event_wave_group_data SET disp_reward_id_4=60022, reward_odds_4=25 WHERE id=600001151;
UPDATE event_wave_group_data SET disp_reward_id_4=60022, reward_odds_4=25 WHERE id=600001152;
UPDATE event_wave_group_data SET disp_reward_id_4=60022, reward_odds_4=25 WHERE id=600001153;
UPDATE event_wave_group_data SET disp_reward_id_4=60022, reward_odds_4=25 WHERE id=600001154;
UPDATE event_wave_group_data SET disp_reward_id_4=60022, reward_odds_4=25 WHERE id=600001155;
UPDATE event_wave_group_data SET disp_reward_id_4=60022, reward_odds_4=25 WHERE id=600001156;
UPDATE event_wave_group_data SET disp_reward_id_4=60022, reward_odds_4=25 WHERE id=600001157;
UPDATE event_wave_group_data SET disp_reward_id_4=60022, reward_odds_4=25 WHERE id=600001158;
UPDATE event_wave_group_data SET disp_reward_id_4=60022, reward_odds_4=25 WHERE id=600001159;
UPDATE event_wave_group_data SET disp_reward_id_4=60022, reward_odds_4=25 WHERE id=600001160;
UPDATE event_wave_group_data SET disp_reward_id_4=60022, reward_odds_4=25 WHERE id=600001161;
UPDATE event_wave_group_data SET disp_reward_id_4=60022, reward_odds_4=25 WHERE id=600001162;
UPDATE event_wave_group_data SET disp_reward_id_4=60022, reward_odds_4=25 WHERE id=600001163;
UPDATE event_wave_group_data SET disp_reward_id_4=60022, reward_odds_4=25 WHERE id=600001164;
UPDATE event_wave_group_data SET disp_reward_id_4=60022, reward_odds_4=25 WHERE id=600001165;
UPDATE event_wave_group_data SET disp_reward_id_4=60022, reward_odds_4=25 WHERE id=600001166;
UPDATE event_wave_group_data SET disp_reward_id_4=60022, reward_odds_4=25 WHERE id=600001167;
UPDATE event_wave_group_data SET disp_reward_id_4=60022, reward_odds_4=25 WHERE id=600001168;
UPDATE event_wave_group_data SET disp_reward_id_4=60022, reward_odds_4=25 WHERE id=600001169;
UPDATE event_wave_group_data SET disp_reward_id_4=60022, reward_odds_4=25 WHERE id=600001170;
UPDATE event_wave_group_data SET disp_reward_id_4=60022, reward_odds_4=25 WHERE id=600001171;
UPDATE event_wave_group_data SET disp_reward_id_4=60022, reward_odds_4=25 WHERE id=600001172;
UPDATE event_wave_group_data SET disp_reward_id_4=60022, reward_odds_4=25 WHERE id=600001173;
UPDATE event_wave_group_data SET disp_reward_id_4=60022, reward_odds_4=25 WHERE id=600001174;
UPDATE event_wave_group_data SET disp_reward_id_4=60022, reward_odds_4=25 WHERE id=600001175;
UPDATE event_wave_group_data SET disp_reward_id_4=60022, reward_odds_4=25 WHERE id=600001176;
UPDATE event_wave_group_data SET disp_reward_id_4=60022, reward_odds_4=25 WHERE id=600001177;
UPDATE event_wave_group_data SET disp_reward_id_4=60022, reward_odds_4=25 WHERE id=600001178;
UPDATE event_wave_group_data SET disp_reward_id_4=60022, reward_odds_4=25 WHERE id=600001179;
UPDATE event_wave_group_data SET disp_reward_id_4=60022, reward_odds_4=25 WHERE id=600001180;
UPDATE event_wave_group_data SET disp_reward_id_4=60022, reward_odds_4=25 WHERE id=600001181;
UPDATE event_wave_group_data SET disp_reward_id_4=60022, reward_odds_4=25 WHERE id=600001182;
UPDATE event_wave_group_data SET disp_reward_id_4=60022, reward_odds_4=25 WHERE id=600001183;
UPDATE event_wave_group_data SET disp_reward_id_4=60022, reward_odds_4=25 WHERE id=600001184;
UPDATE event_wave_group_data SET disp_reward_id_4=60022, reward_odds_4=25 WHERE id=600001185;
UPDATE event_wave_group_data SET disp_reward_id_4=60022, reward_odds_4=25 WHERE id=600001186;
UPDATE event_wave_group_data SET disp_reward_id_4=60022, reward_odds_4=25 WHERE id=600001187;
UPDATE event_wave_group_data SET disp_reward_id_4=60022, reward_odds_4=25 WHERE id=600001188;
UPDATE event_wave_group_data SET disp_reward_id_4=60022, reward_odds_4=25 WHERE id=600001189;
UPDATE event_wave_group_data SET disp_reward_id_4=60022, reward_odds_4=25 WHERE id=600001190;
UPDATE event_wave_group_data SET disp_reward_id_4=60022, reward_odds_4=25 WHERE id=600001191;
UPDATE event_wave_group_data SET disp_reward_id_4=60022, reward_odds_4=25 WHERE id=600001192;
UPDATE event_wave_group_data SET disp_reward_id_4=60022, reward_odds_4=25 WHERE id=600001193;
UPDATE event_wave_group_data SET disp_reward_id_4=60022, reward_odds_4=25 WHERE id=600001194;
UPDATE event_wave_group_data SET disp_reward_id_4=60022, reward_odds_4=25 WHERE id=600001195;
UPDATE event_wave_group_data SET disp_reward_id_4=60022, reward_odds_4=25 WHERE id=600001196;
UPDATE event_wave_group_data SET disp_reward_id_4=60022, reward_odds_4=25 WHERE id=600001197;
UPDATE event_wave_group_data SET disp_reward_id_4=60022, reward_odds_4=25 WHERE id=600001198;
UPDATE event_wave_group_data SET disp_reward_id_4=60022, reward_odds_4=25 WHERE id=600001199;
UPDATE event_wave_group_data SET disp_reward_id_4=60022, reward_odds_4=25 WHERE id=600001200;
UPDATE event_wave_group_data SET disp_reward_id_4=60022, reward_odds_4=25 WHERE id=600001201;
UPDATE event_wave_group_data SET disp_reward_id_4=60022, reward_odds_4=25 WHERE id=600001202;
UPDATE event_wave_group_data SET disp_reward_id_4=60022, reward_odds_4=25 WHERE id=600001203;
UPDATE event_wave_group_data SET disp_reward_id_4=60022, reward_odds_4=25 WHERE id=600001204;
UPDATE event_wave_group_data SET disp_reward_id_4=60022, reward_odds_4=25 WHERE id=600001205;
UPDATE event_wave_group_data SET disp_reward_id_4=60022, reward_odds_4=25 WHERE id=600001206;
UPDATE event_wave_group_data SET disp_reward_id_4=60022, reward_odds_4=25 WHERE id=600001207;
UPDATE event_wave_group_data SET disp_reward_id_4=60022, reward_odds_4=25 WHERE id=600001208;
UPDATE event_wave_group_data SET disp_reward_id_4=60022, reward_odds_4=25 WHERE id=600001209;
UPDATE event_wave_group_data SET disp_reward_id_4=60022, reward_odds_4=25 WHERE id=600001210;
UPDATE event_wave_group_data SET disp_reward_id_4=60022, reward_odds_4=25 WHERE id=600001211;
UPDATE event_wave_group_data SET disp_reward_id_4=60022, reward_odds_4=25 WHERE id=600001212;
UPDATE event_wave_group_data SET disp_reward_id_4=60022, reward_odds_4=25 WHERE id=600001213;
UPDATE event_wave_group_data SET disp_reward_id_4=60022, reward_odds_4=25 WHERE id=600001214;
UPDATE event_wave_group_data SET disp_reward_id_4=60022, reward_odds_4=25 WHERE id=600001215;
UPDATE event_wave_group_data SET disp_reward_id_4=60022, reward_odds_4=25 WHERE id=600001216;
UPDATE event_wave_group_data SET disp_reward_id_4=60022, reward_odds_4=25 WHERE id=600001217;
UPDATE event_wave_group_data SET disp_reward_id_4=60022, reward_odds_4=25 WHERE id=600001218;
UPDATE event_wave_group_data SET disp_reward_id_4=60022, reward_odds_4=25 WHERE id=600001219;
UPDATE event_wave_group_data SET disp_reward_id_4=60022, reward_odds_4=25 WHERE id=600001220;
UPDATE event_wave_group_data SET disp_reward_id_4=60022, reward_odds_4=25 WHERE id=600001221;
UPDATE event_wave_group_data SET disp_reward_id_4=60022, reward_odds_4=25 WHERE id=600001222;
UPDATE event_wave_group_data SET disp_reward_id_4=60022, reward_odds_4=25 WHERE id=600001223;
UPDATE event_wave_group_data SET disp_reward_id_4=60022, reward_odds_4=25 WHERE id=600001224;
UPDATE event_wave_group_data SET disp_reward_id_4=60022, reward_odds_4=25 WHERE id=600001225;
UPDATE event_wave_group_data SET disp_reward_id_4=60022, reward_odds_4=25 WHERE id=600001226;
UPDATE event_wave_group_data SET disp_reward_id_4=60022, reward_odds_4=25 WHERE id=600001227;
UPDATE event_wave_group_data SET disp_reward_id_4=60022, reward_odds_4=25 WHERE id=600001228;
UPDATE event_wave_group_data SET disp_reward_id_4=60022, reward_odds_4=25 WHERE id=600001229;
UPDATE event_wave_group_data SET disp_reward_id_4=60022, reward_odds_4=25 WHERE id=600001230;
UPDATE event_wave_group_data SET disp_reward_id_4=60022, reward_odds_4=25 WHERE id=600001231;
UPDATE event_wave_group_data SET disp_reward_id_4=60022, reward_odds_4=25 WHERE id=600001232;
UPDATE event_wave_group_data SET disp_reward_id_4=60022, reward_odds_4=25 WHERE id=600001233;
UPDATE event_wave_group_data SET disp_reward_id_4=60022, reward_odds_4=25 WHERE id=600001234;
UPDATE event_wave_group_data SET disp_reward_id_4=60022, reward_odds_4=25 WHERE id=600001235;
UPDATE event_wave_group_data SET disp_reward_id_4=60022, reward_odds_4=25 WHERE id=600001236;
UPDATE event_wave_group_data SET disp_reward_id_4=60022, reward_odds_4=25 WHERE id=600001237;
UPDATE event_wave_group_data SET disp_reward_id_4=60022, reward_odds_4=25 WHERE id=600001238;
UPDATE event_wave_group_data SET disp_reward_id_4=60022, reward_odds_4=25 WHERE id=600001239;
UPDATE event_wave_group_data SET disp_reward_id_4=60022, reward_odds_4=25 WHERE id=600001240;
UPDATE event_wave_group_data SET disp_reward_id_4=60022, reward_odds_4=25 WHERE id=600001241;
UPDATE event_wave_group_data SET disp_reward_id_4=60022, reward_odds_4=25 WHERE id=600001242;
UPDATE event_wave_group_data SET disp_reward_id_4=60022, reward_odds_4=25 WHERE id=600001243;
UPDATE event_wave_group_data SET disp_reward_id_4=60022, reward_odds_4=25 WHERE id=600001244;
UPDATE event_wave_group_data SET disp_reward_id_4=60022, reward_odds_4=25 WHERE id=600001245;
UPDATE event_wave_group_data SET disp_reward_id_4=60022, reward_odds_4=25 WHERE id=600001246;
UPDATE event_wave_group_data SET disp_reward_id_4=60022, reward_odds_4=25 WHERE id=600001247;
UPDATE event_wave_group_data SET disp_reward_id_4=60022, reward_odds_4=25 WHERE id=600001248;
UPDATE event_wave_group_data SET disp_reward_id_4=60022, reward_odds_4=25 WHERE id=600001249;
UPDATE event_wave_group_data SET disp_reward_id_4=60022, reward_odds_4=25 WHERE id=600001250;
UPDATE event_wave_group_data SET disp_reward_id_4=60022, reward_odds_4=25 WHERE id=600001251;
UPDATE event_wave_group_data SET disp_reward_id_4=60022, reward_odds_4=25 WHERE id=600001252;
UPDATE event_wave_group_data SET disp_reward_id_4=60022, reward_odds_4=25 WHERE id=600001253;
UPDATE event_wave_group_data SET disp_reward_id_4=60022, reward_odds_4=25 WHERE id=600001254;
UPDATE event_wave_group_data SET disp_reward_id_4=60022, reward_odds_4=25 WHERE id=600001255;
UPDATE event_wave_group_data SET disp_reward_id_4=60022, reward_odds_4=25 WHERE id=600001256;
UPDATE event_wave_group_data SET disp_reward_id_4=60022, reward_odds_4=25 WHERE id=600001257;
UPDATE event_wave_group_data SET disp_reward_id_4=60022, reward_odds_4=25 WHERE id=600001258;
UPDATE event_wave_group_data SET disp_reward_id_4=60022, reward_odds_4=25 WHERE id=600001259;
UPDATE event_wave_group_data SET disp_reward_id_4=60022, reward_odds_4=25 WHERE id=600001260;
UPDATE event_wave_group_data SET disp_reward_id_4=60022, reward_odds_4=25 WHERE id=600001261;
UPDATE event_wave_group_data SET disp_reward_id_4=60022, reward_odds_4=25 WHERE id=600001262;
UPDATE event_wave_group_data SET disp_reward_id_4=60022, reward_odds_4=25 WHERE id=600001263;
UPDATE event_wave_group_data SET disp_reward_id_4=60022, reward_odds_4=25 WHERE id=600001264;
UPDATE event_wave_group_data SET disp_reward_id_4=60022, reward_odds_4=25 WHERE id=600001265;
UPDATE event_wave_group_data SET disp_reward_id_4=60022, reward_odds_4=25 WHERE id=600001266;
UPDATE event_wave_group_data SET reward_group_id_1=61001011, disp_reward_id_1=60021 WHERE id=600001572;
UPDATE event_wave_group_data SET reward_group_id_1=61001011, disp_reward_id_1=60021 WHERE id=600001573;
UPDATE event_wave_group_data SET reward_group_id_1=61001011, disp_reward_id_1=60021 WHERE id=600001574;
UPDATE event_wave_group_data SET reward_group_id_1=61001011, disp_reward_id_1=60021 WHERE id=600001575;
UPDATE event_wave_group_data SET reward_group_id_1=61001011, disp_reward_id_1=60021 WHERE id=600001576;
UPDATE event_wave_group_data SET reward_group_id_1=61001011, disp_reward_id_1=60021 WHERE id=600001577;
UPDATE event_wave_group_data SET reward_group_id_1=61001011, disp_reward_id_1=60021 WHERE id=600001578;
UPDATE event_wave_group_data SET reward_group_id_1=61001011, disp_reward_id_1=60021 WHERE id=600001579;
UPDATE event_wave_group_data SET reward_group_id_1=61001011, disp_reward_id_1=60021 WHERE id=600001580;
UPDATE event_wave_group_data SET reward_group_id_1=61001011, disp_reward_id_1=60021 WHERE id=600001581;
UPDATE event_wave_group_data SET reward_group_id_1=61001011, disp_reward_id_1=60021 WHERE id=600001582;
UPDATE event_wave_group_data SET reward_group_id_1=61001011, disp_reward_id_1=60021 WHERE id=600001583;
UPDATE event_wave_group_data SET reward_group_id_1=61001011, disp_reward_id_1=60021 WHERE id=600001584;
UPDATE event_wave_group_data SET reward_group_id_1=61001011, disp_reward_id_1=60021 WHERE id=600001585;
UPDATE event_wave_group_data SET reward_group_id_1=61001011, disp_reward_id_1=60021 WHERE id=600001586;
UPDATE event_wave_group_data SET reward_group_id_1=61001011, disp_reward_id_1=60021 WHERE id=600001587;
UPDATE event_wave_group_data SET reward_group_id_1=61001011, disp_reward_id_1=60021 WHERE id=600001588;
UPDATE event_wave_group_data SET reward_group_id_1=61001011, disp_reward_id_1=60021 WHERE id=600001589;
UPDATE event_wave_group_data SET reward_group_id_1=61001011, disp_reward_id_1=60021 WHERE id=600001590;
UPDATE event_wave_group_data SET reward_group_id_1=61001011, disp_reward_id_1=60021 WHERE id=600001591;
UPDATE event_wave_group_data SET reward_group_id_1=61001011, disp_reward_id_1=60021 WHERE id=600001592;
UPDATE event_wave_group_data SET reward_group_id_1=61001011, disp_reward_id_1=60021 WHERE id=600001593;
UPDATE event_wave_group_data SET reward_group_id_1=61001011, disp_reward_id_1=60021 WHERE id=600001594;
UPDATE event_wave_group_data SET reward_group_id_1=61001011, disp_reward_id_1=60021 WHERE id=600001595;
UPDATE event_wave_group_data SET reward_group_id_1=61001011, disp_reward_id_1=60021 WHERE id=600001596;
UPDATE event_wave_group_data SET reward_group_id_1=61001011, disp_reward_id_1=60021 WHERE id=600001597;
UPDATE event_wave_group_data SET reward_group_id_1=61001011, disp_reward_id_1=60021 WHERE id=600001598;
UPDATE event_wave_group_data SET reward_group_id_1=61001011, disp_reward_id_1=60021 WHERE id=600001599;
UPDATE event_wave_group_data SET reward_group_id_1=61001011, disp_reward_id_1=60021 WHERE id=600001600;
UPDATE event_wave_group_data SET reward_group_id_1=61001011, disp_reward_id_1=60021 WHERE id=600001601;
UPDATE event_wave_group_data SET reward_group_id_1=61001011, disp_reward_id_1=60021 WHERE id=600001602;
UPDATE event_wave_group_data SET reward_group_id_1=61001011, disp_reward_id_1=60021 WHERE id=600001603;
UPDATE event_wave_group_data SET reward_group_id_1=61001011, disp_reward_id_1=60021 WHERE id=600001604;
UPDATE event_wave_group_data SET reward_group_id_1=61001011, disp_reward_id_1=60021 WHERE id=600001605;
UPDATE event_wave_group_data SET reward_group_id_1=61001011, disp_reward_id_1=60021 WHERE id=600001606;
UPDATE event_wave_group_data SET reward_group_id_1=61001011, disp_reward_id_1=60021 WHERE id=600001607;
UPDATE event_wave_group_data SET reward_group_id_1=61001011, disp_reward_id_1=60021 WHERE id=600001608;
UPDATE event_wave_group_data SET reward_group_id_1=61001011, disp_reward_id_1=60021 WHERE id=600001609;
UPDATE event_wave_group_data SET reward_group_id_1=61001011, disp_reward_id_1=60021 WHERE id=600001610;
UPDATE event_wave_group_data SET reward_group_id_1=61001011, disp_reward_id_1=60021 WHERE id=600001611;
UPDATE event_wave_group_data SET reward_group_id_1=61001011, disp_reward_id_1=60021 WHERE id=600001612;
UPDATE event_wave_group_data SET reward_group_id_1=61001011, disp_reward_id_1=60021 WHERE id=600001613;
UPDATE event_wave_group_data SET reward_group_id_1=61001011, disp_reward_id_1=60021 WHERE id=600001614;
UPDATE event_wave_group_data SET reward_group_id_1=61001011, disp_reward_id_1=60021 WHERE id=600001615;
UPDATE event_wave_group_data SET reward_group_id_1=61001011, disp_reward_id_1=60021 WHERE id=600001616;
UPDATE event_wave_group_data SET reward_group_id_1=61001011, disp_reward_id_1=60021 WHERE id=600001617;
UPDATE event_wave_group_data SET reward_group_id_1=61001011, disp_reward_id_1=60021 WHERE id=600001618;
UPDATE event_wave_group_data SET reward_group_id_1=61001011, disp_reward_id_1=60021 WHERE id=600001619;
UPDATE event_wave_group_data SET reward_group_id_1=61001011, disp_reward_id_1=60021 WHERE id=600001620;
UPDATE event_wave_group_data SET reward_group_id_1=61001011, disp_reward_id_1=60021 WHERE id=600001621;
UPDATE event_wave_group_data SET reward_group_id_1=61001011, disp_reward_id_1=60021 WHERE id=600001622;
UPDATE event_wave_group_data SET reward_group_id_1=61001011, disp_reward_id_1=60021 WHERE id=600001623;
UPDATE event_wave_group_data SET reward_group_id_1=61001011, disp_reward_id_1=60021 WHERE id=600001624;
UPDATE event_wave_group_data SET reward_group_id_1=61001011, disp_reward_id_1=60021 WHERE id=600001625;
UPDATE event_wave_group_data SET reward_group_id_1=61001011, disp_reward_id_1=60021 WHERE id=600001626;
UPDATE event_wave_group_data SET reward_group_id_1=61001011, disp_reward_id_1=60021 WHERE id=600001627;
UPDATE event_wave_group_data SET reward_group_id_1=61001011, disp_reward_id_1=60021 WHERE id=600001628;
UPDATE event_wave_group_data SET reward_group_id_1=61001011, disp_reward_id_1=60021 WHERE id=600001629;
UPDATE event_wave_group_data SET reward_group_id_1=61001011, disp_reward_id_1=60021 WHERE id=600001630;
UPDATE event_wave_group_data SET reward_group_id_1=61001011, disp_reward_id_1=60021 WHERE id=600001631;
UPDATE event_wave_group_data SET reward_group_id_1=61001011, disp_reward_id_1=60021 WHERE id=600001632;
UPDATE event_wave_group_data SET reward_group_id_1=61001011, disp_reward_id_1=60021 WHERE id=600001633;
UPDATE event_wave_group_data SET reward_group_id_1=61001011, disp_reward_id_1=60021 WHERE id=600001634;
UPDATE event_wave_group_data SET reward_group_id_1=61001011, disp_reward_id_1=60021 WHERE id=600001635;
UPDATE event_wave_group_data SET reward_group_id_1=61001011, disp_reward_id_1=60021 WHERE id=600001636;
UPDATE event_wave_group_data SET reward_group_id_1=61001011, disp_reward_id_1=60021 WHERE id=600001637;
UPDATE event_wave_group_data SET reward_group_id_1=61001011, disp_reward_id_1=60021 WHERE id=600001638;
UPDATE event_wave_group_data SET reward_group_id_1=61001011, disp_reward_id_1=60021 WHERE id=600001639;
UPDATE event_wave_group_data SET reward_group_id_1=61001011, disp_reward_id_1=60021 WHERE id=600001640;
UPDATE event_wave_group_data SET reward_group_id_1=61001011, disp_reward_id_1=60021 WHERE id=600001641;
UPDATE event_wave_group_data SET reward_group_id_1=61001011, disp_reward_id_1=60021 WHERE id=600001642;
UPDATE event_wave_group_data SET reward_group_id_1=61001011, disp_reward_id_1=60021 WHERE id=600001643;
UPDATE event_wave_group_data SET reward_group_id_1=61001011, disp_reward_id_1=60021 WHERE id=600001644;
UPDATE event_wave_group_data SET reward_group_id_1=61001011, disp_reward_id_1=60021 WHERE id=600001645;
UPDATE event_wave_group_data SET reward_group_id_1=61001011, disp_reward_id_1=60021 WHERE id=600001646;
UPDATE event_wave_group_data SET reward_group_id_1=61001011, disp_reward_id_1=60021 WHERE id=600001647;
UPDATE event_wave_group_data SET reward_group_id_1=61001011, disp_reward_id_1=60021 WHERE id=600001648;
UPDATE event_wave_group_data SET reward_group_id_1=61001011, disp_reward_id_1=60021 WHERE id=600001649;
UPDATE event_wave_group_data SET reward_group_id_1=61001011, disp_reward_id_1=60021 WHERE id=600001650;
UPDATE event_wave_group_data SET reward_group_id_1=61001011, disp_reward_id_1=60021 WHERE id=600001651;
UPDATE event_wave_group_data SET reward_group_id_1=61001011, disp_reward_id_1=60021 WHERE id=600001652;
UPDATE event_wave_group_data SET reward_group_id_1=61001011, disp_reward_id_1=60021 WHERE id=600001653;
UPDATE event_wave_group_data SET reward_group_id_1=61001011, disp_reward_id_1=60021 WHERE id=600001654;
UPDATE event_wave_group_data SET reward_group_id_1=61001011, disp_reward_id_1=60021 WHERE id=600001655;
UPDATE event_wave_group_data SET reward_group_id_1=61001011, disp_reward_id_1=60021 WHERE id=600001656;
UPDATE event_wave_group_data SET reward_group_id_1=61001011, disp_reward_id_1=60021 WHERE id=600001657;
UPDATE event_wave_group_data SET reward_group_id_1=61001011, disp_reward_id_1=60021 WHERE id=600001658;
UPDATE event_wave_group_data SET reward_group_id_1=61001011, disp_reward_id_1=60021 WHERE id=600001659;
UPDATE event_wave_group_data SET reward_group_id_1=61001011, disp_reward_id_1=60021 WHERE id=600001660;
UPDATE event_wave_group_data SET reward_group_id_1=61001011, disp_reward_id_1=60021 WHERE id=600001661;
UPDATE event_wave_group_data SET reward_group_id_1=61001011, disp_reward_id_1=60021 WHERE id=600001662;
UPDATE event_wave_group_data SET reward_group_id_1=61001011, disp_reward_id_1=60021 WHERE id=600001663;
UPDATE event_wave_group_data SET reward_group_id_1=61001011, disp_reward_id_1=60021 WHERE id=600001664;
UPDATE event_wave_group_data SET reward_group_id_1=61001011, disp_reward_id_1=60021 WHERE id=600001665;
UPDATE event_wave_group_data SET reward_group_id_1=61001011, disp_reward_id_1=60021 WHERE id=600001666;
UPDATE event_wave_group_data SET reward_group_id_1=61001011, disp_reward_id_1=60021 WHERE id=600001667;
UPDATE event_wave_group_data SET reward_group_id_1=61001011, disp_reward_id_1=60021 WHERE id=600001668;
UPDATE event_wave_group_data SET reward_group_id_1=61001011, disp_reward_id_1=60021 WHERE id=600001669;
UPDATE event_wave_group_data SET reward_group_id_1=61001011, disp_reward_id_1=60021 WHERE id=600001670;
UPDATE event_wave_group_data SET reward_group_id_1=61001011, disp_reward_id_1=60021 WHERE id=600001671;
UPDATE event_wave_group_data SET reward_group_id_1=61001011, disp_reward_id_1=60021 WHERE id=600001672;
UPDATE event_wave_group_data SET reward_group_id_1=61001011, disp_reward_id_1=60021 WHERE id=600001673;
UPDATE event_wave_group_data SET reward_group_id_1=61001011, disp_reward_id_1=60021 WHERE id=600001674;
UPDATE event_wave_group_data SET reward_group_id_1=61001011, disp_reward_id_1=60021 WHERE id=600001675;
UPDATE event_wave_group_data SET reward_group_id_1=61001011, disp_reward_id_1=60021 WHERE id=600001676;
UPDATE event_wave_group_data SET reward_group_id_1=61001011, disp_reward_id_1=60021 WHERE id=600001677;
UPDATE event_wave_group_data SET reward_group_id_1=61001011, disp_reward_id_1=60021 WHERE id=600001678;
UPDATE event_wave_group_data SET reward_group_id_1=61001011, disp_reward_id_1=60021 WHERE id=600001679;
UPDATE event_wave_group_data SET reward_group_id_1=61001011, disp_reward_id_1=60021 WHERE id=600001680;
UPDATE event_wave_group_data SET reward_group_id_1=61001011, disp_reward_id_1=60021 WHERE id=600001681;
UPDATE event_wave_group_data SET reward_group_id_1=61001011, disp_reward_id_1=60021 WHERE id=600001682;
UPDATE event_wave_group_data SET reward_group_id_1=61001011, disp_reward_id_1=60021 WHERE id=600001683;
UPDATE event_wave_group_data SET reward_group_id_1=61001011, disp_reward_id_1=60021 WHERE id=600001684;
UPDATE event_wave_group_data SET reward_group_id_1=61001011, disp_reward_id_1=60021 WHERE id=600001685;
UPDATE event_wave_group_data SET reward_group_id_1=61001011, disp_reward_id_1=60021 WHERE id=600001686;
UPDATE event_wave_group_data SET reward_group_id_1=61001011, disp_reward_id_1=60021 WHERE id=600001687;
UPDATE event_wave_group_data SET reward_group_id_1=61001011, disp_reward_id_1=60021 WHERE id=600001688;
UPDATE event_wave_group_data SET reward_group_id_1=61001011, disp_reward_id_1=60021 WHERE id=600001689;
UPDATE event_wave_group_data SET reward_group_id_1=61001011, disp_reward_id_1=60021 WHERE id=600001690;
UPDATE event_wave_group_data SET reward_group_id_1=61001011, disp_reward_id_1=60021 WHERE id=600001691;
UPDATE event_wave_group_data SET reward_group_id_1=61001011, disp_reward_id_1=60021 WHERE id=600001692;
UPDATE event_wave_group_data SET reward_group_id_1=61001011, disp_reward_id_1=60021 WHERE id=600001693;
UPDATE event_wave_group_data SET reward_group_id_1=61001011, disp_reward_id_1=60021 WHERE id=600001694;
UPDATE event_wave_group_data SET reward_group_id_1=61001011, disp_reward_id_1=60021 WHERE id=600001695;
UPDATE event_wave_group_data SET reward_group_id_1=61001011, disp_reward_id_1=60021 WHERE id=600001696;
UPDATE event_wave_group_data SET reward_group_id_1=61001011, disp_reward_id_1=60021 WHERE id=600001697;
UPDATE event_wave_group_data SET reward_group_id_1=61001011, disp_reward_id_1=60021 WHERE id=600001698;
UPDATE event_wave_group_data SET reward_group_id_1=61001011, disp_reward_id_1=60021 WHERE id=600001699;
UPDATE event_wave_group_data SET reward_group_id_1=61001011, disp_reward_id_1=60021 WHERE id=600001700;
UPDATE event_wave_group_data SET reward_group_id_1=61001011, disp_reward_id_1=60021 WHERE id=600001701;
UPDATE event_wave_group_data SET reward_group_id_1=61001011, disp_reward_id_1=60021 WHERE id=600001702;
UPDATE event_wave_group_data SET reward_group_id_1=61001011, disp_reward_id_1=60021 WHERE id=600001703;
UPDATE event_wave_group_data SET reward_group_id_1=61001011, disp_reward_id_1=60021 WHERE id=600001704;
UPDATE event_wave_group_data SET reward_group_id_1=61001011, disp_reward_id_1=60021 WHERE id=600001705;
UPDATE event_wave_group_data SET reward_group_id_1=61001011, disp_reward_id_1=60021 WHERE id=600001706;
UPDATE event_wave_group_data SET reward_group_id_1=61001011, disp_reward_id_1=60021 WHERE id=600001707;
UPDATE event_wave_group_data SET reward_group_id_1=61001011, disp_reward_id_1=60021 WHERE id=600001708;
UPDATE event_wave_group_data SET reward_group_id_1=61001011, disp_reward_id_1=60021 WHERE id=600001709;
UPDATE event_wave_group_data SET reward_group_id_1=61001011, disp_reward_id_1=60021 WHERE id=600001710;
UPDATE event_wave_group_data SET reward_group_id_1=61001011, disp_reward_id_1=60021 WHERE id=600001711;
UPDATE event_wave_group_data SET reward_group_id_1=61001011, disp_reward_id_1=60021 WHERE id=600001712;
UPDATE event_wave_group_data SET reward_group_id_1=61001011, disp_reward_id_1=60021 WHERE id=600001713;
UPDATE event_wave_group_data SET reward_group_id_1=61001011, disp_reward_id_1=60021 WHERE id=600001714;
UPDATE event_wave_group_data SET reward_group_id_1=61001011, disp_reward_id_1=60021 WHERE id=600001715;
UPDATE event_wave_group_data SET reward_group_id_1=61001011, disp_reward_id_1=60021 WHERE id=600001716;
UPDATE event_wave_group_data SET reward_group_id_1=61001011, disp_reward_id_1=60021 WHERE id=600001717;
UPDATE event_wave_group_data SET reward_group_id_1=61001011, disp_reward_id_1=60021 WHERE id=600001718;
UPDATE event_wave_group_data SET reward_group_id_1=61001011, disp_reward_id_1=60021 WHERE id=600001719;
UPDATE event_wave_group_data SET reward_group_id_1=61001011, disp_reward_id_1=60021 WHERE id=600001720;
UPDATE event_wave_group_data SET reward_group_id_1=61001011, disp_reward_id_1=60021 WHERE id=600001721;
UPDATE event_wave_group_data SET reward_group_id_1=61001011, disp_reward_id_1=60021 WHERE id=600001722;
UPDATE event_wave_group_data SET reward_group_id_1=61001011, disp_reward_id_1=60021 WHERE id=600001723;
UPDATE event_wave_group_data SET reward_group_id_1=61001011, disp_reward_id_1=60021 WHERE id=600001724;
UPDATE event_wave_group_data SET reward_group_id_1=61001011, disp_reward_id_1=60021 WHERE id=600001725;
UPDATE event_wave_group_data SET reward_group_id_1=61001011, disp_reward_id_1=60021 WHERE id=600001726;
UPDATE event_wave_group_data SET reward_group_id_1=61001011, disp_reward_id_1=60021 WHERE id=600001727;
UPDATE event_wave_group_data SET reward_group_id_1=61001011, disp_reward_id_1=60021 WHERE id=600001728;
UPDATE event_wave_group_data SET reward_group_id_1=61001011, disp_reward_id_1=60021 WHERE id=600001729;
UPDATE event_wave_group_data SET reward_group_id_1=61001011, disp_reward_id_1=60021 WHERE id=600001730;
UPDATE event_wave_group_data SET reward_group_id_1=61001011, disp_reward_id_1=60021 WHERE id=600001731;
UPDATE event_wave_group_data SET reward_group_id_1=61001011, disp_reward_id_1=60021 WHERE id=600001732;
UPDATE event_wave_group_data SET reward_group_id_1=61001011, disp_reward_id_1=60021 WHERE id=600001733;
UPDATE event_wave_group_data SET reward_group_id_1=61001011, disp_reward_id_1=60021 WHERE id=600001734;
UPDATE event_wave_group_data SET reward_group_id_1=61001011, disp_reward_id_1=60021 WHERE id=600001735;
UPDATE event_wave_group_data SET reward_group_id_1=61001011, disp_reward_id_1=60021 WHERE id=600001736;
UPDATE event_wave_group_data SET reward_group_id_1=61001011, disp_reward_id_1=60021 WHERE id=600001737;
UPDATE event_wave_group_data SET reward_group_id_1=61001011, disp_reward_id_1=60021 WHERE id=600001738;
UPDATE event_wave_group_data SET reward_group_id_1=61001011, disp_reward_id_1=60021 WHERE id=600001739;
UPDATE event_wave_group_data SET reward_group_id_1=61001011, disp_reward_id_1=60021 WHERE id=600001740;
UPDATE event_wave_group_data SET reward_group_id_1=61001011, disp_reward_id_1=60021 WHERE id=600001741;
UPDATE event_wave_group_data SET reward_group_id_1=61001011, disp_reward_id_1=60021 WHERE id=600001742;
UPDATE event_wave_group_data SET reward_group_id_1=61001011, disp_reward_id_1=60021 WHERE id=600001743;
UPDATE event_wave_group_data SET reward_group_id_1=61001011, disp_reward_id_1=60021 WHERE id=600001744;
UPDATE event_wave_group_data SET reward_group_id_1=61001011, disp_reward_id_1=60021 WHERE id=600001745;
UPDATE event_wave_group_data SET reward_group_id_1=61001011, disp_reward_id_1=60021 WHERE id=600001746;
UPDATE event_wave_group_data SET reward_group_id_1=61001011, disp_reward_id_1=60021 WHERE id=600001747;
UPDATE event_wave_group_data SET reward_group_id_1=61001011, disp_reward_id_1=60021 WHERE id=600001748;
UPDATE event_wave_group_data SET reward_group_id_1=61001011, disp_reward_id_1=60021 WHERE id=600001749;
UPDATE event_wave_group_data SET reward_group_id_1=61001011, disp_reward_id_1=60021 WHERE id=600001750;
UPDATE event_wave_group_data SET reward_group_id_1=61001011, disp_reward_id_1=60021 WHERE id=600001751;
UPDATE event_wave_group_data SET reward_group_id_1=61001011, disp_reward_id_1=60021 WHERE id=600001752;
UPDATE event_wave_group_data SET reward_group_id_1=61001011, disp_reward_id_1=60021 WHERE id=600001753;
UPDATE event_wave_group_data SET reward_group_id_1=61001011, disp_reward_id_1=60021 WHERE id=600001754;
UPDATE event_wave_group_data SET reward_group_id_1=61001011, disp_reward_id_1=60021 WHERE id=600001755;
UPDATE event_wave_group_data SET reward_group_id_1=61001011, disp_reward_id_1=60021 WHERE id=600001756;
UPDATE event_wave_group_data SET reward_group_id_1=61001011, disp_reward_id_1=60021 WHERE id=600001757;
UPDATE event_wave_group_data SET reward_group_id_1=61001011, disp_reward_id_1=60021 WHERE id=600001758;
UPDATE event_wave_group_data SET reward_group_id_1=61001011, disp_reward_id_1=60021 WHERE id=600001759;
UPDATE event_wave_group_data SET reward_group_id_1=61001011, disp_reward_id_1=60021 WHERE id=600001760;
UPDATE event_wave_group_data SET reward_group_id_1=61001011, disp_reward_id_1=60021 WHERE id=600001761;
UPDATE event_wave_group_data SET reward_group_id_1=61001011, disp_reward_id_1=60021 WHERE id=600001762;
UPDATE event_wave_group_data SET reward_group_id_1=61001011, disp_reward_id_1=60021 WHERE id=600001763;
UPDATE event_wave_group_data SET reward_group_id_1=61001011, disp_reward_id_1=60021 WHERE id=600001764;
UPDATE event_wave_group_data SET reward_group_id_1=61001011, disp_reward_id_1=60021 WHERE id=600001765;
UPDATE event_wave_group_data SET reward_group_id_1=61001011, disp_reward_id_1=60021 WHERE id=600001766;
UPDATE event_wave_group_data SET reward_group_id_1=61001011, disp_reward_id_1=60021 WHERE id=600001767;
UPDATE event_wave_group_data SET reward_group_id_1=61001011, disp_reward_id_1=60021 WHERE id=600001768;
UPDATE event_wave_group_data SET reward_group_id_1=61001011, disp_reward_id_1=60021 WHERE id=600001769;
UPDATE event_wave_group_data SET reward_group_id_1=61001011, disp_reward_id_1=60021 WHERE id=600001770;
UPDATE event_wave_group_data SET reward_group_id_1=61001011, disp_reward_id_1=60021 WHERE id=600001771;
UPDATE event_wave_group_data SET reward_group_id_1=61001011, disp_reward_id_1=60021 WHERE id=600001772;
UPDATE event_wave_group_data SET reward_group_id_1=61001011, disp_reward_id_1=60021 WHERE id=600001773;
UPDATE event_wave_group_data SET reward_group_id_1=61001011, disp_reward_id_1=60021 WHERE id=600001774;
UPDATE event_wave_group_data SET reward_group_id_1=61001011, disp_reward_id_1=60021 WHERE id=600001775;
UPDATE event_wave_group_data SET reward_group_id_1=61001011, disp_reward_id_1=60021 WHERE id=600001776;
UPDATE event_wave_group_data SET reward_group_id_1=61001011, disp_reward_id_1=60021 WHERE id=600001777;
UPDATE event_wave_group_data SET reward_group_id_1=61001011, disp_reward_id_1=60021 WHERE id=600001778;
UPDATE event_wave_group_data SET reward_group_id_1=61001011, disp_reward_id_1=60021 WHERE id=600001779;
UPDATE event_wave_group_data SET reward_group_id_1=61001011, disp_reward_id_1=60021 WHERE id=600001780;
UPDATE event_wave_group_data SET reward_group_id_1=61001011, disp_reward_id_1=60021 WHERE id=600001781;
UPDATE event_wave_group_data SET reward_group_id_1=61001011, disp_reward_id_1=60021 WHERE id=600001782;
UPDATE event_wave_group_data SET reward_group_id_1=61001011, disp_reward_id_1=60021 WHERE id=600001783;
UPDATE event_wave_group_data SET reward_group_id_1=61001011, disp_reward_id_1=60021 WHERE id=600001784;
UPDATE event_wave_group_data SET reward_group_id_1=61001011, disp_reward_id_1=60021 WHERE id=600001785;
UPDATE event_wave_group_data SET reward_group_id_1=61001011, disp_reward_id_1=60021 WHERE id=600001786;
UPDATE event_wave_group_data SET reward_group_id_1=61001011, disp_reward_id_1=60021 WHERE id=600001787;
UPDATE event_wave_group_data SET reward_group_id_1=61001011, disp_reward_id_1=60021 WHERE id=600001788;
UPDATE event_wave_group_data SET reward_group_id_1=61001011, disp_reward_id_1=60021 WHERE id=600001789;
UPDATE event_wave_group_data SET reward_group_id_1=61001011, disp_reward_id_1=60021 WHERE id=600001790;
UPDATE event_wave_group_data SET reward_group_id_1=61001011, disp_reward_id_1=60021 WHERE id=600001791;
UPDATE event_wave_group_data SET reward_group_id_1=61001011, disp_reward_id_1=60021 WHERE id=600001792;
UPDATE event_wave_group_data SET reward_group_id_1=61001011, disp_reward_id_1=60021 WHERE id=600001793;
UPDATE event_wave_group_data SET reward_group_id_1=61001011, disp_reward_id_1=60021 WHERE id=600001794;
UPDATE event_wave_group_data SET reward_group_id_1=61001011, disp_reward_id_1=60021 WHERE id=600001795;
UPDATE event_wave_group_data SET reward_group_id_1=61001011, disp_reward_id_1=60021 WHERE id=600001796;
UPDATE event_wave_group_data SET reward_group_id_1=61001011, disp_reward_id_1=60021 WHERE id=600001797;
UPDATE event_wave_group_data SET reward_group_id_1=61001011, disp_reward_id_1=60021 WHERE id=600001798;
UPDATE event_wave_group_data SET reward_group_id_1=61001011, disp_reward_id_1=60021 WHERE id=600001799;
UPDATE event_wave_group_data SET reward_group_id_1=61001011, disp_reward_id_1=60021 WHERE id=600001800;
UPDATE event_wave_group_data SET reward_group_id_1=61001011, disp_reward_id_1=60021 WHERE id=600001801;
UPDATE event_wave_group_data SET reward_group_id_1=61001011, disp_reward_id_1=60021 WHERE id=600001802;
UPDATE event_wave_group_data SET reward_group_id_1=61001011, disp_reward_id_1=60021 WHERE id=600001803;
UPDATE event_wave_group_data SET reward_group_id_1=61001011, disp_reward_id_1=60021 WHERE id=600001804;
UPDATE event_wave_group_data SET reward_group_id_1=61001011, disp_reward_id_1=60021 WHERE id=600001805;
UPDATE event_wave_group_data SET reward_group_id_1=61001011, disp_reward_id_1=60021 WHERE id=600001806;
UPDATE event_wave_group_data SET reward_group_id_1=61001011, disp_reward_id_1=60021 WHERE id=600001807;
UPDATE event_wave_group_data SET reward_group_id_1=61001011, disp_reward_id_1=60021 WHERE id=600001808;
UPDATE event_wave_group_data SET reward_group_id_1=61001011, disp_reward_id_1=60021 WHERE id=600001809;
UPDATE event_wave_group_data SET reward_group_id_1=61001011, disp_reward_id_1=60021 WHERE id=600001810;
UPDATE event_wave_group_data SET reward_group_id_1=61001011, disp_reward_id_1=60021 WHERE id=600001811;
UPDATE event_wave_group_data SET reward_group_id_1=61001011, disp_reward_id_1=60021 WHERE id=600001812;
UPDATE event_wave_group_data SET reward_group_id_1=61001011, disp_reward_id_1=60021 WHERE id=600001813;
UPDATE event_wave_group_data SET reward_group_id_1=61001011, disp_reward_id_1=60021 WHERE id=600001814;
UPDATE event_wave_group_data SET reward_group_id_1=61001011, disp_reward_id_1=60021 WHERE id=600001815;
UPDATE event_wave_group_data SET reward_group_id_1=61001011, disp_reward_id_1=60021 WHERE id=600001816;
UPDATE event_wave_group_data SET reward_group_id_1=61001011, disp_reward_id_1=60021 WHERE id=600001817;
UPDATE event_wave_group_data SET reward_group_id_1=61001011, disp_reward_id_1=60021 WHERE id=600001818;
UPDATE event_wave_group_data SET reward_group_id_1=61001011, disp_reward_id_1=60021 WHERE id=600001819;
UPDATE event_wave_group_data SET reward_group_id_1=61001011, disp_reward_id_1=60021 WHERE id=600001820;
UPDATE event_wave_group_data SET reward_group_id_1=61001011, disp_reward_id_1=60021 WHERE id=600001821;
UPDATE event_wave_group_data SET reward_group_id_1=61001011, disp_reward_id_1=60021 WHERE id=600001822;
UPDATE event_wave_group_data SET reward_group_id_1=61001011, disp_reward_id_1=60021 WHERE id=600001823;
UPDATE event_wave_group_data SET reward_group_id_1=61001011, disp_reward_id_1=60021 WHERE id=600001824;
UPDATE event_wave_group_data SET reward_group_id_1=61001011, disp_reward_id_1=60021 WHERE id=600001825;
UPDATE event_wave_group_data SET reward_group_id_1=61001011, disp_reward_id_1=60021 WHERE id=600001826;
UPDATE event_wave_group_data SET reward_group_id_1=61001011, disp_reward_id_1=60021 WHERE id=600001827;
UPDATE event_wave_group_data SET reward_group_id_1=61001011, disp_reward_id_1=60021 WHERE id=600001828;
UPDATE event_wave_group_data SET reward_group_id_1=61001011, disp_reward_id_1=60021 WHERE id=600001829;
UPDATE event_wave_group_data SET reward_group_id_1=61001011, disp_reward_id_1=60021 WHERE id=600001830;
UPDATE event_wave_group_data SET reward_group_id_1=61001011, disp_reward_id_1=60021 WHERE id=600001831;
UPDATE event_wave_group_data SET reward_group_id_1=61001011, disp_reward_id_1=60021 WHERE id=600001832;
UPDATE event_wave_group_data SET reward_group_id_1=61001011, disp_reward_id_1=60021 WHERE id=600001833;
UPDATE event_wave_group_data SET reward_group_id_1=61001011, disp_reward_id_1=60021 WHERE id=600001834;
UPDATE event_wave_group_data SET reward_group_id_1=61001011, disp_reward_id_1=60021 WHERE id=600001835;
UPDATE event_wave_group_data SET reward_group_id_1=61001011, disp_reward_id_1=60021 WHERE id=600001836;
UPDATE event_wave_group_data SET reward_group_id_1=61001011, disp_reward_id_1=60021 WHERE id=600001837;
UPDATE event_wave_group_data SET reward_group_id_1=61001011, disp_reward_id_1=60021 WHERE id=600001838;
UPDATE event_wave_group_data SET reward_group_id_1=61001011, disp_reward_id_1=60021 WHERE id=600001839;
UPDATE event_wave_group_data SET reward_group_id_1=61001011, disp_reward_id_1=60021 WHERE id=600001840;
UPDATE event_wave_group_data SET reward_group_id_1=61001011, disp_reward_id_1=60021 WHERE id=600001841;
UPDATE event_wave_group_data SET reward_group_id_1=61001011, disp_reward_id_1=60021 WHERE id=600001842;
UPDATE event_wave_group_data SET reward_group_id_1=61001011, disp_reward_id_1=60021 WHERE id=600001843;
UPDATE event_wave_group_data SET reward_group_id_1=61001011, disp_reward_id_1=60021 WHERE id=600001844;
UPDATE event_wave_group_data SET reward_group_id_1=61001011, disp_reward_id_1=60021 WHERE id=600001845;
UPDATE event_wave_group_data SET reward_group_id_1=61001011, disp_reward_id_1=60021 WHERE id=600001846;
UPDATE event_wave_group_data SET reward_group_id_1=61001011, disp_reward_id_1=60021 WHERE id=600001847;
UPDATE event_wave_group_data SET reward_group_id_1=61001011, disp_reward_id_1=60021 WHERE id=600001848;
UPDATE event_wave_group_data SET reward_group_id_1=61001011, disp_reward_id_1=60021 WHERE id=600001849;
UPDATE event_wave_group_data SET reward_group_id_1=61001011, disp_reward_id_1=60021 WHERE id=600001850;
UPDATE event_wave_group_data SET reward_group_id_1=61001011, disp_reward_id_1=60021 WHERE id=600001851;
UPDATE event_wave_group_data SET reward_group_id_1=61001011, disp_reward_id_1=60021 WHERE id=600001852;
UPDATE event_wave_group_data SET reward_group_id_1=61001011, disp_reward_id_1=60021 WHERE id=600001853;
UPDATE event_wave_group_data SET reward_group_id_1=61001011, disp_reward_id_1=60021 WHERE id=600001854;
UPDATE event_wave_group_data SET reward_group_id_1=61001011, disp_reward_id_1=60021 WHERE id=600001855;
UPDATE event_wave_group_data SET reward_group_id_1=61001011, disp_reward_id_1=60021 WHERE id=600001856;
UPDATE event_wave_group_data SET reward_group_id_1=61001011, disp_reward_id_1=60021 WHERE id=600001857;
UPDATE event_wave_group_data SET reward_group_id_1=61001011, disp_reward_id_1=60021 WHERE id=600001858;
UPDATE event_wave_group_data SET reward_group_id_1=61001011, disp_reward_id_1=60021 WHERE id=600001859;
UPDATE event_wave_group_data SET reward_group_id_1=61001011, disp_reward_id_1=60021 WHERE id=600001860;
UPDATE event_wave_group_data SET reward_group_id_1=61001011, disp_reward_id_1=60021 WHERE id=600001861;
UPDATE event_wave_group_data SET reward_group_id_1=61001011, disp_reward_id_1=60021 WHERE id=600001862;
UPDATE event_wave_group_data SET reward_group_id_1=61001011, disp_reward_id_1=60021 WHERE id=600001863;
UPDATE event_wave_group_data SET reward_group_id_1=61001011, disp_reward_id_1=60021 WHERE id=600001864;
UPDATE event_wave_group_data SET reward_group_id_1=61001011, disp_reward_id_1=60021 WHERE id=600001865;
UPDATE event_wave_group_data SET reward_group_id_1=61001011, disp_reward_id_1=60021 WHERE id=600001866;
UPDATE event_wave_group_data SET reward_group_id_1=61001011, disp_reward_id_1=60021 WHERE id=600001867;
UPDATE event_wave_group_data SET reward_group_id_1=61001011, disp_reward_id_1=60021 WHERE id=600001868;
UPDATE event_wave_group_data SET reward_group_id_1=61001011, disp_reward_id_1=60021 WHERE id=600001869;
UPDATE event_wave_group_data SET reward_group_id_1=61001011, disp_reward_id_1=60021 WHERE id=600001870;
UPDATE event_wave_group_data SET reward_group_id_1=61001011, disp_reward_id_1=60021 WHERE id=600001871;
UPDATE event_wave_group_data SET reward_group_id_1=61001011, disp_reward_id_1=60021 WHERE id=600001872;
UPDATE event_wave_group_data SET reward_group_id_1=61001011, disp_reward_id_1=60021 WHERE id=600001873;
UPDATE event_wave_group_data SET reward_group_id_1=61001011, disp_reward_id_1=60021 WHERE id=600001874;
UPDATE event_wave_group_data SET reward_group_id_1=61001011, disp_reward_id_1=60021 WHERE id=600001875;
UPDATE event_wave_group_data SET reward_group_id_1=61001011, disp_reward_id_1=60021 WHERE id=600001876;
UPDATE event_wave_group_data SET disp_reward_id_4=60022, reward_odds_4=12 WHERE id=600001877;
UPDATE event_wave_group_data SET disp_reward_id_4=60022, reward_odds_4=12 WHERE id=600001878;
UPDATE event_wave_group_data SET disp_reward_id_4=60022, reward_odds_4=12 WHERE id=600001879;
UPDATE event_wave_group_data SET disp_reward_id_4=60022, reward_odds_4=12 WHERE id=600001880;
UPDATE event_wave_group_data SET disp_reward_id_4=60022, reward_odds_4=12 WHERE id=600001881;
UPDATE event_wave_group_data SET disp_reward_id_4=60022, reward_odds_4=12 WHERE id=600001882;
UPDATE event_wave_group_data SET disp_reward_id_4=60022, reward_odds_4=12 WHERE id=600001883;
UPDATE event_wave_group_data SET disp_reward_id_4=60022, reward_odds_4=12 WHERE id=600001884;
UPDATE event_wave_group_data SET disp_reward_id_4=60022, reward_odds_4=12 WHERE id=600001885;
UPDATE event_wave_group_data SET disp_reward_id_4=60022, reward_odds_4=12 WHERE id=600001886;
UPDATE event_wave_group_data SET disp_reward_id_4=60022, reward_odds_4=12 WHERE id=600001887;
UPDATE event_wave_group_data SET disp_reward_id_4=60022, reward_odds_4=12 WHERE id=600001888;
UPDATE event_wave_group_data SET disp_reward_id_4=60022, reward_odds_4=12 WHERE id=600001889;
UPDATE event_wave_group_data SET disp_reward_id_4=60022, reward_odds_4=12 WHERE id=600001890;
UPDATE event_wave_group_data SET disp_reward_id_4=60022, reward_odds_4=12 WHERE id=600001891;
UPDATE event_wave_group_data SET disp_reward_id_4=60022, reward_odds_4=12 WHERE id=600001892;
UPDATE event_wave_group_data SET disp_reward_id_4=60022, reward_odds_4=12 WHERE id=600001893;
UPDATE event_wave_group_data SET disp_reward_id_4=60022, reward_odds_4=12 WHERE id=600001894;
UPDATE event_wave_group_data SET disp_reward_id_4=60022, reward_odds_4=12 WHERE id=600001895;
UPDATE event_wave_group_data SET disp_reward_id_4=60022, reward_odds_4=12 WHERE id=600001896;
UPDATE event_wave_group_data SET disp_reward_id_4=60022, reward_odds_4=12 WHERE id=600001897;
UPDATE event_wave_group_data SET disp_reward_id_4=60022, reward_odds_4=12 WHERE id=600001898;
UPDATE event_wave_group_data SET disp_reward_id_4=60022, reward_odds_4=12 WHERE id=600001899;
UPDATE event_wave_group_data SET disp_reward_id_4=60022, reward_odds_4=12 WHERE id=600001900;
UPDATE event_wave_group_data SET disp_reward_id_4=60022, reward_odds_4=12 WHERE id=600001901;
UPDATE event_wave_group_data SET disp_reward_id_4=60022, reward_odds_4=12 WHERE id=600001902;
UPDATE event_wave_group_data SET disp_reward_id_4=60022, reward_odds_4=12 WHERE id=600001903;
UPDATE event_wave_group_data SET disp_reward_id_4=60022, reward_odds_4=12 WHERE id=600001904;
UPDATE event_wave_group_data SET disp_reward_id_4=60022, reward_odds_4=12 WHERE id=600001905;
UPDATE event_wave_group_data SET disp_reward_id_4=60022, reward_odds_4=12 WHERE id=600001906;
UPDATE event_wave_group_data SET disp_reward_id_4=60022, reward_odds_4=12 WHERE id=600001907;
UPDATE event_wave_group_data SET disp_reward_id_4=60022, reward_odds_4=12 WHERE id=600001908;
UPDATE event_wave_group_data SET disp_reward_id_4=60022, reward_odds_4=12 WHERE id=600001909;
UPDATE event_wave_group_data SET disp_reward_id_4=60022, reward_odds_4=12 WHERE id=600001910;
UPDATE event_wave_group_data SET disp_reward_id_4=60022, reward_odds_4=12 WHERE id=600001911;
UPDATE event_wave_group_data SET disp_reward_id_4=60022, reward_odds_4=12 WHERE id=600001912;
UPDATE event_wave_group_data SET disp_reward_id_4=60022, reward_odds_4=12 WHERE id=600001913;
UPDATE event_wave_group_data SET disp_reward_id_4=60022, reward_odds_4=12 WHERE id=600001914;
UPDATE event_wave_group_data SET disp_reward_id_4=60022, reward_odds_4=12 WHERE id=600001915;
UPDATE event_wave_group_data SET disp_reward_id_4=60022, reward_odds_4=12 WHERE id=600001916;
UPDATE event_wave_group_data SET disp_reward_id_4=60022, reward_odds_4=12 WHERE id=600001917;
UPDATE event_wave_group_data SET disp_reward_id_4=60022, reward_odds_4=12 WHERE id=600001918;
UPDATE event_wave_group_data SET disp_reward_id_4=60022, reward_odds_4=12 WHERE id=600001919;
UPDATE event_wave_group_data SET disp_reward_id_4=60022, reward_odds_4=12 WHERE id=600001920;
UPDATE event_wave_group_data SET disp_reward_id_4=60022, reward_odds_4=12 WHERE id=600001921;
UPDATE event_wave_group_data SET disp_reward_id_4=60022, reward_odds_4=12 WHERE id=600001922;
UPDATE event_wave_group_data SET disp_reward_id_4=60022, reward_odds_4=12 WHERE id=600001923;
UPDATE event_wave_group_data SET disp_reward_id_4=60022, reward_odds_4=12 WHERE id=600001924;
UPDATE event_wave_group_data SET disp_reward_id_4=60022, reward_odds_4=12 WHERE id=600001925;
UPDATE event_wave_group_data SET disp_reward_id_4=60022, reward_odds_4=12 WHERE id=600001926;
UPDATE event_wave_group_data SET disp_reward_id_4=60022, reward_odds_4=12 WHERE id=600001927;
UPDATE event_wave_group_data SET disp_reward_id_4=60022, reward_odds_4=12 WHERE id=600001928;
UPDATE event_wave_group_data SET disp_reward_id_4=60022, reward_odds_4=12 WHERE id=600001929;
UPDATE event_wave_group_data SET disp_reward_id_4=60022, reward_odds_4=12 WHERE id=600001930;
UPDATE event_wave_group_data SET disp_reward_id_4=60022, reward_odds_4=12 WHERE id=600001931;
UPDATE event_wave_group_data SET disp_reward_id_4=60022, reward_odds_4=12 WHERE id=600001932;
UPDATE event_wave_group_data SET disp_reward_id_4=60022, reward_odds_4=12 WHERE id=600001933;
UPDATE event_wave_group_data SET disp_reward_id_4=60022, reward_odds_4=12 WHERE id=600001934;
UPDATE event_wave_group_data SET disp_reward_id_4=60022, reward_odds_4=12 WHERE id=600001935;
UPDATE event_wave_group_data SET disp_reward_id_4=60022, reward_odds_4=12 WHERE id=600001936;
UPDATE event_wave_group_data SET disp_reward_id_4=60022, reward_odds_4=12 WHERE id=600001937;
UPDATE event_wave_group_data SET disp_reward_id_4=60022, reward_odds_4=12 WHERE id=600001938;
UPDATE event_wave_group_data SET disp_reward_id_4=60022, reward_odds_4=12 WHERE id=600001939;
UPDATE event_wave_group_data SET disp_reward_id_4=60022, reward_odds_4=12 WHERE id=600001940;
UPDATE event_wave_group_data SET disp_reward_id_4=60022, reward_odds_4=12 WHERE id=600001941;
UPDATE event_wave_group_data SET disp_reward_id_4=60022, reward_odds_4=12 WHERE id=600001942;
UPDATE event_wave_group_data SET disp_reward_id_4=60022, reward_odds_4=12 WHERE id=600001943;
UPDATE event_wave_group_data SET disp_reward_id_4=60022, reward_odds_4=12 WHERE id=600001944;
UPDATE event_wave_group_data SET disp_reward_id_4=60022, reward_odds_4=12 WHERE id=600001945;
UPDATE event_wave_group_data SET disp_reward_id_4=60022, reward_odds_4=12 WHERE id=600001946;
UPDATE event_wave_group_data SET disp_reward_id_4=60022, reward_odds_4=12 WHERE id=600001947;
UPDATE event_wave_group_data SET disp_reward_id_4=60022, reward_odds_4=12 WHERE id=600001948;
UPDATE event_wave_group_data SET disp_reward_id_4=60022, reward_odds_4=12 WHERE id=600001949;
UPDATE event_wave_group_data SET disp_reward_id_4=60022, reward_odds_4=12 WHERE id=600001950;
UPDATE event_wave_group_data SET disp_reward_id_4=60022, reward_odds_4=12 WHERE id=600001951;
UPDATE event_wave_group_data SET disp_reward_id_4=60022, reward_odds_4=12 WHERE id=600001952;
UPDATE event_wave_group_data SET disp_reward_id_4=60022, reward_odds_4=12 WHERE id=600001953;
UPDATE event_wave_group_data SET disp_reward_id_4=60022, reward_odds_4=12 WHERE id=600001954;
UPDATE event_wave_group_data SET disp_reward_id_4=60022, reward_odds_4=12 WHERE id=600001955;
UPDATE event_wave_group_data SET disp_reward_id_4=60022, reward_odds_4=12 WHERE id=600001956;
UPDATE event_wave_group_data SET disp_reward_id_4=60022, reward_odds_4=12 WHERE id=600001957;
UPDATE event_wave_group_data SET disp_reward_id_4=60022, reward_odds_4=12 WHERE id=600001958;
UPDATE event_wave_group_data SET disp_reward_id_4=60022, reward_odds_4=12 WHERE id=600001959;
UPDATE event_wave_group_data SET disp_reward_id_4=60022, reward_odds_4=12 WHERE id=600001960;
UPDATE event_wave_group_data SET disp_reward_id_4=60022, reward_odds_4=12 WHERE id=600001961;
UPDATE event_wave_group_data SET disp_reward_id_4=60022, reward_odds_4=12 WHERE id=600001962;
UPDATE event_wave_group_data SET disp_reward_id_4=60022, reward_odds_4=12 WHERE id=600001963;
UPDATE event_wave_group_data SET disp_reward_id_4=60022, reward_odds_4=12 WHERE id=600001964;
UPDATE event_wave_group_data SET disp_reward_id_4=60022, reward_odds_4=12 WHERE id=600001965;
UPDATE event_wave_group_data SET disp_reward_id_4=60022, reward_odds_4=12 WHERE id=600001966;
UPDATE event_wave_group_data SET disp_reward_id_4=60022, reward_odds_4=12 WHERE id=600001967;
UPDATE event_wave_group_data SET disp_reward_id_4=60022, reward_odds_4=12 WHERE id=600001968;
UPDATE event_wave_group_data SET disp_reward_id_4=60022, reward_odds_4=12 WHERE id=600001969;
UPDATE event_wave_group_data SET disp_reward_id_4=60022, reward_odds_4=12 WHERE id=600001970;
UPDATE event_wave_group_data SET disp_reward_id_4=60022, reward_odds_4=12 WHERE id=600001971;
UPDATE event_wave_group_data SET disp_reward_id_4=60022, reward_odds_4=12 WHERE id=600001972;
UPDATE event_wave_group_data SET disp_reward_id_4=60022, reward_odds_4=12 WHERE id=600001973;
UPDATE event_wave_group_data SET disp_reward_id_4=60022, reward_odds_4=12 WHERE id=600001974;
UPDATE event_wave_group_data SET disp_reward_id_4=60022, reward_odds_4=12 WHERE id=600001975;
UPDATE event_wave_group_data SET disp_reward_id_4=60022, reward_odds_4=12 WHERE id=600001976;
UPDATE event_wave_group_data SET disp_reward_id_4=60022, reward_odds_4=12 WHERE id=600001977;
UPDATE event_wave_group_data SET disp_reward_id_4=60022, reward_odds_4=12 WHERE id=600001978;
UPDATE event_wave_group_data SET disp_reward_id_4=60022, reward_odds_4=12 WHERE id=600001979;
UPDATE event_wave_group_data SET disp_reward_id_4=60022, reward_odds_4=12 WHERE id=600001980;
UPDATE event_wave_group_data SET disp_reward_id_4=60022, reward_odds_4=12 WHERE id=600001981;
UPDATE event_wave_group_data SET disp_reward_id_4=60022, reward_odds_4=12 WHERE id=600001982;
UPDATE event_wave_group_data SET disp_reward_id_4=60022, reward_odds_4=12 WHERE id=600001983;
UPDATE event_wave_group_data SET disp_reward_id_4=60022, reward_odds_4=12 WHERE id=600001984;
UPDATE event_wave_group_data SET disp_reward_id_4=60022, reward_odds_4=12 WHERE id=600001985;
UPDATE event_wave_group_data SET disp_reward_id_4=60022, reward_odds_4=12 WHERE id=600001986;
UPDATE event_wave_group_data SET disp_reward_id_4=60022, reward_odds_4=12 WHERE id=600001987;
UPDATE event_wave_group_data SET disp_reward_id_4=60022, reward_odds_4=12 WHERE id=600001988;
UPDATE event_wave_group_data SET disp_reward_id_4=60022, reward_odds_4=12 WHERE id=600001989;
UPDATE event_wave_group_data SET disp_reward_id_4=60022, reward_odds_4=12 WHERE id=600001990;
UPDATE event_wave_group_data SET disp_reward_id_4=60022, reward_odds_4=12 WHERE id=600001991;
UPDATE event_wave_group_data SET disp_reward_id_4=60022, reward_odds_4=12 WHERE id=600001992;
UPDATE event_wave_group_data SET disp_reward_id_4=60022, reward_odds_4=12 WHERE id=600001993;
UPDATE event_wave_group_data SET disp_reward_id_4=60022, reward_odds_4=12 WHERE id=600001994;
UPDATE event_wave_group_data SET disp_reward_id_4=60022, reward_odds_4=12 WHERE id=600001995;
UPDATE event_wave_group_data SET disp_reward_id_4=60022, reward_odds_4=12 WHERE id=600001996;
UPDATE event_wave_group_data SET disp_reward_id_4=60022, reward_odds_4=12 WHERE id=600001997;
UPDATE event_wave_group_data SET disp_reward_id_4=60022, reward_odds_4=12 WHERE id=600001998;
UPDATE event_wave_group_data SET disp_reward_id_4=60022, reward_odds_4=12 WHERE id=600001999;
UPDATE event_wave_group_data SET disp_reward_id_4=60022, reward_odds_4=12 WHERE id=600002000;
UPDATE event_wave_group_data SET disp_reward_id_4=60022, reward_odds_4=12 WHERE id=600002001;
UPDATE event_wave_group_data SET disp_reward_id_4=60022, reward_odds_4=12 WHERE id=600002002;
UPDATE event_wave_group_data SET disp_reward_id_4=60022, reward_odds_4=12 WHERE id=600002003;
UPDATE event_wave_group_data SET disp_reward_id_4=60022, reward_odds_4=12 WHERE id=600002004;
UPDATE event_wave_group_data SET disp_reward_id_4=60022, reward_odds_4=12 WHERE id=600002005;
UPDATE event_wave_group_data SET disp_reward_id_4=60022, reward_odds_4=12 WHERE id=600002006;
UPDATE event_wave_group_data SET disp_reward_id_4=60022, reward_odds_4=12 WHERE id=600002007;
UPDATE event_wave_group_data SET disp_reward_id_4=60022, reward_odds_4=12 WHERE id=600002008;
UPDATE event_wave_group_data SET disp_reward_id_4=60022, reward_odds_4=12 WHERE id=600002009;
UPDATE event_wave_group_data SET disp_reward_id_4=60022, reward_odds_4=12 WHERE id=600002010;
UPDATE event_wave_group_data SET disp_reward_id_4=60022, reward_odds_4=12 WHERE id=600002011;
UPDATE event_wave_group_data SET disp_reward_id_4=60022, reward_odds_4=12 WHERE id=600002012;
UPDATE event_wave_group_data SET disp_reward_id_4=60022, reward_odds_4=12 WHERE id=600002013;
UPDATE event_wave_group_data SET disp_reward_id_4=60022, reward_odds_4=12 WHERE id=600002014;
UPDATE event_wave_group_data SET disp_reward_id_4=60022, reward_odds_4=12 WHERE id=600002015;
UPDATE event_wave_group_data SET disp_reward_id_4=60022, reward_odds_4=12 WHERE id=600002016;
UPDATE event_wave_group_data SET disp_reward_id_4=60022, reward_odds_4=12 WHERE id=600002017;
UPDATE event_wave_group_data SET disp_reward_id_4=60022, reward_odds_4=12 WHERE id=600002018;
UPDATE event_wave_group_data SET disp_reward_id_4=60022, reward_odds_4=12 WHERE id=600002019;
UPDATE event_wave_group_data SET disp_reward_id_4=60022, reward_odds_4=12 WHERE id=600002020;
UPDATE event_wave_group_data SET disp_reward_id_4=60022, reward_odds_4=12 WHERE id=600002021;
UPDATE event_wave_group_data SET disp_reward_id_4=60022, reward_odds_4=12 WHERE id=600002022;
UPDATE event_wave_group_data SET disp_reward_id_4=60022, reward_odds_4=12 WHERE id=600002023;
UPDATE event_wave_group_data SET disp_reward_id_4=60022, reward_odds_4=12 WHERE id=600002024;
UPDATE event_wave_group_data SET disp_reward_id_4=60022, reward_odds_4=12 WHERE id=600002025;
UPDATE event_wave_group_data SET disp_reward_id_4=60022, reward_odds_4=12 WHERE id=600002026;
UPDATE event_wave_group_data SET disp_reward_id_4=60022, reward_odds_4=12 WHERE id=600002027;
UPDATE event_wave_group_data SET disp_reward_id_4=60022, reward_odds_4=12 WHERE id=600002028;
UPDATE event_wave_group_data SET disp_reward_id_4=60022, reward_odds_4=12 WHERE id=600002029;
UPDATE event_wave_group_data SET disp_reward_id_4=60022, reward_odds_4=12 WHERE id=600002030;
UPDATE event_wave_group_data SET disp_reward_id_4=60022, reward_odds_4=12 WHERE id=600002031;
UPDATE event_wave_group_data SET disp_reward_id_4=60022, reward_odds_4=12 WHERE id=600002032;
UPDATE event_wave_group_data SET disp_reward_id_4=60022, reward_odds_4=12 WHERE id=600002033;
UPDATE event_wave_group_data SET disp_reward_id_4=60022, reward_odds_4=12 WHERE id=600002034;
UPDATE event_wave_group_data SET disp_reward_id_4=60022, reward_odds_4=12 WHERE id=600002035;
UPDATE event_wave_group_data SET disp_reward_id_4=60022, reward_odds_4=12 WHERE id=600002036;
UPDATE event_wave_group_data SET disp_reward_id_4=60022, reward_odds_4=12 WHERE id=600002037;
UPDATE event_wave_group_data SET disp_reward_id_4=60022, reward_odds_4=12 WHERE id=600002038;
UPDATE event_wave_group_data SET disp_reward_id_4=60022, reward_odds_4=12 WHERE id=600002039;
UPDATE event_wave_group_data SET disp_reward_id_4=60022, reward_odds_4=12 WHERE id=600002040;
UPDATE event_wave_group_data SET disp_reward_id_4=60022, reward_odds_4=12 WHERE id=600002041;
UPDATE event_wave_group_data SET disp_reward_id_4=60022, reward_odds_4=12 WHERE id=600002042;
UPDATE event_wave_group_data SET disp_reward_id_4=60022, reward_odds_4=12 WHERE id=600002043;
UPDATE event_wave_group_data SET disp_reward_id_4=60022, reward_odds_4=12 WHERE id=600002044;
UPDATE event_wave_group_data SET disp_reward_id_4=60022, reward_odds_4=12 WHERE id=600002045;
UPDATE event_wave_group_data SET disp_reward_id_4=60022, reward_odds_4=12 WHERE id=600002046;
UPDATE event_wave_group_data SET disp_reward_id_4=60022, reward_odds_4=12 WHERE id=600002047;
UPDATE event_wave_group_data SET disp_reward_id_4=60022, reward_odds_4=12 WHERE id=600002048;
UPDATE event_wave_group_data SET disp_reward_id_4=60022, reward_odds_4=12 WHERE id=600002049;
UPDATE event_wave_group_data SET disp_reward_id_4=60022, reward_odds_4=12 WHERE id=600002050;
UPDATE event_wave_group_data SET disp_reward_id_4=60022, reward_odds_4=12 WHERE id=600002051;
UPDATE event_wave_group_data SET disp_reward_id_4=60022, reward_odds_4=12 WHERE id=600002052;
UPDATE event_wave_group_data SET disp_reward_id_4=60022, reward_odds_4=12 WHERE id=600002053;
UPDATE event_wave_group_data SET disp_reward_id_4=60022, reward_odds_4=12 WHERE id=600002054;
UPDATE event_wave_group_data SET disp_reward_id_4=60022, reward_odds_4=12 WHERE id=600002055;
UPDATE event_wave_group_data SET disp_reward_id_4=60022, reward_odds_4=12 WHERE id=600002056;
UPDATE event_wave_group_data SET disp_reward_id_4=60022, reward_odds_4=12 WHERE id=600002057;
UPDATE event_wave_group_data SET disp_reward_id_4=60022, reward_odds_4=12 WHERE id=600002058;
UPDATE event_wave_group_data SET disp_reward_id_4=60022, reward_odds_4=12 WHERE id=600002059;
UPDATE event_wave_group_data SET disp_reward_id_4=60022, reward_odds_4=12 WHERE id=600002060;
UPDATE event_wave_group_data SET disp_reward_id_4=60022, reward_odds_4=12 WHERE id=600002061;
UPDATE event_wave_group_data SET disp_reward_id_4=60022, reward_odds_4=12 WHERE id=600002062;
UPDATE event_wave_group_data SET disp_reward_id_4=60022, reward_odds_4=12 WHERE id=600002063;
UPDATE event_wave_group_data SET disp_reward_id_4=60022, reward_odds_4=12 WHERE id=600002064;
UPDATE event_wave_group_data SET disp_reward_id_4=60022, reward_odds_4=12 WHERE id=600002065;
UPDATE event_wave_group_data SET disp_reward_id_4=60022, reward_odds_4=12 WHERE id=600002066;
UPDATE event_wave_group_data SET disp_reward_id_4=60022, reward_odds_4=12 WHERE id=600002067;
UPDATE event_wave_group_data SET disp_reward_id_4=60022, reward_odds_4=12 WHERE id=600002068;
UPDATE event_wave_group_data SET disp_reward_id_4=60022, reward_odds_4=12 WHERE id=600002069;
UPDATE event_wave_group_data SET disp_reward_id_4=60022, reward_odds_4=12 WHERE id=600002070;
UPDATE event_wave_group_data SET disp_reward_id_4=60022, reward_odds_4=12 WHERE id=600002071;
UPDATE event_wave_group_data SET disp_reward_id_4=60022, reward_odds_4=12 WHERE id=600002072;
UPDATE event_wave_group_data SET disp_reward_id_4=60022, reward_odds_4=12 WHERE id=600002073;
UPDATE event_wave_group_data SET disp_reward_id_4=60022, reward_odds_4=12 WHERE id=600002074;
UPDATE event_wave_group_data SET disp_reward_id_4=60022, reward_odds_4=12 WHERE id=600002075;
UPDATE event_wave_group_data SET disp_reward_id_4=60022, reward_odds_4=12 WHERE id=600002076;
UPDATE event_wave_group_data SET disp_reward_id_4=60022, reward_odds_4=12 WHERE id=600002077;
UPDATE event_wave_group_data SET disp_reward_id_4=60022, reward_odds_4=12 WHERE id=600002078;
UPDATE event_wave_group_data SET disp_reward_id_4=60022, reward_odds_4=12 WHERE id=600002079;
UPDATE event_wave_group_data SET disp_reward_id_4=60022, reward_odds_4=12 WHERE id=600002080;
UPDATE event_wave_group_data SET disp_reward_id_4=60022, reward_odds_4=12 WHERE id=600002081;
UPDATE event_wave_group_data SET disp_reward_id_4=60022, reward_odds_4=12 WHERE id=600002082;
UPDATE event_wave_group_data SET disp_reward_id_4=60022, reward_odds_4=12 WHERE id=600002083;
UPDATE event_wave_group_data SET disp_reward_id_4=60022, reward_odds_4=12 WHERE id=600002084;
UPDATE event_wave_group_data SET disp_reward_id_4=60022, reward_odds_4=12 WHERE id=600002085;
UPDATE event_wave_group_data SET disp_reward_id_4=60022, reward_odds_4=12 WHERE id=600002086;
UPDATE event_wave_group_data SET disp_reward_id_4=60022, reward_odds_4=12 WHERE id=600002087;
UPDATE event_wave_group_data SET disp_reward_id_4=60022, reward_odds_4=12 WHERE id=600002088;
UPDATE event_wave_group_data SET disp_reward_id_4=60022, reward_odds_4=12 WHERE id=600002089;
UPDATE event_wave_group_data SET disp_reward_id_4=60022, reward_odds_4=12 WHERE id=600002090;
UPDATE event_wave_group_data SET disp_reward_id_4=60022, reward_odds_4=12 WHERE id=600002091;
UPDATE event_wave_group_data SET disp_reward_id_4=60022, reward_odds_4=12 WHERE id=600002092;
UPDATE event_wave_group_data SET disp_reward_id_4=60022, reward_odds_4=12 WHERE id=600002093;
UPDATE event_wave_group_data SET disp_reward_id_4=60022, reward_odds_4=12 WHERE id=600002094;
UPDATE event_wave_group_data SET disp_reward_id_4=60022, reward_odds_4=12 WHERE id=600002095;
UPDATE event_wave_group_data SET disp_reward_id_4=60022, reward_odds_4=12 WHERE id=600002096;
UPDATE event_wave_group_data SET disp_reward_id_4=60022, reward_odds_4=12 WHERE id=600002097;
UPDATE event_wave_group_data SET disp_reward_id_4=60022, reward_odds_4=12 WHERE id=600002098;
UPDATE event_wave_group_data SET disp_reward_id_4=60022, reward_odds_4=12 WHERE id=600002099;
UPDATE event_wave_group_data SET disp_reward_id_4=60022, reward_odds_4=12 WHERE id=600002100;
UPDATE event_wave_group_data SET disp_reward_id_4=60022, reward_odds_4=12 WHERE id=600002101;
UPDATE event_wave_group_data SET disp_reward_id_4=60022, reward_odds_4=12 WHERE id=600002102;
UPDATE event_wave_group_data SET disp_reward_id_4=60022, reward_odds_4=12 WHERE id=600002103;
UPDATE event_wave_group_data SET disp_reward_id_4=60022, reward_odds_4=12 WHERE id=600002104;
UPDATE event_wave_group_data SET disp_reward_id_4=60022, reward_odds_4=12 WHERE id=600002105;
UPDATE event_wave_group_data SET disp_reward_id_4=60022, reward_odds_4=12 WHERE id=600002106;
UPDATE event_wave_group_data SET disp_reward_id_4=60022, reward_odds_4=12 WHERE id=600002107;
UPDATE event_wave_group_data SET disp_reward_id_4=60022, reward_odds_4=12 WHERE id=600002108;
UPDATE event_wave_group_data SET disp_reward_id_4=60022, reward_odds_4=12 WHERE id=600002109;
UPDATE event_wave_group_data SET disp_reward_id_4=60022, reward_odds_4=12 WHERE id=600002110;
UPDATE event_wave_group_data SET disp_reward_id_4=60022, reward_odds_4=12 WHERE id=600002111;
UPDATE event_wave_group_data SET disp_reward_id_4=60022, reward_odds_4=12 WHERE id=600002112;
UPDATE event_wave_group_data SET disp_reward_id_4=60022, reward_odds_4=12 WHERE id=600002113;
UPDATE event_wave_group_data SET disp_reward_id_4=60022, reward_odds_4=12 WHERE id=600002114;
UPDATE event_wave_group_data SET disp_reward_id_4=60022, reward_odds_4=12 WHERE id=600002115;
UPDATE event_wave_group_data SET disp_reward_id_4=60022, reward_odds_4=12 WHERE id=600002116;
UPDATE event_wave_group_data SET disp_reward_id_4=60022, reward_odds_4=12 WHERE id=600002117;
UPDATE event_wave_group_data SET disp_reward_id_4=60022, reward_odds_4=12 WHERE id=600002118;
UPDATE event_wave_group_data SET disp_reward_id_4=60022, reward_odds_4=12 WHERE id=600002119;
UPDATE event_wave_group_data SET disp_reward_id_4=60022, reward_odds_4=12 WHERE id=600002120;
UPDATE event_wave_group_data SET disp_reward_id_4=60022, reward_odds_4=12 WHERE id=600002121;
UPDATE event_wave_group_data SET disp_reward_id_4=60022, reward_odds_4=12 WHERE id=600002122;
UPDATE event_wave_group_data SET disp_reward_id_4=60022, reward_odds_4=12 WHERE id=600002123;
UPDATE event_wave_group_data SET disp_reward_id_4=60022, reward_odds_4=12 WHERE id=600002124;
UPDATE event_wave_group_data SET disp_reward_id_4=60022, reward_odds_4=12 WHERE id=600002125;
UPDATE event_wave_group_data SET disp_reward_id_4=60022, reward_odds_4=12 WHERE id=600002126;
UPDATE event_wave_group_data SET disp_reward_id_4=60022, reward_odds_4=12 WHERE id=600002127;
UPDATE event_wave_group_data SET disp_reward_id_4=60022, reward_odds_4=12 WHERE id=600002128;
UPDATE event_wave_group_data SET disp_reward_id_4=60022, reward_odds_4=12 WHERE id=600002129;
UPDATE event_wave_group_data SET disp_reward_id_4=60022, reward_odds_4=12 WHERE id=600002130;
UPDATE event_wave_group_data SET disp_reward_id_4=60022, reward_odds_4=12 WHERE id=600002131;
UPDATE event_wave_group_data SET disp_reward_id_4=60022, reward_odds_4=12 WHERE id=600002132;
UPDATE event_wave_group_data SET disp_reward_id_4=60022, reward_odds_4=12 WHERE id=600002133;
UPDATE event_wave_group_data SET disp_reward_id_4=60022, reward_odds_4=12 WHERE id=600002134;
UPDATE event_wave_group_data SET disp_reward_id_4=60022, reward_odds_4=12 WHERE id=600002135;
UPDATE event_wave_group_data SET disp_reward_id_4=60022, reward_odds_4=12 WHERE id=600002136;
UPDATE event_wave_group_data SET disp_reward_id_4=60022, reward_odds_4=12 WHERE id=600002137;
UPDATE event_wave_group_data SET disp_reward_id_4=60022, reward_odds_4=12 WHERE id=600002138;
UPDATE event_wave_group_data SET disp_reward_id_4=60022, reward_odds_4=12 WHERE id=600002139;
UPDATE event_wave_group_data SET disp_reward_id_4=60022, reward_odds_4=12 WHERE id=600002140;
UPDATE event_wave_group_data SET disp_reward_id_4=60022, reward_odds_4=12 WHERE id=600002141;
UPDATE event_wave_group_data SET disp_reward_id_4=60022, reward_odds_4=12 WHERE id=600002142;
UPDATE event_wave_group_data SET disp_reward_id_4=60022, reward_odds_4=12 WHERE id=600002143;
UPDATE event_wave_group_data SET disp_reward_id_4=60022, reward_odds_4=12 WHERE id=600002144;
UPDATE event_wave_group_data SET disp_reward_id_4=60022, reward_odds_4=12 WHERE id=600002145;
UPDATE event_wave_group_data SET disp_reward_id_4=60022, reward_odds_4=12 WHERE id=600002146;
UPDATE event_wave_group_data SET disp_reward_id_4=60022, reward_odds_4=12 WHERE id=600002147;
UPDATE event_wave_group_data SET disp_reward_id_4=60022, reward_odds_4=12 WHERE id=600002148;
UPDATE event_wave_group_data SET disp_reward_id_4=60022, reward_odds_4=12 WHERE id=600002149;
UPDATE event_wave_group_data SET disp_reward_id_4=60022, reward_odds_4=12 WHERE id=600002150;
UPDATE event_wave_group_data SET disp_reward_id_4=60022, reward_odds_4=12 WHERE id=600002151;
UPDATE event_wave_group_data SET disp_reward_id_4=60022, reward_odds_4=12 WHERE id=600002152;
UPDATE event_wave_group_data SET disp_reward_id_4=60022, reward_odds_4=12 WHERE id=600002153;
UPDATE event_wave_group_data SET disp_reward_id_4=60022, reward_odds_4=12 WHERE id=600002154;
UPDATE event_wave_group_data SET disp_reward_id_4=60022, reward_odds_4=12 WHERE id=600002155;
UPDATE event_wave_group_data SET disp_reward_id_4=60022, reward_odds_4=12 WHERE id=600002156;
UPDATE event_wave_group_data SET disp_reward_id_4=60022, reward_odds_4=12 WHERE id=600002157;
UPDATE event_wave_group_data SET disp_reward_id_4=60022, reward_odds_4=12 WHERE id=600002158;
UPDATE event_wave_group_data SET disp_reward_id_4=60022, reward_odds_4=12 WHERE id=600002159;
UPDATE event_wave_group_data SET disp_reward_id_4=60022, reward_odds_4=12 WHERE id=600002160;
UPDATE event_wave_group_data SET disp_reward_id_4=60022, reward_odds_4=12 WHERE id=600002161;
UPDATE event_wave_group_data SET disp_reward_id_4=60022, reward_odds_4=12 WHERE id=600002162;
UPDATE event_wave_group_data SET disp_reward_id_4=60022, reward_odds_4=12 WHERE id=600002163;
UPDATE event_wave_group_data SET disp_reward_id_4=60022, reward_odds_4=12 WHERE id=600002164;
UPDATE event_wave_group_data SET disp_reward_id_4=60022, reward_odds_4=12 WHERE id=600002165;
UPDATE event_wave_group_data SET disp_reward_id_4=60022, reward_odds_4=12 WHERE id=600002166;
UPDATE event_wave_group_data SET disp_reward_id_4=60022, reward_odds_4=12 WHERE id=600002167;
UPDATE event_wave_group_data SET disp_reward_id_4=60022, reward_odds_4=12 WHERE id=600002168;
UPDATE event_wave_group_data SET disp_reward_id_4=60022, reward_odds_4=12 WHERE id=600002169;
UPDATE event_wave_group_data SET disp_reward_id_4=60022, reward_odds_4=12 WHERE id=600002170;
UPDATE event_wave_group_data SET disp_reward_id_4=60022, reward_odds_4=12 WHERE id=600002171;
UPDATE event_wave_group_data SET disp_reward_id_4=60022, reward_odds_4=12 WHERE id=600002172;
UPDATE event_wave_group_data SET disp_reward_id_4=60022, reward_odds_4=12 WHERE id=600002173;
UPDATE event_wave_group_data SET disp_reward_id_4=60022, reward_odds_4=12 WHERE id=600002174;
UPDATE event_wave_group_data SET disp_reward_id_4=60022, reward_odds_4=12 WHERE id=600002175;
UPDATE event_wave_group_data SET disp_reward_id_4=60022, reward_odds_4=12 WHERE id=600002176;
UPDATE event_wave_group_data SET disp_reward_id_4=60022, reward_odds_4=12 WHERE id=600002177;
UPDATE event_wave_group_data SET disp_reward_id_4=60022, reward_odds_4=12 WHERE id=600002178;
UPDATE event_wave_group_data SET disp_reward_id_4=60022, reward_odds_4=12 WHERE id=600002179;
UPDATE event_wave_group_data SET disp_reward_id_4=60022, reward_odds_4=12 WHERE id=600002180;
UPDATE event_wave_group_data SET disp_reward_id_4=60022, reward_odds_4=12 WHERE id=600002181;
UPDATE event_wave_group_data SET reward_group_id_1=62001011, disp_reward_id_1=60021 WHERE id=600002299;
UPDATE event_wave_group_data SET reward_group_id_1=62001011, disp_reward_id_1=60021 WHERE id=600002300;
UPDATE event_wave_group_data SET reward_group_id_1=62001011, disp_reward_id_1=60021 WHERE id=600002301;
UPDATE event_wave_group_data SET reward_group_id_1=62001011, disp_reward_id_1=60021 WHERE id=600002302;
UPDATE event_wave_group_data SET reward_group_id_1=62001011, disp_reward_id_1=60021 WHERE id=600002303;
UPDATE event_wave_group_data SET reward_group_id_1=62001011, disp_reward_id_1=60021 WHERE id=600002304;
UPDATE event_wave_group_data SET reward_group_id_1=62001011, disp_reward_id_1=60021 WHERE id=600002305;
UPDATE event_wave_group_data SET reward_group_id_1=62001011, disp_reward_id_1=60021 WHERE id=600002306;
UPDATE event_wave_group_data SET reward_group_id_1=62001011, disp_reward_id_1=60021 WHERE id=600002307;
UPDATE event_wave_group_data SET reward_group_id_1=62001011, disp_reward_id_1=60021 WHERE id=600002308;
UPDATE event_wave_group_data SET reward_group_id_1=62001011, disp_reward_id_1=60021 WHERE id=600002309;
UPDATE event_wave_group_data SET reward_group_id_1=62001011, disp_reward_id_1=60021 WHERE id=600002310;
UPDATE event_wave_group_data SET reward_group_id_1=62001011, disp_reward_id_1=60021 WHERE id=600002311;
UPDATE event_wave_group_data SET reward_group_id_1=62001011, disp_reward_id_1=60021 WHERE id=600002312;
UPDATE event_wave_group_data SET reward_group_id_1=62001011, disp_reward_id_1=60021 WHERE id=600002313;
UPDATE event_wave_group_data SET reward_group_id_1=62001011, disp_reward_id_1=60021 WHERE id=600002314;
UPDATE event_wave_group_data SET reward_group_id_1=62001011, disp_reward_id_1=60021 WHERE id=600002315;
UPDATE event_wave_group_data SET reward_group_id_1=62001011, disp_reward_id_1=60021 WHERE id=600002316;
UPDATE event_wave_group_data SET reward_group_id_1=62001011, disp_reward_id_1=60021 WHERE id=600002317;
UPDATE event_wave_group_data SET reward_group_id_1=62001011, disp_reward_id_1=60021 WHERE id=600002318;
UPDATE event_wave_group_data SET reward_group_id_1=62001011, disp_reward_id_1=60021 WHERE id=600002319;
UPDATE event_wave_group_data SET reward_group_id_1=62001011, disp_reward_id_1=60021 WHERE id=600002320;
UPDATE event_wave_group_data SET reward_group_id_1=62001011, disp_reward_id_1=60021 WHERE id=600002321;
UPDATE event_wave_group_data SET reward_group_id_1=62001011, disp_reward_id_1=60021 WHERE id=600002322;
UPDATE event_wave_group_data SET reward_group_id_1=62001011, disp_reward_id_1=60021 WHERE id=600002323;
UPDATE event_wave_group_data SET reward_group_id_1=62001011, disp_reward_id_1=60021 WHERE id=600002324;
UPDATE event_wave_group_data SET reward_group_id_1=62001011, disp_reward_id_1=60021 WHERE id=600002325;
UPDATE event_wave_group_data SET reward_group_id_1=62001011, disp_reward_id_1=60021 WHERE id=600002326;
UPDATE event_wave_group_data SET reward_group_id_1=62001011, disp_reward_id_1=60021 WHERE id=600002327;
UPDATE event_wave_group_data SET reward_group_id_1=62001011, disp_reward_id_1=60021 WHERE id=600002328;
UPDATE event_wave_group_data SET reward_group_id_1=62001011, disp_reward_id_1=60021 WHERE id=600002329;
UPDATE event_wave_group_data SET reward_group_id_1=62001011, disp_reward_id_1=60021 WHERE id=600002330;
UPDATE event_wave_group_data SET reward_group_id_1=62001011, disp_reward_id_1=60021 WHERE id=600002331;
UPDATE event_wave_group_data SET reward_group_id_1=62001011, disp_reward_id_1=60021 WHERE id=600002332;
UPDATE event_wave_group_data SET reward_group_id_1=62001011, disp_reward_id_1=60021 WHERE id=600002333;
UPDATE event_wave_group_data SET reward_group_id_1=62001011, disp_reward_id_1=60021 WHERE id=600002334;
UPDATE event_wave_group_data SET reward_group_id_1=62001011, disp_reward_id_1=60021 WHERE id=600002335;
UPDATE event_wave_group_data SET reward_group_id_1=62001011, disp_reward_id_1=60021 WHERE id=600002336;
UPDATE event_wave_group_data SET reward_group_id_1=62001011, disp_reward_id_1=60021 WHERE id=600002337;
UPDATE event_wave_group_data SET reward_group_id_1=62001011, disp_reward_id_1=60021 WHERE id=600002338;
UPDATE event_wave_group_data SET reward_group_id_1=62001011, disp_reward_id_1=60021 WHERE id=600002339;
UPDATE event_wave_group_data SET reward_group_id_1=62001011, disp_reward_id_1=60021 WHERE id=600002340;
UPDATE event_wave_group_data SET reward_group_id_1=62001011, disp_reward_id_1=60021 WHERE id=600002341;
UPDATE event_wave_group_data SET reward_group_id_1=62001011, disp_reward_id_1=60021 WHERE id=600002342;
UPDATE event_wave_group_data SET reward_group_id_1=62001011, disp_reward_id_1=60021 WHERE id=600002343;
UPDATE event_wave_group_data SET reward_group_id_1=62001011, disp_reward_id_1=60021 WHERE id=600002344;
UPDATE event_wave_group_data SET reward_group_id_1=62001011, disp_reward_id_1=60021 WHERE id=600002345;
UPDATE event_wave_group_data SET reward_group_id_1=62001011, disp_reward_id_1=60021 WHERE id=600002346;
UPDATE event_wave_group_data SET reward_group_id_1=62001011, disp_reward_id_1=60021 WHERE id=600002347;
UPDATE event_wave_group_data SET reward_group_id_1=62001011, disp_reward_id_1=60021 WHERE id=600002348;
UPDATE event_wave_group_data SET reward_group_id_1=62001011, disp_reward_id_1=60021 WHERE id=600002349;
UPDATE event_wave_group_data SET reward_group_id_1=62001011, disp_reward_id_1=60021 WHERE id=600002350;
UPDATE event_wave_group_data SET reward_group_id_1=62001011, disp_reward_id_1=60021 WHERE id=600002351;
UPDATE event_wave_group_data SET reward_group_id_1=62001011, disp_reward_id_1=60021 WHERE id=600002352;
UPDATE event_wave_group_data SET reward_group_id_1=62001011, disp_reward_id_1=60021 WHERE id=600002353;
UPDATE event_wave_group_data SET reward_group_id_1=62001011, disp_reward_id_1=60021 WHERE id=600002354;
UPDATE event_wave_group_data SET reward_group_id_1=62001011, disp_reward_id_1=60021 WHERE id=600002355;
UPDATE event_wave_group_data SET reward_group_id_1=62001011, disp_reward_id_1=60021 WHERE id=600002356;
UPDATE event_wave_group_data SET reward_group_id_1=62001011, disp_reward_id_1=60021 WHERE id=600002357;
UPDATE event_wave_group_data SET reward_group_id_1=62001011, disp_reward_id_1=60021 WHERE id=600002358;
UPDATE event_wave_group_data SET reward_group_id_1=62001011, disp_reward_id_1=60021 WHERE id=600002359;
UPDATE event_wave_group_data SET reward_group_id_1=62001011, disp_reward_id_1=60021 WHERE id=600002360;
UPDATE event_wave_group_data SET reward_group_id_1=62001011, disp_reward_id_1=60021 WHERE id=600002361;
UPDATE event_wave_group_data SET reward_group_id_1=62001011, disp_reward_id_1=60021 WHERE id=600002362;
UPDATE event_wave_group_data SET reward_group_id_1=62001011, disp_reward_id_1=60021 WHERE id=600002363;
UPDATE event_wave_group_data SET reward_group_id_1=62001011, disp_reward_id_1=60021 WHERE id=600002364;
UPDATE event_wave_group_data SET reward_group_id_1=62001011, disp_reward_id_1=60021 WHERE id=600002365;
UPDATE event_wave_group_data SET reward_group_id_1=62001011, disp_reward_id_1=60021 WHERE id=600002366;
UPDATE event_wave_group_data SET reward_group_id_1=62001011, disp_reward_id_1=60021 WHERE id=600002367;
UPDATE event_wave_group_data SET reward_group_id_1=62001011, disp_reward_id_1=60021 WHERE id=600002368;
UPDATE event_wave_group_data SET reward_group_id_1=62001011, disp_reward_id_1=60021 WHERE id=600002369;
UPDATE event_wave_group_data SET reward_group_id_1=62001011, disp_reward_id_1=60021 WHERE id=600002370;
UPDATE event_wave_group_data SET reward_group_id_1=62001011, disp_reward_id_1=60021 WHERE id=600002371;
UPDATE event_wave_group_data SET reward_group_id_1=62001011, disp_reward_id_1=60021 WHERE id=600002372;
UPDATE event_wave_group_data SET reward_group_id_1=62001011, disp_reward_id_1=60021 WHERE id=600002373;
UPDATE event_wave_group_data SET reward_group_id_1=62001011, disp_reward_id_1=60021 WHERE id=600002374;
UPDATE event_wave_group_data SET reward_group_id_1=62001011, disp_reward_id_1=60021 WHERE id=600002375;
UPDATE event_wave_group_data SET reward_group_id_1=62001011, disp_reward_id_1=60021 WHERE id=600002376;
UPDATE event_wave_group_data SET reward_group_id_1=62001011, disp_reward_id_1=60021 WHERE id=600002377;
UPDATE event_wave_group_data SET reward_group_id_1=62001011, disp_reward_id_1=60021 WHERE id=600002378;
UPDATE event_wave_group_data SET reward_group_id_1=62001011, disp_reward_id_1=60021 WHERE id=600002379;
UPDATE event_wave_group_data SET reward_group_id_1=62001011, disp_reward_id_1=60021 WHERE id=600002380;
UPDATE event_wave_group_data SET reward_group_id_1=62001011, disp_reward_id_1=60021 WHERE id=600002381;
UPDATE event_wave_group_data SET reward_group_id_1=62001011, disp_reward_id_1=60021 WHERE id=600002382;
UPDATE event_wave_group_data SET reward_group_id_1=62001011, disp_reward_id_1=60021 WHERE id=600002383;
UPDATE event_wave_group_data SET reward_group_id_1=62001011, disp_reward_id_1=60021 WHERE id=600002384;
UPDATE event_wave_group_data SET reward_group_id_1=62001011, disp_reward_id_1=60021 WHERE id=600002385;
UPDATE event_wave_group_data SET reward_group_id_1=62001011, disp_reward_id_1=60021 WHERE id=600002386;
UPDATE event_wave_group_data SET reward_group_id_1=62001011, disp_reward_id_1=60021 WHERE id=600002387;
UPDATE event_wave_group_data SET reward_group_id_1=62001011, disp_reward_id_1=60021 WHERE id=600002388;
UPDATE event_wave_group_data SET reward_group_id_1=62001011, disp_reward_id_1=60021 WHERE id=600002389;
UPDATE event_wave_group_data SET reward_group_id_1=62001011, disp_reward_id_1=60021 WHERE id=600002390;
UPDATE event_wave_group_data SET reward_group_id_1=62001011, disp_reward_id_1=60021 WHERE id=600002391;
UPDATE event_wave_group_data SET reward_group_id_1=62001011, disp_reward_id_1=60021 WHERE id=600002392;
UPDATE event_wave_group_data SET reward_group_id_1=62001011, disp_reward_id_1=60021 WHERE id=600002393;
UPDATE event_wave_group_data SET reward_group_id_1=62001011, disp_reward_id_1=60021 WHERE id=600002394;
UPDATE event_wave_group_data SET reward_group_id_1=62001011, disp_reward_id_1=60021 WHERE id=600002395;
UPDATE event_wave_group_data SET reward_group_id_1=62001011, disp_reward_id_1=60021 WHERE id=600002396;
UPDATE event_wave_group_data SET reward_group_id_1=62001011, disp_reward_id_1=60021 WHERE id=600002397;
UPDATE event_wave_group_data SET reward_group_id_1=62001011, disp_reward_id_1=60021 WHERE id=600002398;
UPDATE event_wave_group_data SET reward_group_id_1=62001011, disp_reward_id_1=60021 WHERE id=600002399;
UPDATE event_wave_group_data SET reward_group_id_1=62001011, disp_reward_id_1=60021 WHERE id=600002400;
UPDATE event_wave_group_data SET reward_group_id_1=62001011, disp_reward_id_1=60021 WHERE id=600002401;
UPDATE event_wave_group_data SET reward_group_id_1=62001011, disp_reward_id_1=60021 WHERE id=600002402;
UPDATE event_wave_group_data SET reward_group_id_1=62001011, disp_reward_id_1=60021 WHERE id=600002403;
UPDATE event_wave_group_data SET reward_group_id_1=62001011, disp_reward_id_1=60021 WHERE id=600002404;
UPDATE event_wave_group_data SET reward_group_id_1=62001011, disp_reward_id_1=60021 WHERE id=600002405;
UPDATE event_wave_group_data SET reward_group_id_1=62001011, disp_reward_id_1=60021 WHERE id=600002406;
UPDATE event_wave_group_data SET reward_group_id_1=62001011, disp_reward_id_1=60021 WHERE id=600002407;
UPDATE event_wave_group_data SET reward_group_id_1=62001011, disp_reward_id_1=60021 WHERE id=600002408;
UPDATE event_wave_group_data SET reward_group_id_1=62001011, disp_reward_id_1=60021 WHERE id=600002409;
UPDATE event_wave_group_data SET reward_group_id_1=62001011, disp_reward_id_1=60021 WHERE id=600002410;
UPDATE event_wave_group_data SET reward_group_id_1=62001011, disp_reward_id_1=60021 WHERE id=600002411;
UPDATE event_wave_group_data SET reward_group_id_1=62001011, disp_reward_id_1=60021 WHERE id=600002412;
UPDATE event_wave_group_data SET reward_group_id_1=62001011, disp_reward_id_1=60021 WHERE id=600002413;
UPDATE event_wave_group_data SET reward_group_id_1=62001011, disp_reward_id_1=60021 WHERE id=600002414;
UPDATE event_wave_group_data SET reward_group_id_1=62001011, disp_reward_id_1=60021 WHERE id=600002415;
UPDATE event_wave_group_data SET disp_reward_id_4=60022, reward_odds_4=25 WHERE id=600002416;
UPDATE event_wave_group_data SET disp_reward_id_4=60022, reward_odds_4=25 WHERE id=600002417;
UPDATE event_wave_group_data SET disp_reward_id_4=60022, reward_odds_4=25 WHERE id=600002418;
UPDATE event_wave_group_data SET disp_reward_id_4=60022, reward_odds_4=25 WHERE id=600002419;
UPDATE event_wave_group_data SET disp_reward_id_4=60022, reward_odds_4=25 WHERE id=600002420;
UPDATE event_wave_group_data SET disp_reward_id_4=60022, reward_odds_4=25 WHERE id=600002421;
UPDATE event_wave_group_data SET disp_reward_id_4=60022, reward_odds_4=25 WHERE id=600002422;
UPDATE event_wave_group_data SET disp_reward_id_4=60022, reward_odds_4=25 WHERE id=600002423;
UPDATE event_wave_group_data SET disp_reward_id_4=60022, reward_odds_4=25 WHERE id=600002424;
UPDATE event_wave_group_data SET disp_reward_id_4=60022, reward_odds_4=25 WHERE id=600002425;
UPDATE event_wave_group_data SET disp_reward_id_4=60022, reward_odds_4=25 WHERE id=600002426;
UPDATE event_wave_group_data SET disp_reward_id_4=60022, reward_odds_4=25 WHERE id=600002427;
UPDATE event_wave_group_data SET disp_reward_id_4=60022, reward_odds_4=25 WHERE id=600002428;
UPDATE event_wave_group_data SET disp_reward_id_4=60022, reward_odds_4=25 WHERE id=600002429;
UPDATE event_wave_group_data SET disp_reward_id_4=60022, reward_odds_4=25 WHERE id=600002430;
UPDATE event_wave_group_data SET disp_reward_id_4=60022, reward_odds_4=25 WHERE id=600002431;
UPDATE event_wave_group_data SET disp_reward_id_4=60022, reward_odds_4=25 WHERE id=600002432;
UPDATE event_wave_group_data SET disp_reward_id_4=60022, reward_odds_4=25 WHERE id=600002433;
UPDATE event_wave_group_data SET disp_reward_id_4=60022, reward_odds_4=25 WHERE id=600002434;
UPDATE event_wave_group_data SET disp_reward_id_4=60022, reward_odds_4=25 WHERE id=600002435;
UPDATE event_wave_group_data SET disp_reward_id_4=60022, reward_odds_4=25 WHERE id=600002436;
UPDATE event_wave_group_data SET disp_reward_id_4=60022, reward_odds_4=25 WHERE id=600002437;
UPDATE event_wave_group_data SET disp_reward_id_4=60022, reward_odds_4=25 WHERE id=600002438;
UPDATE event_wave_group_data SET disp_reward_id_4=60022, reward_odds_4=25 WHERE id=600002439;
UPDATE event_wave_group_data SET disp_reward_id_4=60022, reward_odds_4=25 WHERE id=600002440;
UPDATE event_wave_group_data SET disp_reward_id_4=60022, reward_odds_4=25 WHERE id=600002441;
UPDATE event_wave_group_data SET disp_reward_id_4=60022, reward_odds_4=25 WHERE id=600002442;
UPDATE event_wave_group_data SET disp_reward_id_4=60022, reward_odds_4=25 WHERE id=600002443;
UPDATE event_wave_group_data SET disp_reward_id_4=60022, reward_odds_4=25 WHERE id=600002444;
UPDATE event_wave_group_data SET disp_reward_id_4=60022, reward_odds_4=25 WHERE id=600002445;
UPDATE event_wave_group_data SET disp_reward_id_4=60022, reward_odds_4=25 WHERE id=600002446;
UPDATE event_wave_group_data SET disp_reward_id_4=60022, reward_odds_4=25 WHERE id=600002447;
UPDATE event_wave_group_data SET disp_reward_id_4=60022, reward_odds_4=25 WHERE id=600002448;
UPDATE event_wave_group_data SET disp_reward_id_4=60022, reward_odds_4=25 WHERE id=600002449;
UPDATE event_wave_group_data SET disp_reward_id_4=60022, reward_odds_4=25 WHERE id=600002450;
UPDATE event_wave_group_data SET disp_reward_id_4=60022, reward_odds_4=25 WHERE id=600002451;
UPDATE event_wave_group_data SET disp_reward_id_4=60022, reward_odds_4=25 WHERE id=600002452;
UPDATE event_wave_group_data SET disp_reward_id_4=60022, reward_odds_4=25 WHERE id=600002453;
UPDATE event_wave_group_data SET disp_reward_id_4=60022, reward_odds_4=25 WHERE id=600002454;
UPDATE event_wave_group_data SET disp_reward_id_4=60022, reward_odds_4=25 WHERE id=600002455;
UPDATE event_wave_group_data SET disp_reward_id_4=60022, reward_odds_4=25 WHERE id=600002456;
UPDATE event_wave_group_data SET disp_reward_id_4=60022, reward_odds_4=25 WHERE id=600002457;
UPDATE event_wave_group_data SET disp_reward_id_4=60022, reward_odds_4=25 WHERE id=600002458;
UPDATE event_wave_group_data SET disp_reward_id_4=60022, reward_odds_4=25 WHERE id=600002459;
UPDATE event_wave_group_data SET disp_reward_id_4=60022, reward_odds_4=25 WHERE id=600002460;
UPDATE event_wave_group_data SET disp_reward_id_4=60022, reward_odds_4=25 WHERE id=600002461;
UPDATE event_wave_group_data SET disp_reward_id_4=60022, reward_odds_4=25 WHERE id=600002462;
UPDATE event_wave_group_data SET disp_reward_id_4=60022, reward_odds_4=25 WHERE id=600002463;
UPDATE event_wave_group_data SET disp_reward_id_4=60022, reward_odds_4=25 WHERE id=600002464;
UPDATE event_wave_group_data SET disp_reward_id_4=60022, reward_odds_4=25 WHERE id=600002465;
UPDATE event_wave_group_data SET disp_reward_id_4=60022, reward_odds_4=25 WHERE id=600002466;
UPDATE event_wave_group_data SET disp_reward_id_4=60022, reward_odds_4=25 WHERE id=600002467;
UPDATE event_wave_group_data SET disp_reward_id_4=60022, reward_odds_4=25 WHERE id=600002468;
UPDATE event_wave_group_data SET disp_reward_id_4=60022, reward_odds_4=25 WHERE id=600002469;
UPDATE event_wave_group_data SET disp_reward_id_4=60022, reward_odds_4=25 WHERE id=600002470;
UPDATE event_wave_group_data SET disp_reward_id_4=60022, reward_odds_4=25 WHERE id=600002471;
UPDATE event_wave_group_data SET disp_reward_id_4=60022, reward_odds_4=25 WHERE id=600002472;
UPDATE event_wave_group_data SET disp_reward_id_4=60022, reward_odds_4=25 WHERE id=600002473;
UPDATE event_wave_group_data SET disp_reward_id_4=60022, reward_odds_4=25 WHERE id=600002474;
UPDATE event_wave_group_data SET disp_reward_id_4=60022, reward_odds_4=25 WHERE id=600002475;
UPDATE event_wave_group_data SET disp_reward_id_4=60022, reward_odds_4=25 WHERE id=600002476;
UPDATE event_wave_group_data SET disp_reward_id_4=60022, reward_odds_4=25 WHERE id=600002477;
UPDATE event_wave_group_data SET disp_reward_id_4=60022, reward_odds_4=25 WHERE id=600002478;
UPDATE event_wave_group_data SET disp_reward_id_4=60022, reward_odds_4=25 WHERE id=600002479;
UPDATE event_wave_group_data SET disp_reward_id_4=60022, reward_odds_4=25 WHERE id=600002480;
UPDATE event_wave_group_data SET disp_reward_id_4=60022, reward_odds_4=25 WHERE id=600002481;
UPDATE event_wave_group_data SET disp_reward_id_4=60022, reward_odds_4=25 WHERE id=600002482;
UPDATE event_wave_group_data SET disp_reward_id_4=60022, reward_odds_4=25 WHERE id=600002483;
UPDATE event_wave_group_data SET disp_reward_id_4=60022, reward_odds_4=25 WHERE id=600002484;
UPDATE event_wave_group_data SET disp_reward_id_4=60022, reward_odds_4=25 WHERE id=600002485;
UPDATE event_wave_group_data SET disp_reward_id_4=60022, reward_odds_4=25 WHERE id=600002486;
UPDATE event_wave_group_data SET disp_reward_id_4=60022, reward_odds_4=25 WHERE id=600002487;
UPDATE event_wave_group_data SET disp_reward_id_4=60022, reward_odds_4=25 WHERE id=600002488;
UPDATE event_wave_group_data SET disp_reward_id_4=60022, reward_odds_4=25 WHERE id=600002489;
UPDATE event_wave_group_data SET disp_reward_id_4=60022, reward_odds_4=25 WHERE id=600002490;
UPDATE event_wave_group_data SET disp_reward_id_4=60022, reward_odds_4=25 WHERE id=600002491;
UPDATE event_wave_group_data SET disp_reward_id_4=60022, reward_odds_4=25 WHERE id=600002492;
UPDATE event_wave_group_data SET disp_reward_id_4=60022, reward_odds_4=25 WHERE id=600002493;
UPDATE event_wave_group_data SET disp_reward_id_4=60022, reward_odds_4=25 WHERE id=600002494;
UPDATE event_wave_group_data SET disp_reward_id_4=60022, reward_odds_4=25 WHERE id=600002495;
UPDATE event_wave_group_data SET disp_reward_id_4=60022, reward_odds_4=25 WHERE id=600002496;
UPDATE event_wave_group_data SET disp_reward_id_4=60022, reward_odds_4=25 WHERE id=600002497;
UPDATE event_wave_group_data SET disp_reward_id_4=60022, reward_odds_4=25 WHERE id=600002498;
UPDATE event_wave_group_data SET disp_reward_id_4=60022, reward_odds_4=25 WHERE id=600002499;
UPDATE event_wave_group_data SET disp_reward_id_4=60022, reward_odds_4=25 WHERE id=600002500;
UPDATE event_wave_group_data SET disp_reward_id_4=60022, reward_odds_4=25 WHERE id=600002501;
UPDATE event_wave_group_data SET disp_reward_id_4=60022, reward_odds_4=25 WHERE id=600002502;
UPDATE event_wave_group_data SET disp_reward_id_4=60022, reward_odds_4=25 WHERE id=600002503;
UPDATE event_wave_group_data SET disp_reward_id_4=60022, reward_odds_4=25 WHERE id=600002504;
UPDATE event_wave_group_data SET disp_reward_id_4=60022, reward_odds_4=25 WHERE id=600002505;
UPDATE event_wave_group_data SET disp_reward_id_4=60022, reward_odds_4=25 WHERE id=600002506;
UPDATE event_wave_group_data SET disp_reward_id_4=60022, reward_odds_4=25 WHERE id=600002507;
UPDATE event_wave_group_data SET disp_reward_id_4=60022, reward_odds_4=25 WHERE id=600002508;
UPDATE event_wave_group_data SET disp_reward_id_4=60022, reward_odds_4=25 WHERE id=600002509;
UPDATE event_wave_group_data SET disp_reward_id_4=60022, reward_odds_4=25 WHERE id=600002510;
UPDATE event_wave_group_data SET disp_reward_id_4=60022, reward_odds_4=25 WHERE id=600002511;
UPDATE event_wave_group_data SET disp_reward_id_4=60022, reward_odds_4=25 WHERE id=600002512;
UPDATE event_wave_group_data SET disp_reward_id_4=60022, reward_odds_4=25 WHERE id=600002513;
UPDATE event_wave_group_data SET disp_reward_id_4=60022, reward_odds_4=25 WHERE id=600002514;
UPDATE event_wave_group_data SET disp_reward_id_4=60022, reward_odds_4=25 WHERE id=600002515;
UPDATE event_wave_group_data SET disp_reward_id_4=60022, reward_odds_4=25 WHERE id=600002516;
UPDATE event_wave_group_data SET disp_reward_id_4=60022, reward_odds_4=25 WHERE id=600002517;
UPDATE event_wave_group_data SET disp_reward_id_4=60022, reward_odds_4=25 WHERE id=600002518;
UPDATE event_wave_group_data SET disp_reward_id_4=60022, reward_odds_4=25 WHERE id=600002519;
UPDATE event_wave_group_data SET disp_reward_id_4=60022, reward_odds_4=25 WHERE id=600002520;
UPDATE event_wave_group_data SET disp_reward_id_4=60022, reward_odds_4=25 WHERE id=600002521;
UPDATE event_wave_group_data SET disp_reward_id_4=60022, reward_odds_4=25 WHERE id=600002522;
UPDATE event_wave_group_data SET disp_reward_id_4=60022, reward_odds_4=25 WHERE id=600002523;
UPDATE event_wave_group_data SET disp_reward_id_4=60022, reward_odds_4=25 WHERE id=600002524;
UPDATE event_wave_group_data SET disp_reward_id_4=60022, reward_odds_4=25 WHERE id=600002525;
UPDATE event_wave_group_data SET disp_reward_id_4=60022, reward_odds_4=25 WHERE id=600002526;
UPDATE event_wave_group_data SET disp_reward_id_4=60022, reward_odds_4=25 WHERE id=600002527;
UPDATE event_wave_group_data SET disp_reward_id_4=60022, reward_odds_4=25 WHERE id=600002528;
UPDATE event_wave_group_data SET disp_reward_id_4=60022, reward_odds_4=25 WHERE id=600002529;
UPDATE event_wave_group_data SET disp_reward_id_4=60022, reward_odds_4=25 WHERE id=600002530;
UPDATE event_wave_group_data SET disp_reward_id_4=60022, reward_odds_4=25 WHERE id=600002531;
UPDATE event_wave_group_data SET disp_reward_id_4=60022, reward_odds_4=25 WHERE id=600002532;
UPDATE event_wave_group_data SET reward_group_id_1=61001012, disp_reward_id_1=60021 WHERE id=600002838;
UPDATE event_wave_group_data SET reward_group_id_1=61001012, disp_reward_id_1=60021 WHERE id=600002839;
UPDATE event_wave_group_data SET reward_group_id_1=61001012, disp_reward_id_1=60021 WHERE id=600002840;
UPDATE event_wave_group_data SET reward_group_id_1=61001012, disp_reward_id_1=60021 WHERE id=600002841;
UPDATE event_wave_group_data SET reward_group_id_1=61001012, disp_reward_id_1=60021 WHERE id=600002842;
UPDATE event_wave_group_data SET reward_group_id_1=61001012, disp_reward_id_1=60021 WHERE id=600002843;
UPDATE event_wave_group_data SET reward_group_id_1=61001012, disp_reward_id_1=60021 WHERE id=600002844;
UPDATE event_wave_group_data SET reward_group_id_1=61001012, disp_reward_id_1=60021 WHERE id=600002845;
UPDATE event_wave_group_data SET reward_group_id_1=61001012, disp_reward_id_1=60021 WHERE id=600002846;
UPDATE event_wave_group_data SET reward_group_id_1=61001012, disp_reward_id_1=60021 WHERE id=600002847;
UPDATE event_wave_group_data SET reward_group_id_1=61001012, disp_reward_id_1=60021 WHERE id=600002848;
UPDATE event_wave_group_data SET reward_group_id_1=61001012, disp_reward_id_1=60021 WHERE id=600002849;
UPDATE event_wave_group_data SET reward_group_id_1=61001012, disp_reward_id_1=60021 WHERE id=600002850;
UPDATE event_wave_group_data SET reward_group_id_1=61001012, disp_reward_id_1=60021 WHERE id=600002851;
UPDATE event_wave_group_data SET reward_group_id_1=61001012, disp_reward_id_1=60021 WHERE id=600002852;
UPDATE event_wave_group_data SET reward_group_id_1=61001012, disp_reward_id_1=60021 WHERE id=600002853;
UPDATE event_wave_group_data SET reward_group_id_1=61001012, disp_reward_id_1=60021 WHERE id=600002854;
UPDATE event_wave_group_data SET reward_group_id_1=61001012, disp_reward_id_1=60021 WHERE id=600002855;
UPDATE event_wave_group_data SET reward_group_id_1=61001012, disp_reward_id_1=60021 WHERE id=600002856;
UPDATE event_wave_group_data SET reward_group_id_1=61001012, disp_reward_id_1=60021 WHERE id=600002857;
UPDATE event_wave_group_data SET reward_group_id_1=61001012, disp_reward_id_1=60021 WHERE id=600002858;
UPDATE event_wave_group_data SET reward_group_id_1=61001012, disp_reward_id_1=60021 WHERE id=600002859;
UPDATE event_wave_group_data SET reward_group_id_1=61001012, disp_reward_id_1=60021 WHERE id=600002860;
UPDATE event_wave_group_data SET reward_group_id_1=61001012, disp_reward_id_1=60021 WHERE id=600002861;
UPDATE event_wave_group_data SET reward_group_id_1=61001012, disp_reward_id_1=60021 WHERE id=600002862;
UPDATE event_wave_group_data SET reward_group_id_1=61001012, disp_reward_id_1=60021 WHERE id=600002863;
UPDATE event_wave_group_data SET reward_group_id_1=61001012, disp_reward_id_1=60021 WHERE id=600002864;
UPDATE event_wave_group_data SET reward_group_id_1=61001012, disp_reward_id_1=60021 WHERE id=600002865;
UPDATE event_wave_group_data SET reward_group_id_1=61001012, disp_reward_id_1=60021 WHERE id=600002866;
UPDATE event_wave_group_data SET reward_group_id_1=61001012, disp_reward_id_1=60021 WHERE id=600002867;
UPDATE event_wave_group_data SET reward_group_id_1=61001012, disp_reward_id_1=60021 WHERE id=600002868;
UPDATE event_wave_group_data SET reward_group_id_1=61001012, disp_reward_id_1=60021 WHERE id=600002869;
UPDATE event_wave_group_data SET reward_group_id_1=61001012, disp_reward_id_1=60021 WHERE id=600002870;
UPDATE event_wave_group_data SET reward_group_id_1=61001012, disp_reward_id_1=60021 WHERE id=600002871;
UPDATE event_wave_group_data SET reward_group_id_1=61001012, disp_reward_id_1=60021 WHERE id=600002872;
UPDATE event_wave_group_data SET reward_group_id_1=61001012, disp_reward_id_1=60021 WHERE id=600002873;
UPDATE event_wave_group_data SET reward_group_id_1=61001012, disp_reward_id_1=60021 WHERE id=600002874;
UPDATE event_wave_group_data SET reward_group_id_1=61001012, disp_reward_id_1=60021 WHERE id=600002875;
UPDATE event_wave_group_data SET reward_group_id_1=61001012, disp_reward_id_1=60021 WHERE id=600002876;
UPDATE event_wave_group_data SET reward_group_id_1=61001012, disp_reward_id_1=60021 WHERE id=600002877;
UPDATE event_wave_group_data SET reward_group_id_1=61001012, disp_reward_id_1=60021 WHERE id=600002878;
UPDATE event_wave_group_data SET reward_group_id_1=61001012, disp_reward_id_1=60021 WHERE id=600002879;
UPDATE event_wave_group_data SET reward_group_id_1=61001012, disp_reward_id_1=60021 WHERE id=600002880;
UPDATE event_wave_group_data SET reward_group_id_1=61001012, disp_reward_id_1=60021 WHERE id=600002881;
UPDATE event_wave_group_data SET reward_group_id_1=61001012, disp_reward_id_1=60021 WHERE id=600002882;
UPDATE event_wave_group_data SET reward_group_id_1=61001012, disp_reward_id_1=60021 WHERE id=600002883;
UPDATE event_wave_group_data SET reward_group_id_1=61001012, disp_reward_id_1=60021 WHERE id=600002884;
UPDATE event_wave_group_data SET reward_group_id_1=61001012, disp_reward_id_1=60021 WHERE id=600002885;
UPDATE event_wave_group_data SET reward_group_id_1=61001012, disp_reward_id_1=60021 WHERE id=600002886;
UPDATE event_wave_group_data SET reward_group_id_1=61001012, disp_reward_id_1=60021 WHERE id=600002887;
UPDATE event_wave_group_data SET reward_group_id_1=61001012, disp_reward_id_1=60021 WHERE id=600002888;
UPDATE event_wave_group_data SET reward_group_id_1=61001012, disp_reward_id_1=60021 WHERE id=600002889;
UPDATE event_wave_group_data SET reward_group_id_1=61001012, disp_reward_id_1=60021 WHERE id=600002890;
UPDATE event_wave_group_data SET reward_group_id_1=61001012, disp_reward_id_1=60021 WHERE id=600002891;
UPDATE event_wave_group_data SET reward_group_id_1=61001012, disp_reward_id_1=60021 WHERE id=600002892;
UPDATE event_wave_group_data SET reward_group_id_1=61001012, disp_reward_id_1=60021 WHERE id=600002893;
UPDATE event_wave_group_data SET reward_group_id_1=61001012, disp_reward_id_1=60021 WHERE id=600002894;
UPDATE event_wave_group_data SET reward_group_id_1=61001012, disp_reward_id_1=60021 WHERE id=600002895;
UPDATE event_wave_group_data SET reward_group_id_1=61001012, disp_reward_id_1=60021 WHERE id=600002896;
UPDATE event_wave_group_data SET reward_group_id_1=61001012, disp_reward_id_1=60021 WHERE id=600002897;
UPDATE event_wave_group_data SET reward_group_id_1=61001012, disp_reward_id_1=60021 WHERE id=600002898;
UPDATE event_wave_group_data SET reward_group_id_1=61001012, disp_reward_id_1=60021 WHERE id=600002899;
UPDATE event_wave_group_data SET reward_group_id_1=61001012, disp_reward_id_1=60021 WHERE id=600002900;
UPDATE event_wave_group_data SET reward_group_id_1=61001012, disp_reward_id_1=60021 WHERE id=600002901;
UPDATE event_wave_group_data SET reward_group_id_1=61001012, disp_reward_id_1=60021 WHERE id=600002902;
UPDATE event_wave_group_data SET reward_group_id_1=61001012, disp_reward_id_1=60021 WHERE id=600002903;
UPDATE event_wave_group_data SET reward_group_id_1=61001012, disp_reward_id_1=60021 WHERE id=600002904;
UPDATE event_wave_group_data SET reward_group_id_1=61001012, disp_reward_id_1=60021 WHERE id=600002905;
UPDATE event_wave_group_data SET reward_group_id_1=61001012, disp_reward_id_1=60021 WHERE id=600002906;
UPDATE event_wave_group_data SET reward_group_id_1=61001012, disp_reward_id_1=60021 WHERE id=600002907;
UPDATE event_wave_group_data SET reward_group_id_1=61001012, disp_reward_id_1=60021 WHERE id=600002908;
UPDATE event_wave_group_data SET reward_group_id_1=61001012, disp_reward_id_1=60021 WHERE id=600002909;
UPDATE event_wave_group_data SET reward_group_id_1=61001012, disp_reward_id_1=60021 WHERE id=600002910;
UPDATE event_wave_group_data SET reward_group_id_1=61001012, disp_reward_id_1=60021 WHERE id=600002911;
UPDATE event_wave_group_data SET reward_group_id_1=61001012, disp_reward_id_1=60021 WHERE id=600002912;
UPDATE event_wave_group_data SET reward_group_id_1=61001012, disp_reward_id_1=60021 WHERE id=600002913;
UPDATE event_wave_group_data SET reward_group_id_1=61001012, disp_reward_id_1=60021 WHERE id=600002914;
UPDATE event_wave_group_data SET reward_group_id_1=61001012, disp_reward_id_1=60021 WHERE id=600002915;
UPDATE event_wave_group_data SET reward_group_id_1=61001012, disp_reward_id_1=60021 WHERE id=600002916;
UPDATE event_wave_group_data SET reward_group_id_1=61001012, disp_reward_id_1=60021 WHERE id=600002917;
UPDATE event_wave_group_data SET reward_group_id_1=61001012, disp_reward_id_1=60021 WHERE id=600002918;
UPDATE event_wave_group_data SET reward_group_id_1=61001012, disp_reward_id_1=60021 WHERE id=600002919;
UPDATE event_wave_group_data SET reward_group_id_1=61001012, disp_reward_id_1=60021 WHERE id=600002920;
UPDATE event_wave_group_data SET reward_group_id_1=61001012, disp_reward_id_1=60021 WHERE id=600002921;
UPDATE event_wave_group_data SET reward_group_id_1=61001012, disp_reward_id_1=60021 WHERE id=600002922;
UPDATE event_wave_group_data SET reward_group_id_1=61001012, disp_reward_id_1=60021 WHERE id=600002923;
UPDATE event_wave_group_data SET reward_group_id_1=61001012, disp_reward_id_1=60021 WHERE id=600002924;
UPDATE event_wave_group_data SET reward_group_id_1=61001012, disp_reward_id_1=60021 WHERE id=600002925;
UPDATE event_wave_group_data SET reward_group_id_1=61001012, disp_reward_id_1=60021 WHERE id=600002926;
UPDATE event_wave_group_data SET reward_group_id_1=61001012, disp_reward_id_1=60021 WHERE id=600002927;
UPDATE event_wave_group_data SET reward_group_id_1=61001012, disp_reward_id_1=60021 WHERE id=600002928;
UPDATE event_wave_group_data SET reward_group_id_1=61001012, disp_reward_id_1=60021 WHERE id=600002929;
UPDATE event_wave_group_data SET reward_group_id_1=61001012, disp_reward_id_1=60021 WHERE id=600002930;
UPDATE event_wave_group_data SET reward_group_id_1=61001012, disp_reward_id_1=60021 WHERE id=600002931;
UPDATE event_wave_group_data SET reward_group_id_1=61001012, disp_reward_id_1=60021 WHERE id=600002932;
UPDATE event_wave_group_data SET reward_group_id_1=61001012, disp_reward_id_1=60021 WHERE id=600002933;
UPDATE event_wave_group_data SET reward_group_id_1=61001012, disp_reward_id_1=60021 WHERE id=600002934;
UPDATE event_wave_group_data SET reward_group_id_1=61001012, disp_reward_id_1=60021 WHERE id=600002935;
UPDATE event_wave_group_data SET reward_group_id_1=61001012, disp_reward_id_1=60021 WHERE id=600002936;
UPDATE event_wave_group_data SET reward_group_id_1=61001012, disp_reward_id_1=60021 WHERE id=600002937;
UPDATE event_wave_group_data SET reward_group_id_1=61001012, disp_reward_id_1=60021 WHERE id=600002938;
UPDATE event_wave_group_data SET reward_group_id_1=61001012, disp_reward_id_1=60021 WHERE id=600002939;
UPDATE event_wave_group_data SET reward_group_id_1=61001012, disp_reward_id_1=60021 WHERE id=600002940;
UPDATE event_wave_group_data SET reward_group_id_1=61001012, disp_reward_id_1=60021 WHERE id=600002941;
UPDATE event_wave_group_data SET reward_group_id_1=61001012, disp_reward_id_1=60021 WHERE id=600002942;
UPDATE event_wave_group_data SET reward_group_id_1=61001012, disp_reward_id_1=60021 WHERE id=600002943;
UPDATE event_wave_group_data SET reward_group_id_1=61001012, disp_reward_id_1=60021 WHERE id=600002944;
UPDATE event_wave_group_data SET reward_group_id_1=61001012, disp_reward_id_1=60021 WHERE id=600002945;
UPDATE event_wave_group_data SET reward_group_id_1=61001012, disp_reward_id_1=60021 WHERE id=600002946;
UPDATE event_wave_group_data SET reward_group_id_1=61001012, disp_reward_id_1=60021 WHERE id=600002947;
UPDATE event_wave_group_data SET reward_group_id_1=61001012, disp_reward_id_1=60021 WHERE id=600002948;
UPDATE event_wave_group_data SET reward_group_id_1=61001012, disp_reward_id_1=60021 WHERE id=600002949;
UPDATE event_wave_group_data SET reward_group_id_1=61001012, disp_reward_id_1=60021 WHERE id=600002950;
UPDATE event_wave_group_data SET reward_group_id_1=61001012, disp_reward_id_1=60021 WHERE id=600002951;
UPDATE event_wave_group_data SET reward_group_id_1=61001012, disp_reward_id_1=60021 WHERE id=600002952;
UPDATE event_wave_group_data SET reward_group_id_1=61001012, disp_reward_id_1=60021 WHERE id=600002953;
UPDATE event_wave_group_data SET reward_group_id_1=61001012, disp_reward_id_1=60021 WHERE id=600002954;
UPDATE event_wave_group_data SET reward_group_id_1=61001012, disp_reward_id_1=60021 WHERE id=600002955;
UPDATE event_wave_group_data SET reward_group_id_1=61001012, disp_reward_id_1=60021 WHERE id=600002956;
UPDATE event_wave_group_data SET reward_group_id_1=61001012, disp_reward_id_1=60021 WHERE id=600002957;
UPDATE event_wave_group_data SET reward_group_id_1=61001012, disp_reward_id_1=60021 WHERE id=600002958;
UPDATE event_wave_group_data SET reward_group_id_1=61001012, disp_reward_id_1=60021 WHERE id=600002959;
UPDATE event_wave_group_data SET reward_group_id_1=61001012, disp_reward_id_1=60021 WHERE id=600002960;
UPDATE event_wave_group_data SET reward_group_id_1=61001012, disp_reward_id_1=60021 WHERE id=600002961;
UPDATE event_wave_group_data SET reward_group_id_1=61001012, disp_reward_id_1=60021 WHERE id=600002962;
UPDATE event_wave_group_data SET reward_group_id_1=61001012, disp_reward_id_1=60021 WHERE id=600002963;
UPDATE event_wave_group_data SET reward_group_id_1=61001012, disp_reward_id_1=60021 WHERE id=600002964;
UPDATE event_wave_group_data SET reward_group_id_1=61001012, disp_reward_id_1=60021 WHERE id=600002965;
UPDATE event_wave_group_data SET reward_group_id_1=61001012, disp_reward_id_1=60021 WHERE id=600002966;
UPDATE event_wave_group_data SET reward_group_id_1=61001012, disp_reward_id_1=60021 WHERE id=600002967;
UPDATE event_wave_group_data SET reward_group_id_1=61001012, disp_reward_id_1=60021 WHERE id=600002968;
UPDATE event_wave_group_data SET reward_group_id_1=61001012, disp_reward_id_1=60021 WHERE id=600002969;
UPDATE event_wave_group_data SET reward_group_id_1=61001012, disp_reward_id_1=60021 WHERE id=600002970;
UPDATE event_wave_group_data SET reward_group_id_1=61001012, disp_reward_id_1=60021 WHERE id=600002971;
UPDATE event_wave_group_data SET reward_group_id_1=61001012, disp_reward_id_1=60021 WHERE id=600002972;
UPDATE event_wave_group_data SET reward_group_id_1=61001012, disp_reward_id_1=60021 WHERE id=600002973;
UPDATE event_wave_group_data SET reward_group_id_1=61001012, disp_reward_id_1=60021 WHERE id=600002974;
UPDATE event_wave_group_data SET reward_group_id_1=61001012, disp_reward_id_1=60021 WHERE id=600002975;
UPDATE event_wave_group_data SET reward_group_id_1=61001012, disp_reward_id_1=60021 WHERE id=600002976;
UPDATE event_wave_group_data SET reward_group_id_1=61001012, disp_reward_id_1=60021 WHERE id=600002977;
UPDATE event_wave_group_data SET reward_group_id_1=61001012, disp_reward_id_1=60021 WHERE id=600002978;
UPDATE event_wave_group_data SET reward_group_id_1=61001012, disp_reward_id_1=60021 WHERE id=600002979;
UPDATE event_wave_group_data SET reward_group_id_1=61001012, disp_reward_id_1=60021 WHERE id=600002980;
UPDATE event_wave_group_data SET reward_group_id_1=61001012, disp_reward_id_1=60021 WHERE id=600002981;
UPDATE event_wave_group_data SET reward_group_id_1=61001012, disp_reward_id_1=60021 WHERE id=600002982;
UPDATE event_wave_group_data SET reward_group_id_1=61001012, disp_reward_id_1=60021 WHERE id=600002983;
UPDATE event_wave_group_data SET reward_group_id_1=61001012, disp_reward_id_1=60021 WHERE id=600002984;
UPDATE event_wave_group_data SET reward_group_id_1=61001012, disp_reward_id_1=60021 WHERE id=600002985;
UPDATE event_wave_group_data SET reward_group_id_1=61001012, disp_reward_id_1=60021 WHERE id=600002986;
UPDATE event_wave_group_data SET reward_group_id_1=61001012, disp_reward_id_1=60021 WHERE id=600002987;
UPDATE event_wave_group_data SET reward_group_id_1=61001012, disp_reward_id_1=60021 WHERE id=600002988;
UPDATE event_wave_group_data SET reward_group_id_1=61001012, disp_reward_id_1=60021 WHERE id=600002989;
UPDATE event_wave_group_data SET reward_group_id_1=61001012, disp_reward_id_1=60021 WHERE id=600002990;
UPDATE event_wave_group_data SET reward_group_id_1=61001012, disp_reward_id_1=60021 WHERE id=600002991;
UPDATE event_wave_group_data SET reward_group_id_1=61001012, disp_reward_id_1=60021 WHERE id=600002992;
UPDATE event_wave_group_data SET reward_group_id_1=61001012, disp_reward_id_1=60021 WHERE id=600002993;
UPDATE event_wave_group_data SET reward_group_id_1=61001012, disp_reward_id_1=60021 WHERE id=600002994;
UPDATE event_wave_group_data SET reward_group_id_1=61001012, disp_reward_id_1=60021 WHERE id=600002995;
UPDATE event_wave_group_data SET reward_group_id_1=61001012, disp_reward_id_1=60021 WHERE id=600002996;
UPDATE event_wave_group_data SET reward_group_id_1=61001012, disp_reward_id_1=60021 WHERE id=600002997;
UPDATE event_wave_group_data SET reward_group_id_1=61001012, disp_reward_id_1=60021 WHERE id=600002998;
UPDATE event_wave_group_data SET reward_group_id_1=61001012, disp_reward_id_1=60021 WHERE id=600002999;
UPDATE event_wave_group_data SET reward_group_id_1=61001012, disp_reward_id_1=60021 WHERE id=600003000;
UPDATE event_wave_group_data SET reward_group_id_1=61001012, disp_reward_id_1=60021 WHERE id=600003001;
UPDATE event_wave_group_data SET reward_group_id_1=61001012, disp_reward_id_1=60021 WHERE id=600003002;
UPDATE event_wave_group_data SET reward_group_id_1=61001012, disp_reward_id_1=60021 WHERE id=600003003;
UPDATE event_wave_group_data SET reward_group_id_1=61001012, disp_reward_id_1=60021 WHERE id=600003004;
UPDATE event_wave_group_data SET reward_group_id_1=61001012, disp_reward_id_1=60021 WHERE id=600003005;
UPDATE event_wave_group_data SET reward_group_id_1=61001012, disp_reward_id_1=60021 WHERE id=600003006;
UPDATE event_wave_group_data SET reward_group_id_1=61001012, disp_reward_id_1=60021 WHERE id=600003007;
UPDATE event_wave_group_data SET reward_group_id_1=61001012, disp_reward_id_1=60021 WHERE id=600003008;
UPDATE event_wave_group_data SET reward_group_id_1=61001012, disp_reward_id_1=60021 WHERE id=600003009;
UPDATE event_wave_group_data SET reward_group_id_1=61001012, disp_reward_id_1=60021 WHERE id=600003010;
UPDATE event_wave_group_data SET reward_group_id_1=61001012, disp_reward_id_1=60021 WHERE id=600003011;
UPDATE event_wave_group_data SET reward_group_id_1=61001012, disp_reward_id_1=60021 WHERE id=600003012;
UPDATE event_wave_group_data SET reward_group_id_1=61001012, disp_reward_id_1=60021 WHERE id=600003013;
UPDATE event_wave_group_data SET reward_group_id_1=61001012, disp_reward_id_1=60021 WHERE id=600003014;
UPDATE event_wave_group_data SET reward_group_id_1=61001012, disp_reward_id_1=60021 WHERE id=600003015;
UPDATE event_wave_group_data SET reward_group_id_1=61001012, disp_reward_id_1=60021 WHERE id=600003016;
UPDATE event_wave_group_data SET reward_group_id_1=61001012, disp_reward_id_1=60021 WHERE id=600003017;
UPDATE event_wave_group_data SET reward_group_id_1=61001012, disp_reward_id_1=60021 WHERE id=600003018;
UPDATE event_wave_group_data SET reward_group_id_1=61001012, disp_reward_id_1=60021 WHERE id=600003019;
UPDATE event_wave_group_data SET reward_group_id_1=61001012, disp_reward_id_1=60021 WHERE id=600003020;
UPDATE event_wave_group_data SET reward_group_id_1=61001012, disp_reward_id_1=60021 WHERE id=600003021;
UPDATE event_wave_group_data SET reward_group_id_1=61001012, disp_reward_id_1=60021 WHERE id=600003022;
UPDATE event_wave_group_data SET reward_group_id_1=61001012, disp_reward_id_1=60021 WHERE id=600003023;
UPDATE event_wave_group_data SET reward_group_id_1=61001012, disp_reward_id_1=60021 WHERE id=600003024;
UPDATE event_wave_group_data SET reward_group_id_1=61001012, disp_reward_id_1=60021 WHERE id=600003025;
UPDATE event_wave_group_data SET reward_group_id_1=61001012, disp_reward_id_1=60021 WHERE id=600003026;
UPDATE event_wave_group_data SET reward_group_id_1=61001012, disp_reward_id_1=60021 WHERE id=600003027;
UPDATE event_wave_group_data SET reward_group_id_1=61001012, disp_reward_id_1=60021 WHERE id=600003028;
UPDATE event_wave_group_data SET reward_group_id_1=61001012, disp_reward_id_1=60021 WHERE id=600003029;
UPDATE event_wave_group_data SET reward_group_id_1=61001012, disp_reward_id_1=60021 WHERE id=600003030;
UPDATE event_wave_group_data SET reward_group_id_1=61001012, disp_reward_id_1=60021 WHERE id=600003031;
UPDATE event_wave_group_data SET reward_group_id_1=61001012, disp_reward_id_1=60021 WHERE id=600003032;
UPDATE event_wave_group_data SET reward_group_id_1=61001012, disp_reward_id_1=60021 WHERE id=600003033;
UPDATE event_wave_group_data SET reward_group_id_1=61001012, disp_reward_id_1=60021 WHERE id=600003034;
UPDATE event_wave_group_data SET reward_group_id_1=61001012, disp_reward_id_1=60021 WHERE id=600003035;
UPDATE event_wave_group_data SET reward_group_id_1=61001012, disp_reward_id_1=60021 WHERE id=600003036;
UPDATE event_wave_group_data SET reward_group_id_1=61001012, disp_reward_id_1=60021 WHERE id=600003037;
UPDATE event_wave_group_data SET reward_group_id_1=61001012, disp_reward_id_1=60021 WHERE id=600003038;
UPDATE event_wave_group_data SET reward_group_id_1=61001012, disp_reward_id_1=60021 WHERE id=600003039;
UPDATE event_wave_group_data SET reward_group_id_1=61001012, disp_reward_id_1=60021 WHERE id=600003040;
UPDATE event_wave_group_data SET reward_group_id_1=61001012, disp_reward_id_1=60021 WHERE id=600003041;
UPDATE event_wave_group_data SET reward_group_id_1=61001012, disp_reward_id_1=60021 WHERE id=600003042;
UPDATE event_wave_group_data SET reward_group_id_1=61001012, disp_reward_id_1=60021 WHERE id=600003043;
UPDATE event_wave_group_data SET reward_group_id_1=61001012, disp_reward_id_1=60021 WHERE id=600003044;
UPDATE event_wave_group_data SET reward_group_id_1=61001012, disp_reward_id_1=60021 WHERE id=600003045;
UPDATE event_wave_group_data SET reward_group_id_1=61001012, disp_reward_id_1=60021 WHERE id=600003046;
UPDATE event_wave_group_data SET reward_group_id_1=61001012, disp_reward_id_1=60021 WHERE id=600003047;
UPDATE event_wave_group_data SET reward_group_id_1=61001012, disp_reward_id_1=60021 WHERE id=600003048;
UPDATE event_wave_group_data SET reward_group_id_1=61001012, disp_reward_id_1=60021 WHERE id=600003049;
UPDATE event_wave_group_data SET reward_group_id_1=61001012, disp_reward_id_1=60021 WHERE id=600003050;
UPDATE event_wave_group_data SET reward_group_id_1=61001012, disp_reward_id_1=60021 WHERE id=600003051;
UPDATE event_wave_group_data SET reward_group_id_1=61001012, disp_reward_id_1=60021 WHERE id=600003052;
UPDATE event_wave_group_data SET reward_group_id_1=61001012, disp_reward_id_1=60021 WHERE id=600003053;
UPDATE event_wave_group_data SET reward_group_id_1=61001012, disp_reward_id_1=60021 WHERE id=600003054;
UPDATE event_wave_group_data SET reward_group_id_1=61001012, disp_reward_id_1=60021 WHERE id=600003055;
UPDATE event_wave_group_data SET reward_group_id_1=61001012, disp_reward_id_1=60021 WHERE id=600003056;
UPDATE event_wave_group_data SET reward_group_id_1=61001012, disp_reward_id_1=60021 WHERE id=600003057;
UPDATE event_wave_group_data SET reward_group_id_1=61001012, disp_reward_id_1=60021 WHERE id=600003058;
UPDATE event_wave_group_data SET reward_group_id_1=61001012, disp_reward_id_1=60021 WHERE id=600003059;
UPDATE event_wave_group_data SET reward_group_id_1=61001012, disp_reward_id_1=60021 WHERE id=600003060;
UPDATE event_wave_group_data SET reward_group_id_1=61001012, disp_reward_id_1=60021 WHERE id=600003061;
UPDATE event_wave_group_data SET reward_group_id_1=61001012, disp_reward_id_1=60021 WHERE id=600003062;
UPDATE event_wave_group_data SET reward_group_id_1=61001012, disp_reward_id_1=60021 WHERE id=600003063;
UPDATE event_wave_group_data SET reward_group_id_1=61001012, disp_reward_id_1=60021 WHERE id=600003064;
UPDATE event_wave_group_data SET reward_group_id_1=61001012, disp_reward_id_1=60021 WHERE id=600003065;
UPDATE event_wave_group_data SET reward_group_id_1=61001012, disp_reward_id_1=60021 WHERE id=600003066;
UPDATE event_wave_group_data SET reward_group_id_1=61001012, disp_reward_id_1=60021 WHERE id=600003067;
UPDATE event_wave_group_data SET reward_group_id_1=61001012, disp_reward_id_1=60021 WHERE id=600003068;
UPDATE event_wave_group_data SET reward_group_id_1=61001012, disp_reward_id_1=60021 WHERE id=600003069;
UPDATE event_wave_group_data SET reward_group_id_1=61001012, disp_reward_id_1=60021 WHERE id=600003070;
UPDATE event_wave_group_data SET reward_group_id_1=61001012, disp_reward_id_1=60021 WHERE id=600003071;
UPDATE event_wave_group_data SET reward_group_id_1=61001012, disp_reward_id_1=60021 WHERE id=600003072;
UPDATE event_wave_group_data SET reward_group_id_1=61001012, disp_reward_id_1=60021 WHERE id=600003073;
UPDATE event_wave_group_data SET reward_group_id_1=61001012, disp_reward_id_1=60021 WHERE id=600003074;
UPDATE event_wave_group_data SET reward_group_id_1=61001012, disp_reward_id_1=60021 WHERE id=600003075;
UPDATE event_wave_group_data SET reward_group_id_1=61001012, disp_reward_id_1=60021 WHERE id=600003076;
UPDATE event_wave_group_data SET reward_group_id_1=61001012, disp_reward_id_1=60021 WHERE id=600003077;
UPDATE event_wave_group_data SET reward_group_id_1=61001012, disp_reward_id_1=60021 WHERE id=600003078;
UPDATE event_wave_group_data SET reward_group_id_1=61001012, disp_reward_id_1=60021 WHERE id=600003079;
UPDATE event_wave_group_data SET reward_group_id_1=61001012, disp_reward_id_1=60021 WHERE id=600003080;
UPDATE event_wave_group_data SET reward_group_id_1=61001012, disp_reward_id_1=60021 WHERE id=600003081;
UPDATE event_wave_group_data SET reward_group_id_1=61001012, disp_reward_id_1=60021 WHERE id=600003082;
UPDATE event_wave_group_data SET reward_group_id_1=61001012, disp_reward_id_1=60021 WHERE id=600003083;
UPDATE event_wave_group_data SET reward_group_id_1=61001012, disp_reward_id_1=60021 WHERE id=600003084;
UPDATE event_wave_group_data SET reward_group_id_1=61001012, disp_reward_id_1=60021 WHERE id=600003085;
UPDATE event_wave_group_data SET reward_group_id_1=61001012, disp_reward_id_1=60021 WHERE id=600003086;
UPDATE event_wave_group_data SET reward_group_id_1=61001012, disp_reward_id_1=60021 WHERE id=600003087;
UPDATE event_wave_group_data SET reward_group_id_1=61001012, disp_reward_id_1=60021 WHERE id=600003088;
UPDATE event_wave_group_data SET reward_group_id_1=61001012, disp_reward_id_1=60021 WHERE id=600003089;
UPDATE event_wave_group_data SET reward_group_id_1=61001012, disp_reward_id_1=60021 WHERE id=600003090;
UPDATE event_wave_group_data SET reward_group_id_1=61001012, disp_reward_id_1=60021 WHERE id=600003091;
UPDATE event_wave_group_data SET reward_group_id_1=61001012, disp_reward_id_1=60021 WHERE id=600003092;
UPDATE event_wave_group_data SET reward_group_id_1=61001012, disp_reward_id_1=60021 WHERE id=600003093;
UPDATE event_wave_group_data SET reward_group_id_1=61001012, disp_reward_id_1=60021 WHERE id=600003094;
UPDATE event_wave_group_data SET reward_group_id_1=61001012, disp_reward_id_1=60021 WHERE id=600003095;
UPDATE event_wave_group_data SET reward_group_id_1=61001012, disp_reward_id_1=60021 WHERE id=600003096;
UPDATE event_wave_group_data SET reward_group_id_1=61001012, disp_reward_id_1=60021 WHERE id=600003097;
UPDATE event_wave_group_data SET reward_group_id_1=61001012, disp_reward_id_1=60021 WHERE id=600003098;
UPDATE event_wave_group_data SET reward_group_id_1=61001012, disp_reward_id_1=60021 WHERE id=600003099;
UPDATE event_wave_group_data SET reward_group_id_1=61001012, disp_reward_id_1=60021 WHERE id=600003100;
UPDATE event_wave_group_data SET reward_group_id_1=61001012, disp_reward_id_1=60021 WHERE id=600003101;
UPDATE event_wave_group_data SET reward_group_id_1=61001012, disp_reward_id_1=60021 WHERE id=600003102;
UPDATE event_wave_group_data SET reward_group_id_1=61001012, disp_reward_id_1=60021 WHERE id=600003103;
UPDATE event_wave_group_data SET reward_group_id_1=61001012, disp_reward_id_1=60021 WHERE id=600003104;
UPDATE event_wave_group_data SET reward_group_id_1=61001012, disp_reward_id_1=60021 WHERE id=600003105;
UPDATE event_wave_group_data SET reward_group_id_1=61001012, disp_reward_id_1=60021 WHERE id=600003106;
UPDATE event_wave_group_data SET reward_group_id_1=61001012, disp_reward_id_1=60021 WHERE id=600003107;
UPDATE event_wave_group_data SET reward_group_id_1=61001012, disp_reward_id_1=60021 WHERE id=600003108;
UPDATE event_wave_group_data SET reward_group_id_1=61001012, disp_reward_id_1=60021 WHERE id=600003109;
UPDATE event_wave_group_data SET reward_group_id_1=61001012, disp_reward_id_1=60021 WHERE id=600003110;
UPDATE event_wave_group_data SET reward_group_id_1=61001012, disp_reward_id_1=60021 WHERE id=600003111;
UPDATE event_wave_group_data SET reward_group_id_1=61001012, disp_reward_id_1=60021 WHERE id=600003112;
UPDATE event_wave_group_data SET reward_group_id_1=61001012, disp_reward_id_1=60021 WHERE id=600003113;
UPDATE event_wave_group_data SET reward_group_id_1=61001012, disp_reward_id_1=60021 WHERE id=600003114;
UPDATE event_wave_group_data SET reward_group_id_1=61001012, disp_reward_id_1=60021 WHERE id=600003115;
UPDATE event_wave_group_data SET reward_group_id_1=61001012, disp_reward_id_1=60021 WHERE id=600003116;
UPDATE event_wave_group_data SET reward_group_id_1=61001012, disp_reward_id_1=60021 WHERE id=600003117;
UPDATE event_wave_group_data SET reward_group_id_1=61001012, disp_reward_id_1=60021 WHERE id=600003118;
UPDATE event_wave_group_data SET reward_group_id_1=61001012, disp_reward_id_1=60021 WHERE id=600003119;
UPDATE event_wave_group_data SET reward_group_id_1=61001012, disp_reward_id_1=60021 WHERE id=600003120;
UPDATE event_wave_group_data SET reward_group_id_1=61001012, disp_reward_id_1=60021 WHERE id=600003121;
UPDATE event_wave_group_data SET reward_group_id_1=61001012, disp_reward_id_1=60021 WHERE id=600003122;
UPDATE event_wave_group_data SET reward_group_id_1=61001012, disp_reward_id_1=60021 WHERE id=600003123;
UPDATE event_wave_group_data SET reward_group_id_1=61001012, disp_reward_id_1=60021 WHERE id=600003124;
UPDATE event_wave_group_data SET reward_group_id_1=61001012, disp_reward_id_1=60021 WHERE id=600003125;
UPDATE event_wave_group_data SET reward_group_id_1=61001012, disp_reward_id_1=60021 WHERE id=600003126;
UPDATE event_wave_group_data SET reward_group_id_1=61001012, disp_reward_id_1=60021 WHERE id=600003127;
UPDATE event_wave_group_data SET reward_group_id_1=61001012, disp_reward_id_1=60021 WHERE id=600003128;
UPDATE event_wave_group_data SET reward_group_id_1=61001012, disp_reward_id_1=60021 WHERE id=600003129;
UPDATE event_wave_group_data SET reward_group_id_1=61001012, disp_reward_id_1=60021 WHERE id=600003130;
UPDATE event_wave_group_data SET reward_group_id_1=61001012, disp_reward_id_1=60021 WHERE id=600003131;
UPDATE event_wave_group_data SET reward_group_id_1=61001012, disp_reward_id_1=60021 WHERE id=600003132;
UPDATE event_wave_group_data SET reward_group_id_1=61001012, disp_reward_id_1=60021 WHERE id=600003133;
UPDATE event_wave_group_data SET reward_group_id_1=61001012, disp_reward_id_1=60021 WHERE id=600003134;
UPDATE event_wave_group_data SET reward_group_id_1=61001012, disp_reward_id_1=60021 WHERE id=600003135;
UPDATE event_wave_group_data SET reward_group_id_1=61001012, disp_reward_id_1=60021 WHERE id=600003136;
UPDATE event_wave_group_data SET reward_group_id_1=61001012, disp_reward_id_1=60021 WHERE id=600003137;
UPDATE event_wave_group_data SET reward_group_id_1=61001012, disp_reward_id_1=60021 WHERE id=600003138;
UPDATE event_wave_group_data SET reward_group_id_1=61001012, disp_reward_id_1=60021 WHERE id=600003139;
UPDATE event_wave_group_data SET reward_group_id_1=61001012, disp_reward_id_1=60021 WHERE id=600003140;
UPDATE event_wave_group_data SET reward_group_id_1=61001012, disp_reward_id_1=60021 WHERE id=600003141;
UPDATE event_wave_group_data SET reward_group_id_1=61001012, disp_reward_id_1=60021 WHERE id=600003142;
UPDATE event_wave_group_data SET disp_reward_id_4=60022, reward_odds_4=12 WHERE id=600003143;
UPDATE event_wave_group_data SET disp_reward_id_4=60022, reward_odds_4=12 WHERE id=600003144;
UPDATE event_wave_group_data SET disp_reward_id_4=60022, reward_odds_4=12 WHERE id=600003145;
UPDATE event_wave_group_data SET disp_reward_id_4=60022, reward_odds_4=12 WHERE id=600003146;
UPDATE event_wave_group_data SET disp_reward_id_4=60022, reward_odds_4=12 WHERE id=600003147;
UPDATE event_wave_group_data SET disp_reward_id_4=60022, reward_odds_4=12 WHERE id=600003148;
UPDATE event_wave_group_data SET disp_reward_id_4=60022, reward_odds_4=12 WHERE id=600003149;
UPDATE event_wave_group_data SET disp_reward_id_4=60022, reward_odds_4=12 WHERE id=600003150;
UPDATE event_wave_group_data SET disp_reward_id_4=60022, reward_odds_4=12 WHERE id=600003151;
UPDATE event_wave_group_data SET disp_reward_id_4=60022, reward_odds_4=12 WHERE id=600003152;
UPDATE event_wave_group_data SET disp_reward_id_4=60022, reward_odds_4=12 WHERE id=600003153;
UPDATE event_wave_group_data SET disp_reward_id_4=60022, reward_odds_4=12 WHERE id=600003154;
UPDATE event_wave_group_data SET disp_reward_id_4=60022, reward_odds_4=12 WHERE id=600003155;
UPDATE event_wave_group_data SET disp_reward_id_4=60022, reward_odds_4=12 WHERE id=600003156;
UPDATE event_wave_group_data SET disp_reward_id_4=60022, reward_odds_4=12 WHERE id=600003157;
UPDATE event_wave_group_data SET disp_reward_id_4=60022, reward_odds_4=12 WHERE id=600003158;
UPDATE event_wave_group_data SET disp_reward_id_4=60022, reward_odds_4=12 WHERE id=600003159;
UPDATE event_wave_group_data SET disp_reward_id_4=60022, reward_odds_4=12 WHERE id=600003160;
UPDATE event_wave_group_data SET disp_reward_id_4=60022, reward_odds_4=12 WHERE id=600003161;
UPDATE event_wave_group_data SET disp_reward_id_4=60022, reward_odds_4=12 WHERE id=600003162;
UPDATE event_wave_group_data SET disp_reward_id_4=60022, reward_odds_4=12 WHERE id=600003163;
UPDATE event_wave_group_data SET disp_reward_id_4=60022, reward_odds_4=12 WHERE id=600003164;
UPDATE event_wave_group_data SET disp_reward_id_4=60022, reward_odds_4=12 WHERE id=600003165;
UPDATE event_wave_group_data SET disp_reward_id_4=60022, reward_odds_4=12 WHERE id=600003166;
UPDATE event_wave_group_data SET disp_reward_id_4=60022, reward_odds_4=12 WHERE id=600003167;
UPDATE event_wave_group_data SET disp_reward_id_4=60022, reward_odds_4=12 WHERE id=600003168;
UPDATE event_wave_group_data SET disp_reward_id_4=60022, reward_odds_4=12 WHERE id=600003169;
UPDATE event_wave_group_data SET disp_reward_id_4=60022, reward_odds_4=12 WHERE id=600003170;
UPDATE event_wave_group_data SET disp_reward_id_4=60022, reward_odds_4=12 WHERE id=600003171;
UPDATE event_wave_group_data SET disp_reward_id_4=60022, reward_odds_4=12 WHERE id=600003172;
UPDATE event_wave_group_data SET disp_reward_id_4=60022, reward_odds_4=12 WHERE id=600003173;
UPDATE event_wave_group_data SET disp_reward_id_4=60022, reward_odds_4=12 WHERE id=600003174;
UPDATE event_wave_group_data SET disp_reward_id_4=60022, reward_odds_4=12 WHERE id=600003175;
UPDATE event_wave_group_data SET disp_reward_id_4=60022, reward_odds_4=12 WHERE id=600003176;
UPDATE event_wave_group_data SET disp_reward_id_4=60022, reward_odds_4=12 WHERE id=600003177;
UPDATE event_wave_group_data SET disp_reward_id_4=60022, reward_odds_4=12 WHERE id=600003178;
UPDATE event_wave_group_data SET disp_reward_id_4=60022, reward_odds_4=12 WHERE id=600003179;
UPDATE event_wave_group_data SET disp_reward_id_4=60022, reward_odds_4=12 WHERE id=600003180;
UPDATE event_wave_group_data SET disp_reward_id_4=60022, reward_odds_4=12 WHERE id=600003181;
UPDATE event_wave_group_data SET disp_reward_id_4=60022, reward_odds_4=12 WHERE id=600003182;
UPDATE event_wave_group_data SET disp_reward_id_4=60022, reward_odds_4=12 WHERE id=600003183;
UPDATE event_wave_group_data SET disp_reward_id_4=60022, reward_odds_4=12 WHERE id=600003184;
UPDATE event_wave_group_data SET disp_reward_id_4=60022, reward_odds_4=12 WHERE id=600003185;
UPDATE event_wave_group_data SET disp_reward_id_4=60022, reward_odds_4=12 WHERE id=600003186;
UPDATE event_wave_group_data SET disp_reward_id_4=60022, reward_odds_4=12 WHERE id=600003187;
UPDATE event_wave_group_data SET disp_reward_id_4=60022, reward_odds_4=12 WHERE id=600003188;
UPDATE event_wave_group_data SET disp_reward_id_4=60022, reward_odds_4=12 WHERE id=600003189;
UPDATE event_wave_group_data SET disp_reward_id_4=60022, reward_odds_4=12 WHERE id=600003190;
UPDATE event_wave_group_data SET disp_reward_id_4=60022, reward_odds_4=12 WHERE id=600003191;
UPDATE event_wave_group_data SET disp_reward_id_4=60022, reward_odds_4=12 WHERE id=600003192;
UPDATE event_wave_group_data SET disp_reward_id_4=60022, reward_odds_4=12 WHERE id=600003193;
UPDATE event_wave_group_data SET disp_reward_id_4=60022, reward_odds_4=12 WHERE id=600003194;
UPDATE event_wave_group_data SET disp_reward_id_4=60022, reward_odds_4=12 WHERE id=600003195;
UPDATE event_wave_group_data SET disp_reward_id_4=60022, reward_odds_4=12 WHERE id=600003196;
UPDATE event_wave_group_data SET disp_reward_id_4=60022, reward_odds_4=12 WHERE id=600003197;
UPDATE event_wave_group_data SET disp_reward_id_4=60022, reward_odds_4=12 WHERE id=600003198;
UPDATE event_wave_group_data SET disp_reward_id_4=60022, reward_odds_4=12 WHERE id=600003199;
UPDATE event_wave_group_data SET disp_reward_id_4=60022, reward_odds_4=12 WHERE id=600003200;
UPDATE event_wave_group_data SET disp_reward_id_4=60022, reward_odds_4=12 WHERE id=600003201;
UPDATE event_wave_group_data SET disp_reward_id_4=60022, reward_odds_4=12 WHERE id=600003202;
UPDATE event_wave_group_data SET disp_reward_id_4=60022, reward_odds_4=12 WHERE id=600003203;
UPDATE event_wave_group_data SET disp_reward_id_4=60022, reward_odds_4=12 WHERE id=600003204;
UPDATE event_wave_group_data SET disp_reward_id_4=60022, reward_odds_4=12 WHERE id=600003205;
UPDATE event_wave_group_data SET disp_reward_id_4=60022, reward_odds_4=12 WHERE id=600003206;
UPDATE event_wave_group_data SET disp_reward_id_4=60022, reward_odds_4=12 WHERE id=600003207;
UPDATE event_wave_group_data SET disp_reward_id_4=60022, reward_odds_4=12 WHERE id=600003208;
UPDATE event_wave_group_data SET disp_reward_id_4=60022, reward_odds_4=12 WHERE id=600003209;
UPDATE event_wave_group_data SET disp_reward_id_4=60022, reward_odds_4=12 WHERE id=600003210;
UPDATE event_wave_group_data SET disp_reward_id_4=60022, reward_odds_4=12 WHERE id=600003211;
UPDATE event_wave_group_data SET disp_reward_id_4=60022, reward_odds_4=12 WHERE id=600003212;
UPDATE event_wave_group_data SET disp_reward_id_4=60022, reward_odds_4=12 WHERE id=600003213;
UPDATE event_wave_group_data SET disp_reward_id_4=60022, reward_odds_4=12 WHERE id=600003214;
UPDATE event_wave_group_data SET disp_reward_id_4=60022, reward_odds_4=12 WHERE id=600003215;
UPDATE event_wave_group_data SET disp_reward_id_4=60022, reward_odds_4=12 WHERE id=600003216;
UPDATE event_wave_group_data SET disp_reward_id_4=60022, reward_odds_4=12 WHERE id=600003217;
UPDATE event_wave_group_data SET disp_reward_id_4=60022, reward_odds_4=12 WHERE id=600003218;
UPDATE event_wave_group_data SET disp_reward_id_4=60022, reward_odds_4=12 WHERE id=600003219;
UPDATE event_wave_group_data SET disp_reward_id_4=60022, reward_odds_4=12 WHERE id=600003220;
UPDATE event_wave_group_data SET disp_reward_id_4=60022, reward_odds_4=12 WHERE id=600003221;
UPDATE event_wave_group_data SET disp_reward_id_4=60022, reward_odds_4=12 WHERE id=600003222;
UPDATE event_wave_group_data SET disp_reward_id_4=60022, reward_odds_4=12 WHERE id=600003223;
UPDATE event_wave_group_data SET disp_reward_id_4=60022, reward_odds_4=12 WHERE id=600003224;
UPDATE event_wave_group_data SET disp_reward_id_4=60022, reward_odds_4=12 WHERE id=600003225;
UPDATE event_wave_group_data SET disp_reward_id_4=60022, reward_odds_4=12 WHERE id=600003226;
UPDATE event_wave_group_data SET disp_reward_id_4=60022, reward_odds_4=12 WHERE id=600003227;
UPDATE event_wave_group_data SET disp_reward_id_4=60022, reward_odds_4=12 WHERE id=600003228;
UPDATE event_wave_group_data SET disp_reward_id_4=60022, reward_odds_4=12 WHERE id=600003229;
UPDATE event_wave_group_data SET disp_reward_id_4=60022, reward_odds_4=12 WHERE id=600003230;
UPDATE event_wave_group_data SET disp_reward_id_4=60022, reward_odds_4=12 WHERE id=600003231;
UPDATE event_wave_group_data SET disp_reward_id_4=60022, reward_odds_4=12 WHERE id=600003232;
UPDATE event_wave_group_data SET disp_reward_id_4=60022, reward_odds_4=12 WHERE id=600003233;
UPDATE event_wave_group_data SET disp_reward_id_4=60022, reward_odds_4=12 WHERE id=600003234;
UPDATE event_wave_group_data SET disp_reward_id_4=60022, reward_odds_4=12 WHERE id=600003235;
UPDATE event_wave_group_data SET disp_reward_id_4=60022, reward_odds_4=12 WHERE id=600003236;
UPDATE event_wave_group_data SET disp_reward_id_4=60022, reward_odds_4=12 WHERE id=600003237;
UPDATE event_wave_group_data SET disp_reward_id_4=60022, reward_odds_4=12 WHERE id=600003238;
UPDATE event_wave_group_data SET disp_reward_id_4=60022, reward_odds_4=12 WHERE id=600003239;
UPDATE event_wave_group_data SET disp_reward_id_4=60022, reward_odds_4=12 WHERE id=600003240;
UPDATE event_wave_group_data SET disp_reward_id_4=60022, reward_odds_4=12 WHERE id=600003241;
UPDATE event_wave_group_data SET disp_reward_id_4=60022, reward_odds_4=12 WHERE id=600003242;
UPDATE event_wave_group_data SET disp_reward_id_4=60022, reward_odds_4=12 WHERE id=600003243;
UPDATE event_wave_group_data SET disp_reward_id_4=60022, reward_odds_4=12 WHERE id=600003244;
UPDATE event_wave_group_data SET disp_reward_id_4=60022, reward_odds_4=12 WHERE id=600003245;
UPDATE event_wave_group_data SET disp_reward_id_4=60022, reward_odds_4=12 WHERE id=600003246;
UPDATE event_wave_group_data SET disp_reward_id_4=60022, reward_odds_4=12 WHERE id=600003247;
UPDATE event_wave_group_data SET disp_reward_id_4=60022, reward_odds_4=12 WHERE id=600003248;
UPDATE event_wave_group_data SET disp_reward_id_4=60022, reward_odds_4=12 WHERE id=600003249;
UPDATE event_wave_group_data SET disp_reward_id_4=60022, reward_odds_4=12 WHERE id=600003250;
UPDATE event_wave_group_data SET disp_reward_id_4=60022, reward_odds_4=12 WHERE id=600003251;
UPDATE event_wave_group_data SET disp_reward_id_4=60022, reward_odds_4=12 WHERE id=600003252;
UPDATE event_wave_group_data SET disp_reward_id_4=60022, reward_odds_4=12 WHERE id=600003253;
UPDATE event_wave_group_data SET disp_reward_id_4=60022, reward_odds_4=12 WHERE id=600003254;
UPDATE event_wave_group_data SET disp_reward_id_4=60022, reward_odds_4=12 WHERE id=600003255;
UPDATE event_wave_group_data SET disp_reward_id_4=60022, reward_odds_4=12 WHERE id=600003256;
UPDATE event_wave_group_data SET disp_reward_id_4=60022, reward_odds_4=12 WHERE id=600003257;
UPDATE event_wave_group_data SET disp_reward_id_4=60022, reward_odds_4=12 WHERE id=600003258;
UPDATE event_wave_group_data SET disp_reward_id_4=60022, reward_odds_4=12 WHERE id=600003259;
UPDATE event_wave_group_data SET disp_reward_id_4=60022, reward_odds_4=12 WHERE id=600003260;
UPDATE event_wave_group_data SET disp_reward_id_4=60022, reward_odds_4=12 WHERE id=600003261;
UPDATE event_wave_group_data SET disp_reward_id_4=60022, reward_odds_4=12 WHERE id=600003262;
UPDATE event_wave_group_data SET disp_reward_id_4=60022, reward_odds_4=12 WHERE id=600003263;
UPDATE event_wave_group_data SET disp_reward_id_4=60022, reward_odds_4=12 WHERE id=600003264;
UPDATE event_wave_group_data SET disp_reward_id_4=60022, reward_odds_4=12 WHERE id=600003265;
UPDATE event_wave_group_data SET disp_reward_id_4=60022, reward_odds_4=12 WHERE id=600003266;
UPDATE event_wave_group_data SET disp_reward_id_4=60022, reward_odds_4=12 WHERE id=600003267;
UPDATE event_wave_group_data SET disp_reward_id_4=60022, reward_odds_4=12 WHERE id=600003268;
UPDATE event_wave_group_data SET disp_reward_id_4=60022, reward_odds_4=12 WHERE id=600003269;
UPDATE event_wave_group_data SET disp_reward_id_4=60022, reward_odds_4=12 WHERE id=600003270;
UPDATE event_wave_group_data SET disp_reward_id_4=60022, reward_odds_4=12 WHERE id=600003271;
UPDATE event_wave_group_data SET disp_reward_id_4=60022, reward_odds_4=12 WHERE id=600003272;
UPDATE event_wave_group_data SET disp_reward_id_4=60022, reward_odds_4=12 WHERE id=600003273;
UPDATE event_wave_group_data SET disp_reward_id_4=60022, reward_odds_4=12 WHERE id=600003274;
UPDATE event_wave_group_data SET disp_reward_id_4=60022, reward_odds_4=12 WHERE id=600003275;
UPDATE event_wave_group_data SET disp_reward_id_4=60022, reward_odds_4=12 WHERE id=600003276;
UPDATE event_wave_group_data SET disp_reward_id_4=60022, reward_odds_4=12 WHERE id=600003277;
UPDATE event_wave_group_data SET disp_reward_id_4=60022, reward_odds_4=12 WHERE id=600003278;
UPDATE event_wave_group_data SET disp_reward_id_4=60022, reward_odds_4=12 WHERE id=600003279;
UPDATE event_wave_group_data SET disp_reward_id_4=60022, reward_odds_4=12 WHERE id=600003280;
UPDATE event_wave_group_data SET disp_reward_id_4=60022, reward_odds_4=12 WHERE id=600003281;
UPDATE event_wave_group_data SET disp_reward_id_4=60022, reward_odds_4=12 WHERE id=600003282;
UPDATE event_wave_group_data SET disp_reward_id_4=60022, reward_odds_4=12 WHERE id=600003283;
UPDATE event_wave_group_data SET disp_reward_id_4=60022, reward_odds_4=12 WHERE id=600003284;
UPDATE event_wave_group_data SET disp_reward_id_4=60022, reward_odds_4=12 WHERE id=600003285;
UPDATE event_wave_group_data SET disp_reward_id_4=60022, reward_odds_4=12 WHERE id=600003286;
UPDATE event_wave_group_data SET disp_reward_id_4=60022, reward_odds_4=12 WHERE id=600003287;
UPDATE event_wave_group_data SET disp_reward_id_4=60022, reward_odds_4=12 WHERE id=600003288;
UPDATE event_wave_group_data SET disp_reward_id_4=60022, reward_odds_4=12 WHERE id=600003289;
UPDATE event_wave_group_data SET disp_reward_id_4=60022, reward_odds_4=12 WHERE id=600003290;
UPDATE event_wave_group_data SET disp_reward_id_4=60022, reward_odds_4=12 WHERE id=600003291;
UPDATE event_wave_group_data SET disp_reward_id_4=60022, reward_odds_4=12 WHERE id=600003292;
UPDATE event_wave_group_data SET disp_reward_id_4=60022, reward_odds_4=12 WHERE id=600003293;
UPDATE event_wave_group_data SET disp_reward_id_4=60022, reward_odds_4=12 WHERE id=600003294;
UPDATE event_wave_group_data SET disp_reward_id_4=60022, reward_odds_4=12 WHERE id=600003295;
UPDATE event_wave_group_data SET disp_reward_id_4=60022, reward_odds_4=12 WHERE id=600003296;
UPDATE event_wave_group_data SET disp_reward_id_4=60022, reward_odds_4=12 WHERE id=600003297;
UPDATE event_wave_group_data SET disp_reward_id_4=60022, reward_odds_4=12 WHERE id=600003298;
UPDATE event_wave_group_data SET disp_reward_id_4=60022, reward_odds_4=12 WHERE id=600003299;
UPDATE event_wave_group_data SET disp_reward_id_4=60022, reward_odds_4=12 WHERE id=600003300;
UPDATE event_wave_group_data SET disp_reward_id_4=60022, reward_odds_4=12 WHERE id=600003301;
UPDATE event_wave_group_data SET disp_reward_id_4=60022, reward_odds_4=12 WHERE id=600003302;
UPDATE event_wave_group_data SET disp_reward_id_4=60022, reward_odds_4=12 WHERE id=600003303;
UPDATE event_wave_group_data SET disp_reward_id_4=60022, reward_odds_4=12 WHERE id=600003304;
UPDATE event_wave_group_data SET disp_reward_id_4=60022, reward_odds_4=12 WHERE id=600003305;
UPDATE event_wave_group_data SET disp_reward_id_4=60022, reward_odds_4=12 WHERE id=600003306;
UPDATE event_wave_group_data SET disp_reward_id_4=60022, reward_odds_4=12 WHERE id=600003307;
UPDATE event_wave_group_data SET disp_reward_id_4=60022, reward_odds_4=12 WHERE id=600003308;
UPDATE event_wave_group_data SET disp_reward_id_4=60022, reward_odds_4=12 WHERE id=600003309;
UPDATE event_wave_group_data SET disp_reward_id_4=60022, reward_odds_4=12 WHERE id=600003310;
UPDATE event_wave_group_data SET disp_reward_id_4=60022, reward_odds_4=12 WHERE id=600003311;
UPDATE event_wave_group_data SET disp_reward_id_4=60022, reward_odds_4=12 WHERE id=600003312;
UPDATE event_wave_group_data SET disp_reward_id_4=60022, reward_odds_4=12 WHERE id=600003313;
UPDATE event_wave_group_data SET disp_reward_id_4=60022, reward_odds_4=12 WHERE id=600003314;
UPDATE event_wave_group_data SET disp_reward_id_4=60022, reward_odds_4=12 WHERE id=600003315;
UPDATE event_wave_group_data SET disp_reward_id_4=60022, reward_odds_4=12 WHERE id=600003316;
UPDATE event_wave_group_data SET disp_reward_id_4=60022, reward_odds_4=12 WHERE id=600003317;
UPDATE event_wave_group_data SET disp_reward_id_4=60022, reward_odds_4=12 WHERE id=600003318;
UPDATE event_wave_group_data SET disp_reward_id_4=60022, reward_odds_4=12 WHERE id=600003319;
UPDATE event_wave_group_data SET disp_reward_id_4=60022, reward_odds_4=12 WHERE id=600003320;
UPDATE event_wave_group_data SET disp_reward_id_4=60022, reward_odds_4=12 WHERE id=600003321;
UPDATE event_wave_group_data SET disp_reward_id_4=60022, reward_odds_4=12 WHERE id=600003322;
UPDATE event_wave_group_data SET disp_reward_id_4=60022, reward_odds_4=12 WHERE id=600003323;
UPDATE event_wave_group_data SET disp_reward_id_4=60022, reward_odds_4=12 WHERE id=600003324;
UPDATE event_wave_group_data SET disp_reward_id_4=60022, reward_odds_4=12 WHERE id=600003325;
UPDATE event_wave_group_data SET disp_reward_id_4=60022, reward_odds_4=12 WHERE id=600003326;
UPDATE event_wave_group_data SET disp_reward_id_4=60022, reward_odds_4=12 WHERE id=600003327;
UPDATE event_wave_group_data SET disp_reward_id_4=60022, reward_odds_4=12 WHERE id=600003328;
UPDATE event_wave_group_data SET disp_reward_id_4=60022, reward_odds_4=12 WHERE id=600003329;
UPDATE event_wave_group_data SET disp_reward_id_4=60022, reward_odds_4=12 WHERE id=600003330;
UPDATE event_wave_group_data SET disp_reward_id_4=60022, reward_odds_4=12 WHERE id=600003331;
UPDATE event_wave_group_data SET disp_reward_id_4=60022, reward_odds_4=12 WHERE id=600003332;
UPDATE event_wave_group_data SET disp_reward_id_4=60022, reward_odds_4=12 WHERE id=600003333;
UPDATE event_wave_group_data SET disp_reward_id_4=60022, reward_odds_4=12 WHERE id=600003334;
UPDATE event_wave_group_data SET disp_reward_id_4=60022, reward_odds_4=12 WHERE id=600003335;
UPDATE event_wave_group_data SET disp_reward_id_4=60022, reward_odds_4=12 WHERE id=600003336;
UPDATE event_wave_group_data SET disp_reward_id_4=60022, reward_odds_4=12 WHERE id=600003337;
UPDATE event_wave_group_data SET disp_reward_id_4=60022, reward_odds_4=12 WHERE id=600003338;
UPDATE event_wave_group_data SET disp_reward_id_4=60022, reward_odds_4=12 WHERE id=600003339;
UPDATE event_wave_group_data SET disp_reward_id_4=60022, reward_odds_4=12 WHERE id=600003340;
UPDATE event_wave_group_data SET disp_reward_id_4=60022, reward_odds_4=12 WHERE id=600003341;
UPDATE event_wave_group_data SET disp_reward_id_4=60022, reward_odds_4=12 WHERE id=600003342;
UPDATE event_wave_group_data SET disp_reward_id_4=60022, reward_odds_4=12 WHERE id=600003343;
UPDATE event_wave_group_data SET disp_reward_id_4=60022, reward_odds_4=12 WHERE id=600003344;
UPDATE event_wave_group_data SET disp_reward_id_4=60022, reward_odds_4=12 WHERE id=600003345;
UPDATE event_wave_group_data SET disp_reward_id_4=60022, reward_odds_4=12 WHERE id=600003346;
UPDATE event_wave_group_data SET disp_reward_id_4=60022, reward_odds_4=12 WHERE id=600003347;
UPDATE event_wave_group_data SET disp_reward_id_4=60022, reward_odds_4=12 WHERE id=600003348;
UPDATE event_wave_group_data SET disp_reward_id_4=60022, reward_odds_4=12 WHERE id=600003349;
UPDATE event_wave_group_data SET disp_reward_id_4=60022, reward_odds_4=12 WHERE id=600003350;
UPDATE event_wave_group_data SET disp_reward_id_4=60022, reward_odds_4=12 WHERE id=600003351;
UPDATE event_wave_group_data SET disp_reward_id_4=60022, reward_odds_4=12 WHERE id=600003352;
UPDATE event_wave_group_data SET disp_reward_id_4=60022, reward_odds_4=12 WHERE id=600003353;
UPDATE event_wave_group_data SET disp_reward_id_4=60022, reward_odds_4=12 WHERE id=600003354;
UPDATE event_wave_group_data SET disp_reward_id_4=60022, reward_odds_4=12 WHERE id=600003355;
UPDATE event_wave_group_data SET disp_reward_id_4=60022, reward_odds_4=12 WHERE id=600003356;
UPDATE event_wave_group_data SET disp_reward_id_4=60022, reward_odds_4=12 WHERE id=600003357;
UPDATE event_wave_group_data SET disp_reward_id_4=60022, reward_odds_4=12 WHERE id=600003358;
UPDATE event_wave_group_data SET disp_reward_id_4=60022, reward_odds_4=12 WHERE id=600003359;
UPDATE event_wave_group_data SET disp_reward_id_4=60022, reward_odds_4=12 WHERE id=600003360;
UPDATE event_wave_group_data SET disp_reward_id_4=60022, reward_odds_4=12 WHERE id=600003361;
UPDATE event_wave_group_data SET disp_reward_id_4=60022, reward_odds_4=12 WHERE id=600003362;
UPDATE event_wave_group_data SET disp_reward_id_4=60022, reward_odds_4=12 WHERE id=600003363;
UPDATE event_wave_group_data SET disp_reward_id_4=60022, reward_odds_4=12 WHERE id=600003364;
UPDATE event_wave_group_data SET disp_reward_id_4=60022, reward_odds_4=12 WHERE id=600003365;
UPDATE event_wave_group_data SET disp_reward_id_4=60022, reward_odds_4=12 WHERE id=600003366;
UPDATE event_wave_group_data SET disp_reward_id_4=60022, reward_odds_4=12 WHERE id=600003367;
UPDATE event_wave_group_data SET disp_reward_id_4=60022, reward_odds_4=12 WHERE id=600003368;
UPDATE event_wave_group_data SET disp_reward_id_4=60022, reward_odds_4=12 WHERE id=600003369;
UPDATE event_wave_group_data SET disp_reward_id_4=60022, reward_odds_4=12 WHERE id=600003370;
UPDATE event_wave_group_data SET disp_reward_id_4=60022, reward_odds_4=12 WHERE id=600003371;
UPDATE event_wave_group_data SET disp_reward_id_4=60022, reward_odds_4=12 WHERE id=600003372;
UPDATE event_wave_group_data SET disp_reward_id_4=60022, reward_odds_4=12 WHERE id=600003373;
UPDATE event_wave_group_data SET disp_reward_id_4=60022, reward_odds_4=12 WHERE id=600003374;
UPDATE event_wave_group_data SET disp_reward_id_4=60022, reward_odds_4=12 WHERE id=600003375;
UPDATE event_wave_group_data SET disp_reward_id_4=60022, reward_odds_4=12 WHERE id=600003376;
UPDATE event_wave_group_data SET disp_reward_id_4=60022, reward_odds_4=12 WHERE id=600003377;
UPDATE event_wave_group_data SET disp_reward_id_4=60022, reward_odds_4=12 WHERE id=600003378;
UPDATE event_wave_group_data SET disp_reward_id_4=60022, reward_odds_4=12 WHERE id=600003379;
UPDATE event_wave_group_data SET disp_reward_id_4=60022, reward_odds_4=12 WHERE id=600003380;
UPDATE event_wave_group_data SET disp_reward_id_4=60022, reward_odds_4=12 WHERE id=600003381;
UPDATE event_wave_group_data SET disp_reward_id_4=60022, reward_odds_4=12 WHERE id=600003382;
UPDATE event_wave_group_data SET disp_reward_id_4=60022, reward_odds_4=12 WHERE id=600003383;
UPDATE event_wave_group_data SET disp_reward_id_4=60022, reward_odds_4=12 WHERE id=600003384;
UPDATE event_wave_group_data SET disp_reward_id_4=60022, reward_odds_4=12 WHERE id=600003385;
UPDATE event_wave_group_data SET disp_reward_id_4=60022, reward_odds_4=12 WHERE id=600003386;
UPDATE event_wave_group_data SET disp_reward_id_4=60022, reward_odds_4=12 WHERE id=600003387;
UPDATE event_wave_group_data SET disp_reward_id_4=60022, reward_odds_4=12 WHERE id=600003388;
UPDATE event_wave_group_data SET disp_reward_id_4=60022, reward_odds_4=12 WHERE id=600003389;
UPDATE event_wave_group_data SET disp_reward_id_4=60022, reward_odds_4=12 WHERE id=600003390;
UPDATE event_wave_group_data SET disp_reward_id_4=60022, reward_odds_4=12 WHERE id=600003391;
UPDATE event_wave_group_data SET disp_reward_id_4=60022, reward_odds_4=12 WHERE id=600003392;
UPDATE event_wave_group_data SET disp_reward_id_4=60022, reward_odds_4=12 WHERE id=600003393;
UPDATE event_wave_group_data SET disp_reward_id_4=60022, reward_odds_4=12 WHERE id=600003394;
UPDATE event_wave_group_data SET disp_reward_id_4=60022, reward_odds_4=12 WHERE id=600003395;
UPDATE event_wave_group_data SET disp_reward_id_4=60022, reward_odds_4=12 WHERE id=600003396;
UPDATE event_wave_group_data SET disp_reward_id_4=60022, reward_odds_4=12 WHERE id=600003397;
UPDATE event_wave_group_data SET disp_reward_id_4=60022, reward_odds_4=12 WHERE id=600003398;
UPDATE event_wave_group_data SET disp_reward_id_4=60022, reward_odds_4=12 WHERE id=600003399;
UPDATE event_wave_group_data SET disp_reward_id_4=60022, reward_odds_4=12 WHERE id=600003400;
UPDATE event_wave_group_data SET disp_reward_id_4=60022, reward_odds_4=12 WHERE id=600003401;
UPDATE event_wave_group_data SET disp_reward_id_4=60022, reward_odds_4=12 WHERE id=600003402;
UPDATE event_wave_group_data SET disp_reward_id_4=60022, reward_odds_4=12 WHERE id=600003403;
UPDATE event_wave_group_data SET disp_reward_id_4=60022, reward_odds_4=12 WHERE id=600003404;
UPDATE event_wave_group_data SET disp_reward_id_4=60022, reward_odds_4=12 WHERE id=600003405;
UPDATE event_wave_group_data SET disp_reward_id_4=60022, reward_odds_4=12 WHERE id=600003406;
UPDATE event_wave_group_data SET disp_reward_id_4=60022, reward_odds_4=12 WHERE id=600003407;
UPDATE event_wave_group_data SET disp_reward_id_4=60022, reward_odds_4=12 WHERE id=600003408;
UPDATE event_wave_group_data SET disp_reward_id_4=60022, reward_odds_4=12 WHERE id=600003409;
UPDATE event_wave_group_data SET disp_reward_id_4=60022, reward_odds_4=12 WHERE id=600003410;
UPDATE event_wave_group_data SET disp_reward_id_4=60022, reward_odds_4=12 WHERE id=600003411;
UPDATE event_wave_group_data SET disp_reward_id_4=60022, reward_odds_4=12 WHERE id=600003412;
UPDATE event_wave_group_data SET disp_reward_id_4=60022, reward_odds_4=12 WHERE id=600003413;
UPDATE event_wave_group_data SET disp_reward_id_4=60022, reward_odds_4=12 WHERE id=600003414;
UPDATE event_wave_group_data SET disp_reward_id_4=60022, reward_odds_4=12 WHERE id=600003415;
UPDATE event_wave_group_data SET disp_reward_id_4=60022, reward_odds_4=12 WHERE id=600003416;
UPDATE event_wave_group_data SET disp_reward_id_4=60022, reward_odds_4=12 WHERE id=600003417;
UPDATE event_wave_group_data SET disp_reward_id_4=60022, reward_odds_4=12 WHERE id=600003418;
UPDATE event_wave_group_data SET disp_reward_id_4=60022, reward_odds_4=12 WHERE id=600003419;
UPDATE event_wave_group_data SET disp_reward_id_4=60022, reward_odds_4=12 WHERE id=600003420;
UPDATE event_wave_group_data SET disp_reward_id_4=60022, reward_odds_4=12 WHERE id=600003421;
UPDATE event_wave_group_data SET disp_reward_id_4=60022, reward_odds_4=12 WHERE id=600003422;
UPDATE event_wave_group_data SET disp_reward_id_4=60022, reward_odds_4=12 WHERE id=600003423;
UPDATE event_wave_group_data SET disp_reward_id_4=60022, reward_odds_4=12 WHERE id=600003424;
UPDATE event_wave_group_data SET disp_reward_id_4=60022, reward_odds_4=12 WHERE id=600003425;
UPDATE event_wave_group_data SET disp_reward_id_4=60022, reward_odds_4=12 WHERE id=600003426;
UPDATE event_wave_group_data SET disp_reward_id_4=60022, reward_odds_4=12 WHERE id=600003427;
UPDATE event_wave_group_data SET disp_reward_id_4=60022, reward_odds_4=12 WHERE id=600003428;
UPDATE event_wave_group_data SET disp_reward_id_4=60022, reward_odds_4=12 WHERE id=600003429;
UPDATE event_wave_group_data SET disp_reward_id_4=60022, reward_odds_4=12 WHERE id=600003430;
UPDATE event_wave_group_data SET disp_reward_id_4=60022, reward_odds_4=12 WHERE id=600003431;
UPDATE event_wave_group_data SET disp_reward_id_4=60022, reward_odds_4=12 WHERE id=600003432;
UPDATE event_wave_group_data SET disp_reward_id_4=60022, reward_odds_4=12 WHERE id=600003433;
UPDATE event_wave_group_data SET disp_reward_id_4=60022, reward_odds_4=12 WHERE id=600003434;
UPDATE event_wave_group_data SET disp_reward_id_4=60022, reward_odds_4=12 WHERE id=600003435;
UPDATE event_wave_group_data SET disp_reward_id_4=60022, reward_odds_4=12 WHERE id=600003436;
UPDATE event_wave_group_data SET disp_reward_id_4=60022, reward_odds_4=12 WHERE id=600003437;
UPDATE event_wave_group_data SET disp_reward_id_4=60022, reward_odds_4=12 WHERE id=600003438;
UPDATE event_wave_group_data SET disp_reward_id_4=60022, reward_odds_4=12 WHERE id=600003439;
UPDATE event_wave_group_data SET disp_reward_id_4=60022, reward_odds_4=12 WHERE id=600003440;
UPDATE event_wave_group_data SET disp_reward_id_4=60022, reward_odds_4=12 WHERE id=600003441;
UPDATE event_wave_group_data SET disp_reward_id_4=60022, reward_odds_4=12 WHERE id=600003442;
UPDATE event_wave_group_data SET disp_reward_id_4=60022, reward_odds_4=12 WHERE id=600003443;
UPDATE event_wave_group_data SET disp_reward_id_4=60022, reward_odds_4=12 WHERE id=600003444;
UPDATE event_wave_group_data SET disp_reward_id_4=60022, reward_odds_4=12 WHERE id=600003445;
UPDATE event_wave_group_data SET disp_reward_id_4=60022, reward_odds_4=12 WHERE id=600003446;
UPDATE event_wave_group_data SET disp_reward_id_4=60022, reward_odds_4=12 WHERE id=600003447;
UPDATE event_wave_group_data SET reward_group_id_1=62001012, disp_reward_id_1=60021 WHERE id=600003565;
UPDATE event_wave_group_data SET reward_group_id_1=62001012, disp_reward_id_1=60021 WHERE id=600003566;
UPDATE event_wave_group_data SET reward_group_id_1=62001012, disp_reward_id_1=60021 WHERE id=600003567;
UPDATE event_wave_group_data SET reward_group_id_1=62001012, disp_reward_id_1=60021 WHERE id=600003568;
UPDATE event_wave_group_data SET reward_group_id_1=62001012, disp_reward_id_1=60021 WHERE id=600003569;
UPDATE event_wave_group_data SET reward_group_id_1=62001012, disp_reward_id_1=60021 WHERE id=600003570;
UPDATE event_wave_group_data SET reward_group_id_1=62001012, disp_reward_id_1=60021 WHERE id=600003571;
UPDATE event_wave_group_data SET reward_group_id_1=62001012, disp_reward_id_1=60021 WHERE id=600003572;
UPDATE event_wave_group_data SET reward_group_id_1=62001012, disp_reward_id_1=60021 WHERE id=600003573;
UPDATE event_wave_group_data SET reward_group_id_1=62001012, disp_reward_id_1=60021 WHERE id=600003574;
UPDATE event_wave_group_data SET reward_group_id_1=62001012, disp_reward_id_1=60021 WHERE id=600003575;
UPDATE event_wave_group_data SET reward_group_id_1=62001012, disp_reward_id_1=60021 WHERE id=600003576;
UPDATE event_wave_group_data SET reward_group_id_1=62001012, disp_reward_id_1=60021 WHERE id=600003577;
UPDATE event_wave_group_data SET reward_group_id_1=62001012, disp_reward_id_1=60021 WHERE id=600003578;
UPDATE event_wave_group_data SET reward_group_id_1=62001012, disp_reward_id_1=60021 WHERE id=600003579;
UPDATE event_wave_group_data SET reward_group_id_1=62001012, disp_reward_id_1=60021 WHERE id=600003580;
UPDATE event_wave_group_data SET reward_group_id_1=62001012, disp_reward_id_1=60021 WHERE id=600003581;
UPDATE event_wave_group_data SET reward_group_id_1=62001012, disp_reward_id_1=60021 WHERE id=600003582;
UPDATE event_wave_group_data SET reward_group_id_1=62001012, disp_reward_id_1=60021 WHERE id=600003583;
UPDATE event_wave_group_data SET reward_group_id_1=62001012, disp_reward_id_1=60021 WHERE id=600003584;
UPDATE event_wave_group_data SET reward_group_id_1=62001012, disp_reward_id_1=60021 WHERE id=600003585;
UPDATE event_wave_group_data SET reward_group_id_1=62001012, disp_reward_id_1=60021 WHERE id=600003586;
UPDATE event_wave_group_data SET reward_group_id_1=62001012, disp_reward_id_1=60021 WHERE id=600003587;
UPDATE event_wave_group_data SET reward_group_id_1=62001012, disp_reward_id_1=60021 WHERE id=600003588;
UPDATE event_wave_group_data SET reward_group_id_1=62001012, disp_reward_id_1=60021 WHERE id=600003589;
UPDATE event_wave_group_data SET reward_group_id_1=62001012, disp_reward_id_1=60021 WHERE id=600003590;
UPDATE event_wave_group_data SET reward_group_id_1=62001012, disp_reward_id_1=60021 WHERE id=600003591;
UPDATE event_wave_group_data SET reward_group_id_1=62001012, disp_reward_id_1=60021 WHERE id=600003592;
UPDATE event_wave_group_data SET reward_group_id_1=62001012, disp_reward_id_1=60021 WHERE id=600003593;
UPDATE event_wave_group_data SET reward_group_id_1=62001012, disp_reward_id_1=60021 WHERE id=600003594;
UPDATE event_wave_group_data SET reward_group_id_1=62001012, disp_reward_id_1=60021 WHERE id=600003595;
UPDATE event_wave_group_data SET reward_group_id_1=62001012, disp_reward_id_1=60021 WHERE id=600003596;
UPDATE event_wave_group_data SET reward_group_id_1=62001012, disp_reward_id_1=60021 WHERE id=600003597;
UPDATE event_wave_group_data SET reward_group_id_1=62001012, disp_reward_id_1=60021 WHERE id=600003598;
UPDATE event_wave_group_data SET reward_group_id_1=62001012, disp_reward_id_1=60021 WHERE id=600003599;
UPDATE event_wave_group_data SET reward_group_id_1=62001012, disp_reward_id_1=60021 WHERE id=600003600;
UPDATE event_wave_group_data SET reward_group_id_1=62001012, disp_reward_id_1=60021 WHERE id=600003601;
UPDATE event_wave_group_data SET reward_group_id_1=62001012, disp_reward_id_1=60021 WHERE id=600003602;
UPDATE event_wave_group_data SET reward_group_id_1=62001012, disp_reward_id_1=60021 WHERE id=600003603;
UPDATE event_wave_group_data SET reward_group_id_1=62001012, disp_reward_id_1=60021 WHERE id=600003604;
UPDATE event_wave_group_data SET reward_group_id_1=62001012, disp_reward_id_1=60021 WHERE id=600003605;
UPDATE event_wave_group_data SET reward_group_id_1=62001012, disp_reward_id_1=60021 WHERE id=600003606;
UPDATE event_wave_group_data SET reward_group_id_1=62001012, disp_reward_id_1=60021 WHERE id=600003607;
UPDATE event_wave_group_data SET reward_group_id_1=62001012, disp_reward_id_1=60021 WHERE id=600003608;
UPDATE event_wave_group_data SET reward_group_id_1=62001012, disp_reward_id_1=60021 WHERE id=600003609;
UPDATE event_wave_group_data SET reward_group_id_1=62001012, disp_reward_id_1=60021 WHERE id=600003610;
UPDATE event_wave_group_data SET reward_group_id_1=62001012, disp_reward_id_1=60021 WHERE id=600003611;
UPDATE event_wave_group_data SET reward_group_id_1=62001012, disp_reward_id_1=60021 WHERE id=600003612;
UPDATE event_wave_group_data SET reward_group_id_1=62001012, disp_reward_id_1=60021 WHERE id=600003613;
UPDATE event_wave_group_data SET reward_group_id_1=62001012, disp_reward_id_1=60021 WHERE id=600003614;
UPDATE event_wave_group_data SET reward_group_id_1=62001012, disp_reward_id_1=60021 WHERE id=600003615;
UPDATE event_wave_group_data SET reward_group_id_1=62001012, disp_reward_id_1=60021 WHERE id=600003616;
UPDATE event_wave_group_data SET reward_group_id_1=62001012, disp_reward_id_1=60021 WHERE id=600003617;
UPDATE event_wave_group_data SET reward_group_id_1=62001012, disp_reward_id_1=60021 WHERE id=600003618;
UPDATE event_wave_group_data SET reward_group_id_1=62001012, disp_reward_id_1=60021 WHERE id=600003619;
UPDATE event_wave_group_data SET reward_group_id_1=62001012, disp_reward_id_1=60021 WHERE id=600003620;
UPDATE event_wave_group_data SET reward_group_id_1=62001012, disp_reward_id_1=60021 WHERE id=600003621;
UPDATE event_wave_group_data SET reward_group_id_1=62001012, disp_reward_id_1=60021 WHERE id=600003622;
UPDATE event_wave_group_data SET reward_group_id_1=62001012, disp_reward_id_1=60021 WHERE id=600003623;
UPDATE event_wave_group_data SET reward_group_id_1=62001012, disp_reward_id_1=60021 WHERE id=600003624;
UPDATE event_wave_group_data SET reward_group_id_1=62001012, disp_reward_id_1=60021 WHERE id=600003625;
UPDATE event_wave_group_data SET reward_group_id_1=62001012, disp_reward_id_1=60021 WHERE id=600003626;
UPDATE event_wave_group_data SET reward_group_id_1=62001012, disp_reward_id_1=60021 WHERE id=600003627;
UPDATE event_wave_group_data SET reward_group_id_1=62001012, disp_reward_id_1=60021 WHERE id=600003628;
UPDATE event_wave_group_data SET reward_group_id_1=62001012, disp_reward_id_1=60021 WHERE id=600003629;
UPDATE event_wave_group_data SET reward_group_id_1=62001012, disp_reward_id_1=60021 WHERE id=600003630;
UPDATE event_wave_group_data SET reward_group_id_1=62001012, disp_reward_id_1=60021 WHERE id=600003631;
UPDATE event_wave_group_data SET reward_group_id_1=62001012, disp_reward_id_1=60021 WHERE id=600003632;
UPDATE event_wave_group_data SET reward_group_id_1=62001012, disp_reward_id_1=60021 WHERE id=600003633;
UPDATE event_wave_group_data SET reward_group_id_1=62001012, disp_reward_id_1=60021 WHERE id=600003634;
UPDATE event_wave_group_data SET reward_group_id_1=62001012, disp_reward_id_1=60021 WHERE id=600003635;
UPDATE event_wave_group_data SET reward_group_id_1=62001012, disp_reward_id_1=60021 WHERE id=600003636;
UPDATE event_wave_group_data SET reward_group_id_1=62001012, disp_reward_id_1=60021 WHERE id=600003637;
UPDATE event_wave_group_data SET reward_group_id_1=62001012, disp_reward_id_1=60021 WHERE id=600003638;
UPDATE event_wave_group_data SET reward_group_id_1=62001012, disp_reward_id_1=60021 WHERE id=600003639;
UPDATE event_wave_group_data SET reward_group_id_1=62001012, disp_reward_id_1=60021 WHERE id=600003640;
UPDATE event_wave_group_data SET reward_group_id_1=62001012, disp_reward_id_1=60021 WHERE id=600003641;
UPDATE event_wave_group_data SET reward_group_id_1=62001012, disp_reward_id_1=60021 WHERE id=600003642;
UPDATE event_wave_group_data SET reward_group_id_1=62001012, disp_reward_id_1=60021 WHERE id=600003643;
UPDATE event_wave_group_data SET reward_group_id_1=62001012, disp_reward_id_1=60021 WHERE id=600003644;
UPDATE event_wave_group_data SET reward_group_id_1=62001012, disp_reward_id_1=60021 WHERE id=600003645;
UPDATE event_wave_group_data SET reward_group_id_1=62001012, disp_reward_id_1=60021 WHERE id=600003646;
UPDATE event_wave_group_data SET reward_group_id_1=62001012, disp_reward_id_1=60021 WHERE id=600003647;
UPDATE event_wave_group_data SET reward_group_id_1=62001012, disp_reward_id_1=60021 WHERE id=600003648;
UPDATE event_wave_group_data SET reward_group_id_1=62001012, disp_reward_id_1=60021 WHERE id=600003649;
UPDATE event_wave_group_data SET reward_group_id_1=62001012, disp_reward_id_1=60021 WHERE id=600003650;
UPDATE event_wave_group_data SET reward_group_id_1=62001012, disp_reward_id_1=60021 WHERE id=600003651;
UPDATE event_wave_group_data SET reward_group_id_1=62001012, disp_reward_id_1=60021 WHERE id=600003652;
UPDATE event_wave_group_data SET reward_group_id_1=62001012, disp_reward_id_1=60021 WHERE id=600003653;
UPDATE event_wave_group_data SET reward_group_id_1=62001012, disp_reward_id_1=60021 WHERE id=600003654;
UPDATE event_wave_group_data SET reward_group_id_1=62001012, disp_reward_id_1=60021 WHERE id=600003655;
UPDATE event_wave_group_data SET reward_group_id_1=62001012, disp_reward_id_1=60021 WHERE id=600003656;
UPDATE event_wave_group_data SET reward_group_id_1=62001012, disp_reward_id_1=60021 WHERE id=600003657;
UPDATE event_wave_group_data SET reward_group_id_1=62001012, disp_reward_id_1=60021 WHERE id=600003658;
UPDATE event_wave_group_data SET reward_group_id_1=62001012, disp_reward_id_1=60021 WHERE id=600003659;
UPDATE event_wave_group_data SET reward_group_id_1=62001012, disp_reward_id_1=60021 WHERE id=600003660;
UPDATE event_wave_group_data SET reward_group_id_1=62001012, disp_reward_id_1=60021 WHERE id=600003661;
UPDATE event_wave_group_data SET reward_group_id_1=62001012, disp_reward_id_1=60021 WHERE id=600003662;
UPDATE event_wave_group_data SET reward_group_id_1=62001012, disp_reward_id_1=60021 WHERE id=600003663;
UPDATE event_wave_group_data SET reward_group_id_1=62001012, disp_reward_id_1=60021 WHERE id=600003664;
UPDATE event_wave_group_data SET reward_group_id_1=62001012, disp_reward_id_1=60021 WHERE id=600003665;
UPDATE event_wave_group_data SET reward_group_id_1=62001012, disp_reward_id_1=60021 WHERE id=600003666;
UPDATE event_wave_group_data SET reward_group_id_1=62001012, disp_reward_id_1=60021 WHERE id=600003667;
UPDATE event_wave_group_data SET reward_group_id_1=62001012, disp_reward_id_1=60021 WHERE id=600003668;
UPDATE event_wave_group_data SET reward_group_id_1=62001012, disp_reward_id_1=60021 WHERE id=600003669;
UPDATE event_wave_group_data SET reward_group_id_1=62001012, disp_reward_id_1=60021 WHERE id=600003670;
UPDATE event_wave_group_data SET reward_group_id_1=62001012, disp_reward_id_1=60021 WHERE id=600003671;
UPDATE event_wave_group_data SET reward_group_id_1=62001012, disp_reward_id_1=60021 WHERE id=600003672;
UPDATE event_wave_group_data SET reward_group_id_1=62001012, disp_reward_id_1=60021 WHERE id=600003673;
UPDATE event_wave_group_data SET reward_group_id_1=62001012, disp_reward_id_1=60021 WHERE id=600003674;
UPDATE event_wave_group_data SET reward_group_id_1=62001012, disp_reward_id_1=60021 WHERE id=600003675;
UPDATE event_wave_group_data SET reward_group_id_1=62001012, disp_reward_id_1=60021 WHERE id=600003676;
UPDATE event_wave_group_data SET reward_group_id_1=62001012, disp_reward_id_1=60021 WHERE id=600003677;
UPDATE event_wave_group_data SET reward_group_id_1=62001012, disp_reward_id_1=60021 WHERE id=600003678;
UPDATE event_wave_group_data SET reward_group_id_1=62001012, disp_reward_id_1=60021 WHERE id=600003679;
UPDATE event_wave_group_data SET reward_group_id_1=62001012, disp_reward_id_1=60021 WHERE id=600003680;
UPDATE event_wave_group_data SET reward_group_id_1=62001012, disp_reward_id_1=60021 WHERE id=600003681;
UPDATE event_wave_group_data SET disp_reward_id_4=60022, reward_odds_4=25 WHERE id=600003682;
UPDATE event_wave_group_data SET disp_reward_id_4=60022, reward_odds_4=25 WHERE id=600003683;
UPDATE event_wave_group_data SET disp_reward_id_4=60022, reward_odds_4=25 WHERE id=600003684;
UPDATE event_wave_group_data SET disp_reward_id_4=60022, reward_odds_4=25 WHERE id=600003685;
UPDATE event_wave_group_data SET disp_reward_id_4=60022, reward_odds_4=25 WHERE id=600003686;
UPDATE event_wave_group_data SET disp_reward_id_4=60022, reward_odds_4=25 WHERE id=600003687;
UPDATE event_wave_group_data SET disp_reward_id_4=60022, reward_odds_4=25 WHERE id=600003688;
UPDATE event_wave_group_data SET disp_reward_id_4=60022, reward_odds_4=25 WHERE id=600003689;
UPDATE event_wave_group_data SET disp_reward_id_4=60022, reward_odds_4=25 WHERE id=600003690;
UPDATE event_wave_group_data SET disp_reward_id_4=60022, reward_odds_4=25 WHERE id=600003691;
UPDATE event_wave_group_data SET disp_reward_id_4=60022, reward_odds_4=25 WHERE id=600003692;
UPDATE event_wave_group_data SET disp_reward_id_4=60022, reward_odds_4=25 WHERE id=600003693;
UPDATE event_wave_group_data SET disp_reward_id_4=60022, reward_odds_4=25 WHERE id=600003694;
UPDATE event_wave_group_data SET disp_reward_id_4=60022, reward_odds_4=25 WHERE id=600003695;
UPDATE event_wave_group_data SET disp_reward_id_4=60022, reward_odds_4=25 WHERE id=600003696;
UPDATE event_wave_group_data SET disp_reward_id_4=60022, reward_odds_4=25 WHERE id=600003697;
UPDATE event_wave_group_data SET disp_reward_id_4=60022, reward_odds_4=25 WHERE id=600003698;
UPDATE event_wave_group_data SET disp_reward_id_4=60022, reward_odds_4=25 WHERE id=600003699;
UPDATE event_wave_group_data SET disp_reward_id_4=60022, reward_odds_4=25 WHERE id=600003700;
UPDATE event_wave_group_data SET disp_reward_id_4=60022, reward_odds_4=25 WHERE id=600003701;
UPDATE event_wave_group_data SET disp_reward_id_4=60022, reward_odds_4=25 WHERE id=600003702;
UPDATE event_wave_group_data SET disp_reward_id_4=60022, reward_odds_4=25 WHERE id=600003703;
UPDATE event_wave_group_data SET disp_reward_id_4=60022, reward_odds_4=25 WHERE id=600003704;
UPDATE event_wave_group_data SET disp_reward_id_4=60022, reward_odds_4=25 WHERE id=600003705;
UPDATE event_wave_group_data SET disp_reward_id_4=60022, reward_odds_4=25 WHERE id=600003706;
UPDATE event_wave_group_data SET disp_reward_id_4=60022, reward_odds_4=25 WHERE id=600003707;
UPDATE event_wave_group_data SET disp_reward_id_4=60022, reward_odds_4=25 WHERE id=600003708;
UPDATE event_wave_group_data SET disp_reward_id_4=60022, reward_odds_4=25 WHERE id=600003709;
UPDATE event_wave_group_data SET disp_reward_id_4=60022, reward_odds_4=25 WHERE id=600003710;
UPDATE event_wave_group_data SET disp_reward_id_4=60022, reward_odds_4=25 WHERE id=600003711;
UPDATE event_wave_group_data SET disp_reward_id_4=60022, reward_odds_4=25 WHERE id=600003712;
UPDATE event_wave_group_data SET disp_reward_id_4=60022, reward_odds_4=25 WHERE id=600003713;
UPDATE event_wave_group_data SET disp_reward_id_4=60022, reward_odds_4=25 WHERE id=600003714;
UPDATE event_wave_group_data SET disp_reward_id_4=60022, reward_odds_4=25 WHERE id=600003715;
UPDATE event_wave_group_data SET disp_reward_id_4=60022, reward_odds_4=25 WHERE id=600003716;
UPDATE event_wave_group_data SET disp_reward_id_4=60022, reward_odds_4=25 WHERE id=600003717;
UPDATE event_wave_group_data SET disp_reward_id_4=60022, reward_odds_4=25 WHERE id=600003718;
UPDATE event_wave_group_data SET disp_reward_id_4=60022, reward_odds_4=25 WHERE id=600003719;
UPDATE event_wave_group_data SET disp_reward_id_4=60022, reward_odds_4=25 WHERE id=600003720;
UPDATE event_wave_group_data SET disp_reward_id_4=60022, reward_odds_4=25 WHERE id=600003721;
UPDATE event_wave_group_data SET disp_reward_id_4=60022, reward_odds_4=25 WHERE id=600003722;
UPDATE event_wave_group_data SET disp_reward_id_4=60022, reward_odds_4=25 WHERE id=600003723;
UPDATE event_wave_group_data SET disp_reward_id_4=60022, reward_odds_4=25 WHERE id=600003724;
UPDATE event_wave_group_data SET disp_reward_id_4=60022, reward_odds_4=25 WHERE id=600003725;
UPDATE event_wave_group_data SET disp_reward_id_4=60022, reward_odds_4=25 WHERE id=600003726;
UPDATE event_wave_group_data SET disp_reward_id_4=60022, reward_odds_4=25 WHERE id=600003727;
UPDATE event_wave_group_data SET disp_reward_id_4=60022, reward_odds_4=25 WHERE id=600003728;
UPDATE event_wave_group_data SET disp_reward_id_4=60022, reward_odds_4=25 WHERE id=600003729;
UPDATE event_wave_group_data SET disp_reward_id_4=60022, reward_odds_4=25 WHERE id=600003730;
UPDATE event_wave_group_data SET disp_reward_id_4=60022, reward_odds_4=25 WHERE id=600003731;
UPDATE event_wave_group_data SET disp_reward_id_4=60022, reward_odds_4=25 WHERE id=600003732;
UPDATE event_wave_group_data SET disp_reward_id_4=60022, reward_odds_4=25 WHERE id=600003733;
UPDATE event_wave_group_data SET disp_reward_id_4=60022, reward_odds_4=25 WHERE id=600003734;
UPDATE event_wave_group_data SET disp_reward_id_4=60022, reward_odds_4=25 WHERE id=600003735;
UPDATE event_wave_group_data SET disp_reward_id_4=60022, reward_odds_4=25 WHERE id=600003736;
UPDATE event_wave_group_data SET disp_reward_id_4=60022, reward_odds_4=25 WHERE id=600003737;
UPDATE event_wave_group_data SET disp_reward_id_4=60022, reward_odds_4=25 WHERE id=600003738;
UPDATE event_wave_group_data SET disp_reward_id_4=60022, reward_odds_4=25 WHERE id=600003739;
UPDATE event_wave_group_data SET disp_reward_id_4=60022, reward_odds_4=25 WHERE id=600003740;
UPDATE event_wave_group_data SET disp_reward_id_4=60022, reward_odds_4=25 WHERE id=600003741;
UPDATE event_wave_group_data SET disp_reward_id_4=60022, reward_odds_4=25 WHERE id=600003742;
UPDATE event_wave_group_data SET disp_reward_id_4=60022, reward_odds_4=25 WHERE id=600003743;
UPDATE event_wave_group_data SET disp_reward_id_4=60022, reward_odds_4=25 WHERE id=600003744;
UPDATE event_wave_group_data SET disp_reward_id_4=60022, reward_odds_4=25 WHERE id=600003745;
UPDATE event_wave_group_data SET disp_reward_id_4=60022, reward_odds_4=25 WHERE id=600003746;
UPDATE event_wave_group_data SET disp_reward_id_4=60022, reward_odds_4=25 WHERE id=600003747;
UPDATE event_wave_group_data SET disp_reward_id_4=60022, reward_odds_4=25 WHERE id=600003748;
UPDATE event_wave_group_data SET disp_reward_id_4=60022, reward_odds_4=25 WHERE id=600003749;
UPDATE event_wave_group_data SET disp_reward_id_4=60022, reward_odds_4=25 WHERE id=600003750;
UPDATE event_wave_group_data SET disp_reward_id_4=60022, reward_odds_4=25 WHERE id=600003751;
UPDATE event_wave_group_data SET disp_reward_id_4=60022, reward_odds_4=25 WHERE id=600003752;
UPDATE event_wave_group_data SET disp_reward_id_4=60022, reward_odds_4=25 WHERE id=600003753;
UPDATE event_wave_group_data SET disp_reward_id_4=60022, reward_odds_4=25 WHERE id=600003754;
UPDATE event_wave_group_data SET disp_reward_id_4=60022, reward_odds_4=25 WHERE id=600003755;
UPDATE event_wave_group_data SET disp_reward_id_4=60022, reward_odds_4=25 WHERE id=600003756;
UPDATE event_wave_group_data SET disp_reward_id_4=60022, reward_odds_4=25 WHERE id=600003757;
UPDATE event_wave_group_data SET disp_reward_id_4=60022, reward_odds_4=25 WHERE id=600003758;
UPDATE event_wave_group_data SET disp_reward_id_4=60022, reward_odds_4=25 WHERE id=600003759;
UPDATE event_wave_group_data SET disp_reward_id_4=60022, reward_odds_4=25 WHERE id=600003760;
UPDATE event_wave_group_data SET disp_reward_id_4=60022, reward_odds_4=25 WHERE id=600003761;
UPDATE event_wave_group_data SET disp_reward_id_4=60022, reward_odds_4=25 WHERE id=600003762;
UPDATE event_wave_group_data SET disp_reward_id_4=60022, reward_odds_4=25 WHERE id=600003763;
UPDATE event_wave_group_data SET disp_reward_id_4=60022, reward_odds_4=25 WHERE id=600003764;
UPDATE event_wave_group_data SET disp_reward_id_4=60022, reward_odds_4=25 WHERE id=600003765;
UPDATE event_wave_group_data SET disp_reward_id_4=60022, reward_odds_4=25 WHERE id=600003766;
UPDATE event_wave_group_data SET disp_reward_id_4=60022, reward_odds_4=25 WHERE id=600003767;
UPDATE event_wave_group_data SET disp_reward_id_4=60022, reward_odds_4=25 WHERE id=600003768;
UPDATE event_wave_group_data SET disp_reward_id_4=60022, reward_odds_4=25 WHERE id=600003769;
UPDATE event_wave_group_data SET disp_reward_id_4=60022, reward_odds_4=25 WHERE id=600003770;
UPDATE event_wave_group_data SET disp_reward_id_4=60022, reward_odds_4=25 WHERE id=600003771;
UPDATE event_wave_group_data SET disp_reward_id_4=60022, reward_odds_4=25 WHERE id=600003772;
UPDATE event_wave_group_data SET disp_reward_id_4=60022, reward_odds_4=25 WHERE id=600003773;
UPDATE event_wave_group_data SET disp_reward_id_4=60022, reward_odds_4=25 WHERE id=600003774;
UPDATE event_wave_group_data SET disp_reward_id_4=60022, reward_odds_4=25 WHERE id=600003775;
UPDATE event_wave_group_data SET disp_reward_id_4=60022, reward_odds_4=25 WHERE id=600003776;
UPDATE event_wave_group_data SET disp_reward_id_4=60022, reward_odds_4=25 WHERE id=600003777;
UPDATE event_wave_group_data SET disp_reward_id_4=60022, reward_odds_4=25 WHERE id=600003778;
UPDATE event_wave_group_data SET disp_reward_id_4=60022, reward_odds_4=25 WHERE id=600003779;
UPDATE event_wave_group_data SET disp_reward_id_4=60022, reward_odds_4=25 WHERE id=600003780;
UPDATE event_wave_group_data SET disp_reward_id_4=60022, reward_odds_4=25 WHERE id=600003781;
UPDATE event_wave_group_data SET disp_reward_id_4=60022, reward_odds_4=25 WHERE id=600003782;
UPDATE event_wave_group_data SET disp_reward_id_4=60022, reward_odds_4=25 WHERE id=600003783;
UPDATE event_wave_group_data SET disp_reward_id_4=60022, reward_odds_4=25 WHERE id=600003784;
UPDATE event_wave_group_data SET disp_reward_id_4=60022, reward_odds_4=25 WHERE id=600003785;
UPDATE event_wave_group_data SET disp_reward_id_4=60022, reward_odds_4=25 WHERE id=600003786;
UPDATE event_wave_group_data SET disp_reward_id_4=60022, reward_odds_4=25 WHERE id=600003787;
UPDATE event_wave_group_data SET disp_reward_id_4=60022, reward_odds_4=25 WHERE id=600003788;
UPDATE event_wave_group_data SET disp_reward_id_4=60022, reward_odds_4=25 WHERE id=600003789;
UPDATE event_wave_group_data SET disp_reward_id_4=60022, reward_odds_4=25 WHERE id=600003790;
UPDATE event_wave_group_data SET disp_reward_id_4=60022, reward_odds_4=25 WHERE id=600003791;
UPDATE event_wave_group_data SET disp_reward_id_4=60022, reward_odds_4=25 WHERE id=600003792;
UPDATE event_wave_group_data SET disp_reward_id_4=60022, reward_odds_4=25 WHERE id=600003793;
UPDATE event_wave_group_data SET disp_reward_id_4=60022, reward_odds_4=25 WHERE id=600003794;
UPDATE event_wave_group_data SET disp_reward_id_4=60022, reward_odds_4=25 WHERE id=600003795;
UPDATE event_wave_group_data SET disp_reward_id_4=60022, reward_odds_4=25 WHERE id=600003796;
UPDATE event_wave_group_data SET disp_reward_id_4=60022, reward_odds_4=25 WHERE id=600003797;
UPDATE event_wave_group_data SET disp_reward_id_4=60022, reward_odds_4=25 WHERE id=600003798;
INSERT INTO experience_team(team_level,total_exp,max_stamina,over_limit_stamina,recover_stamina_count) VALUES(95,132094,153,999,30);
INSERT INTO experience_team(team_level,total_exp,max_stamina,over_limit_stamina,recover_stamina_count) VALUES(96,135634,154,999,30);
INSERT INTO experience_unit(unit_level,total_exp) VALUES(95,692026);
INSERT INTO experience_unit(unit_level,total_exp) VALUES(96,720578);
UPDATE gacha_data SET end_time='2018/05/31 11:59:59' WHERE gacha_id=10007;
INSERT INTO gacha_data(gacha_id,gacha_name,description,gacha_detail,gacha_cost_type,price,free_gacha_type,free_gacha_interval_time,free_gacha_count,discount_price,gacha_odds,gacha_odds_star2,gacha_type,movie_id,start_time,end_time,ticket_id) VALUES(10008,'ノーマルガチャ','アイテムやメモリーピースをGET！',1,3,0,1,0,10,0,'10008','',0,0,'2018/05/31 12:00:00','2030/06/15 14:59:59',0);
UPDATE gacha_data SET end_time='2018/05/31 11:59:59' WHERE gacha_id=20007;
INSERT INTO gacha_data(gacha_id,gacha_name,description,gacha_detail,gacha_cost_type,price,free_gacha_type,free_gacha_interval_time,free_gacha_count,discount_price,gacha_odds,gacha_odds_star2,gacha_type,movie_id,start_time,end_time,ticket_id) VALUES(20008,'プラチナガチャ','プラチナガチャはキャラのみ出現！',2,2,150,0,0,0,50,'20008','21008',1,200001,'2018/05/31 12:00:00','2030/06/15 14:59:59',24001);
INSERT INTO gacha_data(gacha_id,gacha_name,description,gacha_detail,gacha_cost_type,price,free_gacha_type,free_gacha_interval_time,free_gacha_count,discount_price,gacha_odds,gacha_odds_star2,gacha_type,movie_id,start_time,end_time,ticket_id) VALUES(30008,'ピックアップガチャ','新キャラ「イリヤ」登場！期間中出現率UP！',2,2,150,0,0,0,50,'30008','31008',1,300008,'2018/05/31 12:00:00','2018/06/15 14:59:59',24001);
UPDATE hatsune_boss SET area_id=10001101 WHERE boss_id=1000101;
UPDATE hatsune_boss SET area_id=10001201 WHERE boss_id=1000102;
UPDATE hatsune_boss SET area_id=10002101 WHERE boss_id=1000201;
UPDATE hatsune_boss SET area_id=10002201 WHERE boss_id=1000202;
INSERT INTO hatsune_boss(boss_id,event_id,area_id,difficulty,quest_name,position_x,position_y,boss_position_x,boss_position_y,result_boss_position_y,icon_id,use_ticket_num,team_exp,unit_exp,love,limit_time,daily_limit,clear_reward_group,event_boss_treasure_box_id_1,background_1,wave_group_id_1,wave_bgm_sheet_id_1,wave_bgm_que_id_1,story_id_wavestart_1,story_id_waveend_1,detail_bg_id,detail_bg_position,detail_boss_bg_size,detail_boss_bg_height,reward_gold_coefficient,reward_gold_limit,start_time,end_time,map_position_x,map_position_y,map_size) VALUES(1000301,10003,10003101,1,'ボスバトル(NORMAL)',870,10,770,-40,20,510031,20,0,0,0,90,0,610003011,10003101,81000305,610003001,'bgm_M109','bgm_M109',5003302,0,81000305,0,1.1,30.0,'0.03',100000,'2018/05/31 12:00:00','2018/06/25 14:59:59',0.0,0.0,0.6);
INSERT INTO hatsune_boss(boss_id,event_id,area_id,difficulty,quest_name,position_x,position_y,boss_position_x,boss_position_y,result_boss_position_y,icon_id,use_ticket_num,team_exp,unit_exp,love,limit_time,daily_limit,clear_reward_group,event_boss_treasure_box_id_1,background_1,wave_group_id_1,wave_bgm_sheet_id_1,wave_bgm_que_id_1,story_id_wavestart_1,story_id_waveend_1,detail_bg_id,detail_bg_position,detail_boss_bg_size,detail_boss_bg_height,reward_gold_coefficient,reward_gold_limit,start_time,end_time,map_position_x,map_position_y,map_size) VALUES(1000302,10003,10003201,2,'ボスバトル(HARD)',500,10,450,-40,20,510032,30,0,0,0,90,0,610003021,10003201,81000306,610003002,'bgm_M109','bgm_M109',5003301,0,81000306,0,1.1,30.0,'0.03',100000,'2018/05/31 12:00:00','2018/06/25 14:59:59',0.0,0.0,0.6);
UPDATE hatsune_boss_condition SET condition_quest_id_1=10001115, release_quest_id_1=10001201 WHERE boss_id=1000101;
UPDATE hatsune_boss_condition SET condition_quest_id_1=10002115, release_quest_id_1=10002201 WHERE boss_id=1000201;
INSERT INTO hatsune_boss_condition(boss_id,event_id,condition_quest_id_1,condition_quest_id_2,condition_boss_id_1,condition_boss_id_2,force_unlock_time,release_quest_id_1,release_quest_id_2,release_boss_id_1,release_boss_id_2) VALUES(1000301,10003,10003115,0,0,0,'2018/06/08 15:00:00',10003201,0,1000302,0);
INSERT INTO hatsune_boss_condition(boss_id,event_id,condition_quest_id_1,condition_quest_id_2,condition_boss_id_1,condition_boss_id_2,force_unlock_time,release_quest_id_1,release_quest_id_2,release_boss_id_1,release_boss_id_2) VALUES(1000302,10003,0,0,1000301,0,'0',0,0,0,0);
INSERT INTO hatsune_daily_mission_data(daily_mission_id,disp_group,category_icon,description,mission_condition,condition_value_1,condition_value_2,condition_value_3,condition_num,mission_reward_id,system_id,start_time,end_time) VALUES(61003001,101,601,'ガルグに1回挑戦しよう（NORMAL、HARD共通） ',9012,0,0,0,1,61003001,6008,'2018/05/31 12:00:00','2018/06/25 14:59:59');
INSERT INTO hatsune_daily_mission_data(daily_mission_id,disp_group,category_icon,description,mission_condition,condition_value_1,condition_value_2,condition_value_3,condition_num,mission_reward_id,system_id,start_time,end_time) VALUES(61003002,102,601,'イベントクエストを10回クリアしよう',9004,0,0,0,10,61003002,6004,'2018/05/31 12:00:00','2018/06/25 14:59:59');
UPDATE hatsune_description SET description='イベントでは、特別なストーリーを楽しめます。\nイベントストーリーは、イベントクエストを進めると解放されていきます。' WHERE id=1;
UPDATE hatsune_description SET description='イベントクエストを進めるとボスが登場します。\nボスには、ボスチケットを使うことで挑むことができます。\nボス撃破で、討伐証を大量にゲットできるので、思い切って挑戦しましょう。' WHERE id=2;
UPDATE hatsune_description SET description='イベントでは、特別なストーリーを楽しめます。\nイベントストーリーはイベントクエストを進めると解放されていきます。' WHERE id=4;
UPDATE hatsune_description SET description='イベントクエストを進めるとボスが登場します。\nボスには、ボスチケットを使うことで挑むことができます。\nボス撃破で討伐証を大量にゲットできるので思い切って挑戦しましょう。' WHERE id=5;
INSERT INTO hatsune_description(id,event_id,type,description) VALUES(7,10003,1,'イベントでは、特別なストーリーを楽しめます。\nイベントストーリーはイベントクエストを進めると解放されていきます。');
INSERT INTO hatsune_description(id,event_id,type,description) VALUES(8,10003,1,'イベントクエストを進めるとボスが登場します。\nボスには、ボスチケットを使うことで挑むことができます。\nボス撃破で討伐証を大量にゲットできるので思い切って挑戦しましょう。');
INSERT INTO hatsune_description(id,event_id,type,description) VALUES(9,10003,1,'討伐証交換は、報酬ゲットのチャンスです。\n報酬の中には、イベントに登場するキャラのメモリーピースもあります。\nたくさん集めてキャラを仲間にしましょう。');
INSERT INTO hatsune_item(event_id,boss_ticket_id,gacha_ticket_id,unit_material_id_1,unit_material_id_2,unit_material_id_3,unit_material_id_4,unit_material_id_5,unit_material_id_6,unit_material_id_7,unit_material_id_8,unit_material_id_9,unit_material_id_10) VALUES(10003,60021,60022,31010,31017,0,0,0,0,0,0,0,0);
UPDATE hatsune_map SET start_area_id=10001101, end_area_id=10001101 WHERE course_id=10001;
UPDATE hatsune_map SET sheet_id='bgm_M32', que_id='bgm_M32', start_area_id=10002101, end_area_id=10002101 WHERE course_id=10002;
INSERT INTO hatsune_map(course_id,event_id,name,map_id,sheet_id,que_id,start_area_id,end_area_id) VALUES(10003,10003,'ランドソル郊外',10003,'bgm_M106','bgm_M106',10003101,10003101);
INSERT INTO hatsune_mission_reward_data(id,mission_reward_id,reward_type,reward_id,reward_num) VALUES(105,61003001,2,60022,5);
INSERT INTO hatsune_mission_reward_data(id,mission_reward_id,reward_type,reward_id,reward_num) VALUES(106,61003002,2,60022,5);
INSERT INTO hatsune_mission_reward_data(id,mission_reward_id,reward_type,reward_id,reward_num) VALUES(107,71003001,8,91002,30);
INSERT INTO hatsune_mission_reward_data(id,mission_reward_id,reward_type,reward_id,reward_num) VALUES(108,71003001,2,22002,1);
INSERT INTO hatsune_mission_reward_data(id,mission_reward_id,reward_type,reward_id,reward_num) VALUES(109,71003002,8,91002,30);
INSERT INTO hatsune_mission_reward_data(id,mission_reward_id,reward_type,reward_id,reward_num) VALUES(110,71003002,2,22002,1);
INSERT INTO hatsune_mission_reward_data(id,mission_reward_id,reward_type,reward_id,reward_num) VALUES(111,71003003,8,91002,30);
INSERT INTO hatsune_mission_reward_data(id,mission_reward_id,reward_type,reward_id,reward_num) VALUES(112,71003003,2,22002,1);
INSERT INTO hatsune_mission_reward_data(id,mission_reward_id,reward_type,reward_id,reward_num) VALUES(113,71003004,8,91002,30);
INSERT INTO hatsune_mission_reward_data(id,mission_reward_id,reward_type,reward_id,reward_num) VALUES(114,71003004,2,22002,1);
INSERT INTO hatsune_mission_reward_data(id,mission_reward_id,reward_type,reward_id,reward_num) VALUES(115,71003005,8,91002,30);
INSERT INTO hatsune_mission_reward_data(id,mission_reward_id,reward_type,reward_id,reward_num) VALUES(116,71003005,2,22002,1);
INSERT INTO hatsune_mission_reward_data(id,mission_reward_id,reward_type,reward_id,reward_num) VALUES(117,71003006,8,91002,30);
INSERT INTO hatsune_mission_reward_data(id,mission_reward_id,reward_type,reward_id,reward_num) VALUES(118,71003006,2,22002,1);
INSERT INTO hatsune_mission_reward_data(id,mission_reward_id,reward_type,reward_id,reward_num) VALUES(119,71003007,8,91002,30);
INSERT INTO hatsune_mission_reward_data(id,mission_reward_id,reward_type,reward_id,reward_num) VALUES(120,71003007,2,22002,1);
INSERT INTO hatsune_mission_reward_data(id,mission_reward_id,reward_type,reward_id,reward_num) VALUES(121,71003008,8,91002,30);
INSERT INTO hatsune_mission_reward_data(id,mission_reward_id,reward_type,reward_id,reward_num) VALUES(122,71003008,2,22002,1);
INSERT INTO hatsune_mission_reward_data(id,mission_reward_id,reward_type,reward_id,reward_num) VALUES(123,71003009,8,91002,30);
INSERT INTO hatsune_mission_reward_data(id,mission_reward_id,reward_type,reward_id,reward_num) VALUES(124,71003009,2,22002,1);
INSERT INTO hatsune_mission_reward_data(id,mission_reward_id,reward_type,reward_id,reward_num) VALUES(125,71003010,8,91002,30);
INSERT INTO hatsune_mission_reward_data(id,mission_reward_id,reward_type,reward_id,reward_num) VALUES(126,71003010,2,22002,1);
INSERT INTO hatsune_mission_reward_data(id,mission_reward_id,reward_type,reward_id,reward_num) VALUES(127,71003011,8,91002,30);
INSERT INTO hatsune_mission_reward_data(id,mission_reward_id,reward_type,reward_id,reward_num) VALUES(128,71003011,2,22002,1);
INSERT INTO hatsune_mission_reward_data(id,mission_reward_id,reward_type,reward_id,reward_num) VALUES(129,71003012,8,91002,30);
INSERT INTO hatsune_mission_reward_data(id,mission_reward_id,reward_type,reward_id,reward_num) VALUES(130,71003012,2,22002,1);
INSERT INTO hatsune_mission_reward_data(id,mission_reward_id,reward_type,reward_id,reward_num) VALUES(131,71003013,8,91002,30);
INSERT INTO hatsune_mission_reward_data(id,mission_reward_id,reward_type,reward_id,reward_num) VALUES(132,71003013,2,22002,1);
INSERT INTO hatsune_mission_reward_data(id,mission_reward_id,reward_type,reward_id,reward_num) VALUES(133,71003014,8,91002,30);
INSERT INTO hatsune_mission_reward_data(id,mission_reward_id,reward_type,reward_id,reward_num) VALUES(134,71003014,2,22002,1);
INSERT INTO hatsune_mission_reward_data(id,mission_reward_id,reward_type,reward_id,reward_num) VALUES(135,71003015,8,91002,30);
INSERT INTO hatsune_mission_reward_data(id,mission_reward_id,reward_type,reward_id,reward_num) VALUES(136,71003015,2,22002,1);
INSERT INTO hatsune_mission_reward_data(id,mission_reward_id,reward_type,reward_id,reward_num) VALUES(137,71003016,8,91002,60);
INSERT INTO hatsune_mission_reward_data(id,mission_reward_id,reward_type,reward_id,reward_num) VALUES(138,71003016,2,22002,2);
INSERT INTO hatsune_mission_reward_data(id,mission_reward_id,reward_type,reward_id,reward_num) VALUES(139,71003017,8,91002,60);
INSERT INTO hatsune_mission_reward_data(id,mission_reward_id,reward_type,reward_id,reward_num) VALUES(140,71003017,2,22002,2);
INSERT INTO hatsune_mission_reward_data(id,mission_reward_id,reward_type,reward_id,reward_num) VALUES(141,71003018,8,91002,60);
INSERT INTO hatsune_mission_reward_data(id,mission_reward_id,reward_type,reward_id,reward_num) VALUES(142,71003018,2,22002,2);
INSERT INTO hatsune_mission_reward_data(id,mission_reward_id,reward_type,reward_id,reward_num) VALUES(143,71003019,8,91002,60);
INSERT INTO hatsune_mission_reward_data(id,mission_reward_id,reward_type,reward_id,reward_num) VALUES(144,71003019,2,22002,2);
INSERT INTO hatsune_mission_reward_data(id,mission_reward_id,reward_type,reward_id,reward_num) VALUES(145,71003020,8,91002,60);
INSERT INTO hatsune_mission_reward_data(id,mission_reward_id,reward_type,reward_id,reward_num) VALUES(146,71003020,2,22002,2);
INSERT INTO hatsune_mission_reward_data(id,mission_reward_id,reward_type,reward_id,reward_num) VALUES(147,71003021,12,94002,50000);
INSERT INTO hatsune_mission_reward_data(id,mission_reward_id,reward_type,reward_id,reward_num) VALUES(148,71003022,12,94002,100000);
INSERT INTO hatsune_mission_reward_data(id,mission_reward_id,reward_type,reward_id,reward_num) VALUES(149,71003023,12,94002,150000);
INSERT INTO hatsune_mission_reward_data(id,mission_reward_id,reward_type,reward_id,reward_num) VALUES(150,71003024,12,94002,200000);
INSERT INTO hatsune_mission_reward_data(id,mission_reward_id,reward_type,reward_id,reward_num) VALUES(151,71003025,2,31017,2);
INSERT INTO hatsune_mission_reward_data(id,mission_reward_id,reward_type,reward_id,reward_num) VALUES(152,71003026,2,31010,2);
INSERT INTO hatsune_mission_reward_data(id,mission_reward_id,reward_type,reward_id,reward_num) VALUES(153,71003027,2,31017,3);
INSERT INTO hatsune_mission_reward_data(id,mission_reward_id,reward_type,reward_id,reward_num) VALUES(154,71003028,2,31010,3);
INSERT INTO hatsune_mission_reward_data(id,mission_reward_id,reward_type,reward_id,reward_num) VALUES(155,71003029,2,31017,5);
INSERT INTO hatsune_mission_reward_data(id,mission_reward_id,reward_type,reward_id,reward_num) VALUES(156,71003030,2,31010,5);
INSERT INTO hatsune_quest(quest_id,event_id,area_id,quest_seq,quest_name,position_x,position_y,icon_id,stamina,stamina_start,team_exp,unit_exp,love,limit_time,daily_limit,clear_reward_group,rank_reward_group,drop_reward_type,drop_reward_id,drop_reward_num,drop_reward_odds,background_1,wave_bgm_sheet_id_1,wave_bgm_que_id_1,story_id_wavestart_1,story_id_waveend_1,background_2,wave_bgm_sheet_id_2,wave_bgm_que_id_2,story_id_wavestart_2,story_id_waveend_2,background_3,wave_bgm_sheet_id_3,wave_bgm_que_id_3,story_id_wavestart_3,story_id_waveend_3,quest_detail_bg_id,quest_detail_bg_position,start_time,end_time) VALUES(10001101,10001,10001101,1,'タルグム地方 1-1',-820,-50,100020,8,1,8,120,8,90,0,610001101,610001121,0,0,0,0,100014,'bgm_M41','bgm_M41',0,0,100015,'bgm_M41','bgm_M41',0,0,100016,'bgm_M41','bgm_M41',0,0,100014,0,'2018/03/31 15:00:00','2018/04/24 14:59:59');
INSERT INTO hatsune_quest(quest_id,event_id,area_id,quest_seq,quest_name,position_x,position_y,icon_id,stamina,stamina_start,team_exp,unit_exp,love,limit_time,daily_limit,clear_reward_group,rank_reward_group,drop_reward_type,drop_reward_id,drop_reward_num,drop_reward_odds,background_1,wave_bgm_sheet_id_1,wave_bgm_que_id_1,story_id_wavestart_1,story_id_waveend_1,background_2,wave_bgm_sheet_id_2,wave_bgm_que_id_2,story_id_wavestart_2,story_id_waveend_2,background_3,wave_bgm_sheet_id_3,wave_bgm_que_id_3,story_id_wavestart_3,story_id_waveend_3,quest_detail_bg_id,quest_detail_bg_position,start_time,end_time) VALUES(10001102,10001,10001101,2,'タルグム地方 1-2',-710,-140,100020,8,1,8,120,8,90,0,610001102,610001121,0,0,0,0,100014,'bgm_M41','bgm_M41',0,0,100015,'bgm_M41','bgm_M41',0,0,100016,'bgm_M41','bgm_M41',0,0,100014,0,'2018/03/31 15:00:00','2018/04/24 14:59:59');
INSERT INTO hatsune_quest(quest_id,event_id,area_id,quest_seq,quest_name,position_x,position_y,icon_id,stamina,stamina_start,team_exp,unit_exp,love,limit_time,daily_limit,clear_reward_group,rank_reward_group,drop_reward_type,drop_reward_id,drop_reward_num,drop_reward_odds,background_1,wave_bgm_sheet_id_1,wave_bgm_que_id_1,story_id_wavestart_1,story_id_waveend_1,background_2,wave_bgm_sheet_id_2,wave_bgm_que_id_2,story_id_wavestart_2,story_id_waveend_2,background_3,wave_bgm_sheet_id_3,wave_bgm_que_id_3,story_id_wavestart_3,story_id_waveend_3,quest_detail_bg_id,quest_detail_bg_position,start_time,end_time) VALUES(10001103,10001,10001101,3,'タルグム地方 1-3',-620,0,100030,8,1,8,120,8,90,0,610001103,610001121,0,0,0,0,100091,'bgm_M41','bgm_M41',0,0,100092,'bgm_M41','bgm_M41',0,0,100093,'bgm_M41','bgm_M41',0,0,100091,0,'2018/03/31 15:00:00','2018/04/24 14:59:59');
INSERT INTO hatsune_quest(quest_id,event_id,area_id,quest_seq,quest_name,position_x,position_y,icon_id,stamina,stamina_start,team_exp,unit_exp,love,limit_time,daily_limit,clear_reward_group,rank_reward_group,drop_reward_type,drop_reward_id,drop_reward_num,drop_reward_odds,background_1,wave_bgm_sheet_id_1,wave_bgm_que_id_1,story_id_wavestart_1,story_id_waveend_1,background_2,wave_bgm_sheet_id_2,wave_bgm_que_id_2,story_id_wavestart_2,story_id_waveend_2,background_3,wave_bgm_sheet_id_3,wave_bgm_que_id_3,story_id_wavestart_3,story_id_waveend_3,quest_detail_bg_id,quest_detail_bg_position,start_time,end_time) VALUES(10001104,10001,10001101,4,'タルグム地方 1-4',-500,-90,100040,8,1,8,120,8,90,0,610001104,610001121,0,0,0,0,100041,'bgm_M41','bgm_M41',0,0,100042,'bgm_M41','bgm_M41',0,0,100043,'bgm_M41','bgm_M41',0,0,100041,0,'2018/03/31 15:00:00','2018/04/24 14:59:59');
INSERT INTO hatsune_quest(quest_id,event_id,area_id,quest_seq,quest_name,position_x,position_y,icon_id,stamina,stamina_start,team_exp,unit_exp,love,limit_time,daily_limit,clear_reward_group,rank_reward_group,drop_reward_type,drop_reward_id,drop_reward_num,drop_reward_odds,background_1,wave_bgm_sheet_id_1,wave_bgm_que_id_1,story_id_wavestart_1,story_id_waveend_1,background_2,wave_bgm_sheet_id_2,wave_bgm_que_id_2,story_id_wavestart_2,story_id_waveend_2,background_3,wave_bgm_sheet_id_3,wave_bgm_que_id_3,story_id_wavestart_3,story_id_waveend_3,quest_detail_bg_id,quest_detail_bg_position,start_time,end_time) VALUES(10001105,10001,10001101,5,'タルグム地方 1-5',-425,45,100030,8,1,8,120,8,90,0,610001105,610001121,0,0,0,0,100091,'bgm_M41','bgm_M41',0,0,100092,'bgm_M41','bgm_M41',0,0,100093,'bgm_M41','bgm_M41',0,0,100091,0,'2018/03/31 15:00:00','2018/04/24 14:59:59');
INSERT INTO hatsune_quest(quest_id,event_id,area_id,quest_seq,quest_name,position_x,position_y,icon_id,stamina,stamina_start,team_exp,unit_exp,love,limit_time,daily_limit,clear_reward_group,rank_reward_group,drop_reward_type,drop_reward_id,drop_reward_num,drop_reward_odds,background_1,wave_bgm_sheet_id_1,wave_bgm_que_id_1,story_id_wavestart_1,story_id_waveend_1,background_2,wave_bgm_sheet_id_2,wave_bgm_que_id_2,story_id_wavestart_2,story_id_waveend_2,background_3,wave_bgm_sheet_id_3,wave_bgm_que_id_3,story_id_wavestart_3,story_id_waveend_3,quest_detail_bg_id,quest_detail_bg_position,start_time,end_time) VALUES(10001106,10001,10001101,6,'タルグム地方 1-6',-280,0,100010,9,1,9,135,9,90,0,610001106,610001121,0,0,0,0,100061,'bgm_M41','bgm_M41',0,0,100062,'bgm_M41','bgm_M41',0,0,100063,'bgm_M41','bgm_M41',0,0,100061,0,'2018/03/31 15:00:00','2018/04/24 14:59:59');
INSERT INTO hatsune_quest(quest_id,event_id,area_id,quest_seq,quest_name,position_x,position_y,icon_id,stamina,stamina_start,team_exp,unit_exp,love,limit_time,daily_limit,clear_reward_group,rank_reward_group,drop_reward_type,drop_reward_id,drop_reward_num,drop_reward_odds,background_1,wave_bgm_sheet_id_1,wave_bgm_que_id_1,story_id_wavestart_1,story_id_waveend_1,background_2,wave_bgm_sheet_id_2,wave_bgm_que_id_2,story_id_wavestart_2,story_id_waveend_2,background_3,wave_bgm_sheet_id_3,wave_bgm_que_id_3,story_id_wavestart_3,story_id_waveend_3,quest_detail_bg_id,quest_detail_bg_position,start_time,end_time) VALUES(10001107,10001,10001101,7,'タルグム地方 1-7',-220,-160,100050,9,1,9,135,9,90,0,610001107,610001122,0,0,0,0,100021,'bgm_M41','bgm_M41',0,0,100022,'bgm_M41','bgm_M41',0,0,100023,'bgm_M41','bgm_M41',0,0,100021,0,'2018/03/31 15:00:00','2018/04/24 14:59:59');
INSERT INTO hatsune_quest(quest_id,event_id,area_id,quest_seq,quest_name,position_x,position_y,icon_id,stamina,stamina_start,team_exp,unit_exp,love,limit_time,daily_limit,clear_reward_group,rank_reward_group,drop_reward_type,drop_reward_id,drop_reward_num,drop_reward_odds,background_1,wave_bgm_sheet_id_1,wave_bgm_que_id_1,story_id_wavestart_1,story_id_waveend_1,background_2,wave_bgm_sheet_id_2,wave_bgm_que_id_2,story_id_wavestart_2,story_id_waveend_2,background_3,wave_bgm_sheet_id_3,wave_bgm_que_id_3,story_id_wavestart_3,story_id_waveend_3,quest_detail_bg_id,quest_detail_bg_position,start_time,end_time) VALUES(10001108,10001,10001101,8,'タルグム地方 1-8',-100,-10,100040,9,1,9,135,9,90,0,610001108,610001121,0,0,0,0,100041,'bgm_M41','bgm_M41',0,0,100042,'bgm_M41','bgm_M41',0,0,100043,'bgm_M41','bgm_M41',0,0,100041,0,'2018/03/31 15:00:00','2018/04/24 14:59:59');
INSERT INTO hatsune_quest(quest_id,event_id,area_id,quest_seq,quest_name,position_x,position_y,icon_id,stamina,stamina_start,team_exp,unit_exp,love,limit_time,daily_limit,clear_reward_group,rank_reward_group,drop_reward_type,drop_reward_id,drop_reward_num,drop_reward_odds,background_1,wave_bgm_sheet_id_1,wave_bgm_que_id_1,story_id_wavestart_1,story_id_waveend_1,background_2,wave_bgm_sheet_id_2,wave_bgm_que_id_2,story_id_wavestart_2,story_id_waveend_2,background_3,wave_bgm_sheet_id_3,wave_bgm_que_id_3,story_id_wavestart_3,story_id_waveend_3,quest_detail_bg_id,quest_detail_bg_position,start_time,end_time) VALUES(10001109,10001,10001101,9,'タルグム地方 1-9',30,30,100020,9,1,9,135,9,90,0,610001109,610001121,0,0,0,0,100014,'bgm_M41','bgm_M41',0,0,100015,'bgm_M41','bgm_M41',0,0,100016,'bgm_M41','bgm_M41',0,0,100014,0,'2018/03/31 15:00:00','2018/04/24 14:59:59');
INSERT INTO hatsune_quest(quest_id,event_id,area_id,quest_seq,quest_name,position_x,position_y,icon_id,stamina,stamina_start,team_exp,unit_exp,love,limit_time,daily_limit,clear_reward_group,rank_reward_group,drop_reward_type,drop_reward_id,drop_reward_num,drop_reward_odds,background_1,wave_bgm_sheet_id_1,wave_bgm_que_id_1,story_id_wavestart_1,story_id_waveend_1,background_2,wave_bgm_sheet_id_2,wave_bgm_que_id_2,story_id_wavestart_2,story_id_waveend_2,background_3,wave_bgm_sheet_id_3,wave_bgm_que_id_3,story_id_wavestart_3,story_id_waveend_3,quest_detail_bg_id,quest_detail_bg_position,start_time,end_time) VALUES(10001110,10001,10001101,10,'タルグム地方 1-10',140,-80,100030,9,1,9,135,9,90,0,610001110,610001121,0,0,0,0,100091,'bgm_M41','bgm_M41',0,0,100092,'bgm_M41','bgm_M41',0,0,100093,'bgm_M41','bgm_M41',0,0,100091,0,'2018/03/31 15:00:00','2018/04/24 14:59:59');
INSERT INTO hatsune_quest(quest_id,event_id,area_id,quest_seq,quest_name,position_x,position_y,icon_id,stamina,stamina_start,team_exp,unit_exp,love,limit_time,daily_limit,clear_reward_group,rank_reward_group,drop_reward_type,drop_reward_id,drop_reward_num,drop_reward_odds,background_1,wave_bgm_sheet_id_1,wave_bgm_que_id_1,story_id_wavestart_1,story_id_waveend_1,background_2,wave_bgm_sheet_id_2,wave_bgm_que_id_2,story_id_wavestart_2,story_id_waveend_2,background_3,wave_bgm_sheet_id_3,wave_bgm_que_id_3,story_id_wavestart_3,story_id_waveend_3,quest_detail_bg_id,quest_detail_bg_position,start_time,end_time) VALUES(10001111,10001,10001101,11,'タルグム地方 1-11',260,-20,100070,10,1,10,150,10,90,0,610001111,610001121,0,0,0,0,100101,'bgm_M41','bgm_M41',0,0,100102,'bgm_M41','bgm_M41',0,0,100103,'bgm_M41','bgm_M41',0,0,100101,0,'2018/03/31 15:00:00','2018/04/24 14:59:59');
INSERT INTO hatsune_quest(quest_id,event_id,area_id,quest_seq,quest_name,position_x,position_y,icon_id,stamina,stamina_start,team_exp,unit_exp,love,limit_time,daily_limit,clear_reward_group,rank_reward_group,drop_reward_type,drop_reward_id,drop_reward_num,drop_reward_odds,background_1,wave_bgm_sheet_id_1,wave_bgm_que_id_1,story_id_wavestart_1,story_id_waveend_1,background_2,wave_bgm_sheet_id_2,wave_bgm_que_id_2,story_id_wavestart_2,story_id_waveend_2,background_3,wave_bgm_sheet_id_3,wave_bgm_que_id_3,story_id_wavestart_3,story_id_waveend_3,quest_detail_bg_id,quest_detail_bg_position,start_time,end_time) VALUES(10001112,10001,10001101,12,'タルグム地方 1-12',380,-130,100010,10,1,10,150,10,90,0,610001112,610001121,0,0,0,0,100061,'bgm_M41','bgm_M41',0,0,100062,'bgm_M41','bgm_M41',0,0,100063,'bgm_M41','bgm_M41',0,0,100061,0,'2018/03/31 15:00:00','2018/04/24 14:59:59');
INSERT INTO hatsune_quest(quest_id,event_id,area_id,quest_seq,quest_name,position_x,position_y,icon_id,stamina,stamina_start,team_exp,unit_exp,love,limit_time,daily_limit,clear_reward_group,rank_reward_group,drop_reward_type,drop_reward_id,drop_reward_num,drop_reward_odds,background_1,wave_bgm_sheet_id_1,wave_bgm_que_id_1,story_id_wavestart_1,story_id_waveend_1,background_2,wave_bgm_sheet_id_2,wave_bgm_que_id_2,story_id_wavestart_2,story_id_waveend_2,background_3,wave_bgm_sheet_id_3,wave_bgm_que_id_3,story_id_wavestart_3,story_id_waveend_3,quest_detail_bg_id,quest_detail_bg_position,start_time,end_time) VALUES(10001113,10001,10001101,13,'タルグム地方 1-13',470,20,100040,10,1,10,150,10,90,0,610001113,610001121,0,0,0,0,100041,'bgm_M41','bgm_M41',0,0,100042,'bgm_M41','bgm_M41',0,0,100043,'bgm_M41','bgm_M41',0,0,100041,0,'2018/03/31 15:00:00','2018/04/24 14:59:59');
INSERT INTO hatsune_quest(quest_id,event_id,area_id,quest_seq,quest_name,position_x,position_y,icon_id,stamina,stamina_start,team_exp,unit_exp,love,limit_time,daily_limit,clear_reward_group,rank_reward_group,drop_reward_type,drop_reward_id,drop_reward_num,drop_reward_odds,background_1,wave_bgm_sheet_id_1,wave_bgm_que_id_1,story_id_wavestart_1,story_id_waveend_1,background_2,wave_bgm_sheet_id_2,wave_bgm_que_id_2,story_id_wavestart_2,story_id_waveend_2,background_3,wave_bgm_sheet_id_3,wave_bgm_que_id_3,story_id_wavestart_3,story_id_waveend_3,quest_detail_bg_id,quest_detail_bg_position,start_time,end_time) VALUES(10001114,10001,10001101,14,'タルグム地方 1-14',570,-120,100030,10,1,10,150,10,90,0,610001114,610001121,0,0,0,0,100091,'bgm_M41','bgm_M41',0,0,100092,'bgm_M41','bgm_M41',0,0,100093,'bgm_M41','bgm_M41',0,0,100091,0,'2018/03/31 15:00:00','2018/04/24 14:59:59');
INSERT INTO hatsune_quest(quest_id,event_id,area_id,quest_seq,quest_name,position_x,position_y,icon_id,stamina,stamina_start,team_exp,unit_exp,love,limit_time,daily_limit,clear_reward_group,rank_reward_group,drop_reward_type,drop_reward_id,drop_reward_num,drop_reward_odds,background_1,wave_bgm_sheet_id_1,wave_bgm_que_id_1,story_id_wavestart_1,story_id_waveend_1,background_2,wave_bgm_sheet_id_2,wave_bgm_que_id_2,story_id_wavestart_2,story_id_waveend_2,background_3,wave_bgm_sheet_id_3,wave_bgm_que_id_3,story_id_wavestart_3,story_id_waveend_3,quest_detail_bg_id,quest_detail_bg_position,start_time,end_time) VALUES(10001115,10001,10001101,15,'タルグム地方 1-15',680,-10,100030,10,1,10,150,10,90,0,610001115,610001123,0,0,0,0,100091,'bgm_M41','bgm_M41',0,0,100092,'bgm_M41','bgm_M41',0,0,100093,'bgm_M41','bgm_M41',0,0,100091,0,'2018/03/31 15:00:00','2018/04/24 14:59:59');
INSERT INTO hatsune_quest(quest_id,event_id,area_id,quest_seq,quest_name,position_x,position_y,icon_id,stamina,stamina_start,team_exp,unit_exp,love,limit_time,daily_limit,clear_reward_group,rank_reward_group,drop_reward_type,drop_reward_id,drop_reward_num,drop_reward_odds,background_1,wave_bgm_sheet_id_1,wave_bgm_que_id_1,story_id_wavestart_1,story_id_waveend_1,background_2,wave_bgm_sheet_id_2,wave_bgm_que_id_2,story_id_wavestart_2,story_id_waveend_2,background_3,wave_bgm_sheet_id_3,wave_bgm_que_id_3,story_id_wavestart_3,story_id_waveend_3,quest_detail_bg_id,quest_detail_bg_position,start_time,end_time) VALUES(10001201,10001,10001201,16,'タルグム地方 1-1',-450,-40,100020,16,2,16,240,16,90,3,610001116,610001121,2,31012,1,28,100367,'bgm_M41','bgm_M41',0,0,100368,'bgm_M41','bgm_M41',0,0,100369,'bgm_M41','bgm_M41',0,0,100367,0,'2018/03/31 15:00:00','2018/04/24 14:59:59');
INSERT INTO hatsune_quest(quest_id,event_id,area_id,quest_seq,quest_name,position_x,position_y,icon_id,stamina,stamina_start,team_exp,unit_exp,love,limit_time,daily_limit,clear_reward_group,rank_reward_group,drop_reward_type,drop_reward_id,drop_reward_num,drop_reward_odds,background_1,wave_bgm_sheet_id_1,wave_bgm_que_id_1,story_id_wavestart_1,story_id_waveend_1,background_2,wave_bgm_sheet_id_2,wave_bgm_que_id_2,story_id_wavestart_2,story_id_waveend_2,background_3,wave_bgm_sheet_id_3,wave_bgm_que_id_3,story_id_wavestart_3,story_id_waveend_3,quest_detail_bg_id,quest_detail_bg_position,start_time,end_time) VALUES(10001202,10001,10001201,17,'タルグム地方 1-2',-250,-120,100060,16,2,16,240,16,90,3,610001117,610001121,2,31038,1,28,100771,'bgm_M41','bgm_M41',0,0,100772,'bgm_M41','bgm_M41',0,0,100773,'bgm_M41','bgm_M41',0,0,100771,0,'2018/03/31 15:00:00','2018/04/24 14:59:59');
INSERT INTO hatsune_quest(quest_id,event_id,area_id,quest_seq,quest_name,position_x,position_y,icon_id,stamina,stamina_start,team_exp,unit_exp,love,limit_time,daily_limit,clear_reward_group,rank_reward_group,drop_reward_type,drop_reward_id,drop_reward_num,drop_reward_odds,background_1,wave_bgm_sheet_id_1,wave_bgm_que_id_1,story_id_wavestart_1,story_id_waveend_1,background_2,wave_bgm_sheet_id_2,wave_bgm_que_id_2,story_id_wavestart_2,story_id_waveend_2,background_3,wave_bgm_sheet_id_3,wave_bgm_que_id_3,story_id_wavestart_3,story_id_waveend_3,quest_detail_bg_id,quest_detail_bg_position,start_time,end_time) VALUES(10001203,10001,10001201,18,'タルグム地方 1-3',-50,-20,100090,18,2,18,270,18,90,3,610001118,610001121,2,31012,1,29,100451,'bgm_M41','bgm_M41',0,0,100452,'bgm_M41','bgm_M41',0,0,100453,'bgm_M41','bgm_M41',0,0,100451,0,'2018/03/31 15:00:00','2018/04/24 14:59:59');
INSERT INTO hatsune_quest(quest_id,event_id,area_id,quest_seq,quest_name,position_x,position_y,icon_id,stamina,stamina_start,team_exp,unit_exp,love,limit_time,daily_limit,clear_reward_group,rank_reward_group,drop_reward_type,drop_reward_id,drop_reward_num,drop_reward_odds,background_1,wave_bgm_sheet_id_1,wave_bgm_que_id_1,story_id_wavestart_1,story_id_waveend_1,background_2,wave_bgm_sheet_id_2,wave_bgm_que_id_2,story_id_wavestart_2,story_id_waveend_2,background_3,wave_bgm_sheet_id_3,wave_bgm_que_id_3,story_id_wavestart_3,story_id_waveend_3,quest_detail_bg_id,quest_detail_bg_position,start_time,end_time) VALUES(10001204,10001,10001201,19,'タルグム地方 1-4',170,70,100070,18,2,18,270,18,90,3,610001119,610001121,2,31038,1,29,100731,'bgm_M41','bgm_M41',0,0,100732,'bgm_M41','bgm_M41',0,0,100733,'bgm_M41','bgm_M41',0,0,100731,0,'2018/03/31 15:00:00','2018/04/24 14:59:59');
INSERT INTO hatsune_quest(quest_id,event_id,area_id,quest_seq,quest_name,position_x,position_y,icon_id,stamina,stamina_start,team_exp,unit_exp,love,limit_time,daily_limit,clear_reward_group,rank_reward_group,drop_reward_type,drop_reward_id,drop_reward_num,drop_reward_odds,background_1,wave_bgm_sheet_id_1,wave_bgm_que_id_1,story_id_wavestart_1,story_id_waveend_1,background_2,wave_bgm_sheet_id_2,wave_bgm_que_id_2,story_id_wavestart_2,story_id_waveend_2,background_3,wave_bgm_sheet_id_3,wave_bgm_que_id_3,story_id_wavestart_3,story_id_waveend_3,quest_detail_bg_id,quest_detail_bg_position,start_time,end_time) VALUES(10001205,10001,10001201,20,'タルグム地方 1-5',330,-120,100030,20,2,20,300,20,90,3,610001120,610001121,2,31012,1,30,100381,'bgm_M41','bgm_M41',0,0,100382,'bgm_M41','bgm_M41',0,0,100383,'bgm_M41','bgm_M41',0,0,100381,0,'2018/03/31 15:00:00','2018/04/24 14:59:59');
INSERT INTO hatsune_quest(quest_id,event_id,area_id,quest_seq,quest_name,position_x,position_y,icon_id,stamina,stamina_start,team_exp,unit_exp,love,limit_time,daily_limit,clear_reward_group,rank_reward_group,drop_reward_type,drop_reward_id,drop_reward_num,drop_reward_odds,background_1,wave_bgm_sheet_id_1,wave_bgm_que_id_1,story_id_wavestart_1,story_id_waveend_1,background_2,wave_bgm_sheet_id_2,wave_bgm_que_id_2,story_id_wavestart_2,story_id_waveend_2,background_3,wave_bgm_sheet_id_3,wave_bgm_que_id_3,story_id_wavestart_3,story_id_waveend_3,quest_detail_bg_id,quest_detail_bg_position,start_time,end_time) VALUES(10002101,10002,10002101,1,'マシーナ地方 1-1',-820,-120,100010,8,1,8,120,8,90,0,610002101,610002121,0,0,0,0,100061,'bgm_M41','bgm_M41',0,0,100062,'bgm_M41','bgm_M41',0,0,100063,'bgm_M41','bgm_M41',0,0,100061,0,'2018/04/30 12:00:00','2018/05/25 14:59:59');
INSERT INTO hatsune_quest(quest_id,event_id,area_id,quest_seq,quest_name,position_x,position_y,icon_id,stamina,stamina_start,team_exp,unit_exp,love,limit_time,daily_limit,clear_reward_group,rank_reward_group,drop_reward_type,drop_reward_id,drop_reward_num,drop_reward_odds,background_1,wave_bgm_sheet_id_1,wave_bgm_que_id_1,story_id_wavestart_1,story_id_waveend_1,background_2,wave_bgm_sheet_id_2,wave_bgm_que_id_2,story_id_wavestart_2,story_id_waveend_2,background_3,wave_bgm_sheet_id_3,wave_bgm_que_id_3,story_id_wavestart_3,story_id_waveend_3,quest_detail_bg_id,quest_detail_bg_position,start_time,end_time) VALUES(10002102,10002,10002101,2,'マシーナ地方 1-2',-710,20,100020,8,1,8,120,8,90,0,610002102,610002121,0,0,0,0,100014,'bgm_M41','bgm_M41',0,0,100015,'bgm_M41','bgm_M41',0,0,100016,'bgm_M41','bgm_M41',0,0,100014,0,'2018/04/30 12:00:00','2018/05/25 14:59:59');
INSERT INTO hatsune_quest(quest_id,event_id,area_id,quest_seq,quest_name,position_x,position_y,icon_id,stamina,stamina_start,team_exp,unit_exp,love,limit_time,daily_limit,clear_reward_group,rank_reward_group,drop_reward_type,drop_reward_id,drop_reward_num,drop_reward_odds,background_1,wave_bgm_sheet_id_1,wave_bgm_que_id_1,story_id_wavestart_1,story_id_waveend_1,background_2,wave_bgm_sheet_id_2,wave_bgm_que_id_2,story_id_wavestart_2,story_id_waveend_2,background_3,wave_bgm_sheet_id_3,wave_bgm_que_id_3,story_id_wavestart_3,story_id_waveend_3,quest_detail_bg_id,quest_detail_bg_position,start_time,end_time) VALUES(10002103,10002,10002101,3,'マシーナ地方 1-3',-580,-120,100010,8,1,8,120,8,90,0,610002103,610002121,0,0,0,0,100061,'bgm_M41','bgm_M41',0,0,100062,'bgm_M41','bgm_M41',0,0,100063,'bgm_M41','bgm_M41',0,0,100061,0,'2018/04/30 12:00:00','2018/05/25 14:59:59');
INSERT INTO hatsune_quest(quest_id,event_id,area_id,quest_seq,quest_name,position_x,position_y,icon_id,stamina,stamina_start,team_exp,unit_exp,love,limit_time,daily_limit,clear_reward_group,rank_reward_group,drop_reward_type,drop_reward_id,drop_reward_num,drop_reward_odds,background_1,wave_bgm_sheet_id_1,wave_bgm_que_id_1,story_id_wavestart_1,story_id_waveend_1,background_2,wave_bgm_sheet_id_2,wave_bgm_que_id_2,story_id_wavestart_2,story_id_waveend_2,background_3,wave_bgm_sheet_id_3,wave_bgm_que_id_3,story_id_wavestart_3,story_id_waveend_3,quest_detail_bg_id,quest_detail_bg_position,start_time,end_time) VALUES(10002104,10002,10002101,4,'マシーナ地方 1-4',-510,50,100020,8,1,8,120,8,90,0,610002104,610002121,0,0,0,0,100014,'bgm_M41','bgm_M41',0,0,100015,'bgm_M41','bgm_M41',0,0,100016,'bgm_M41','bgm_M41',0,0,100014,0,'2018/04/30 12:00:00','2018/05/25 14:59:59');
INSERT INTO hatsune_quest(quest_id,event_id,area_id,quest_seq,quest_name,position_x,position_y,icon_id,stamina,stamina_start,team_exp,unit_exp,love,limit_time,daily_limit,clear_reward_group,rank_reward_group,drop_reward_type,drop_reward_id,drop_reward_num,drop_reward_odds,background_1,wave_bgm_sheet_id_1,wave_bgm_que_id_1,story_id_wavestart_1,story_id_waveend_1,background_2,wave_bgm_sheet_id_2,wave_bgm_que_id_2,story_id_wavestart_2,story_id_waveend_2,background_3,wave_bgm_sheet_id_3,wave_bgm_que_id_3,story_id_wavestart_3,story_id_waveend_3,quest_detail_bg_id,quest_detail_bg_position,start_time,end_time) VALUES(10002105,10002,10002101,5,'マシーナ地方 1-5',-430,-60,100040,8,1,8,120,8,90,0,610002105,610002121,0,0,0,0,100041,'bgm_M41','bgm_M41',0,0,100042,'bgm_M41','bgm_M41',0,0,100043,'bgm_M41','bgm_M41',0,0,100041,0,'2018/04/30 12:00:00','2018/05/25 14:59:59');
INSERT INTO hatsune_quest(quest_id,event_id,area_id,quest_seq,quest_name,position_x,position_y,icon_id,stamina,stamina_start,team_exp,unit_exp,love,limit_time,daily_limit,clear_reward_group,rank_reward_group,drop_reward_type,drop_reward_id,drop_reward_num,drop_reward_odds,background_1,wave_bgm_sheet_id_1,wave_bgm_que_id_1,story_id_wavestart_1,story_id_waveend_1,background_2,wave_bgm_sheet_id_2,wave_bgm_que_id_2,story_id_wavestart_2,story_id_waveend_2,background_3,wave_bgm_sheet_id_3,wave_bgm_que_id_3,story_id_wavestart_3,story_id_waveend_3,quest_detail_bg_id,quest_detail_bg_position,start_time,end_time) VALUES(10002106,10002,10002101,6,'マシーナ地方 1-6',-340,-150,100050,9,1,9,135,9,90,0,610002106,610002121,0,0,0,0,100021,'bgm_M41','bgm_M41',0,0,100022,'bgm_M41','bgm_M41',0,0,100023,'bgm_M41','bgm_M41',0,0,100021,0,'2018/04/30 12:00:00','2018/05/25 14:59:59');
INSERT INTO hatsune_quest(quest_id,event_id,area_id,quest_seq,quest_name,position_x,position_y,icon_id,stamina,stamina_start,team_exp,unit_exp,love,limit_time,daily_limit,clear_reward_group,rank_reward_group,drop_reward_type,drop_reward_id,drop_reward_num,drop_reward_odds,background_1,wave_bgm_sheet_id_1,wave_bgm_que_id_1,story_id_wavestart_1,story_id_waveend_1,background_2,wave_bgm_sheet_id_2,wave_bgm_que_id_2,story_id_wavestart_2,story_id_waveend_2,background_3,wave_bgm_sheet_id_3,wave_bgm_que_id_3,story_id_wavestart_3,story_id_waveend_3,quest_detail_bg_id,quest_detail_bg_position,start_time,end_time) VALUES(10002107,10002,10002101,7,'マシーナ地方 1-7',-215,-80,100110,9,1,9,135,9,90,0,610002107,610002122,0,0,0,0,100201,'bgm_M41','bgm_M41',0,0,100202,'bgm_M41','bgm_M41',0,0,100203,'bgm_M41','bgm_M41',0,0,100201,0,'2018/04/30 12:00:00','2018/05/25 14:59:59');
INSERT INTO hatsune_quest(quest_id,event_id,area_id,quest_seq,quest_name,position_x,position_y,icon_id,stamina,stamina_start,team_exp,unit_exp,love,limit_time,daily_limit,clear_reward_group,rank_reward_group,drop_reward_type,drop_reward_id,drop_reward_num,drop_reward_odds,background_1,wave_bgm_sheet_id_1,wave_bgm_que_id_1,story_id_wavestart_1,story_id_waveend_1,background_2,wave_bgm_sheet_id_2,wave_bgm_que_id_2,story_id_wavestart_2,story_id_waveend_2,background_3,wave_bgm_sheet_id_3,wave_bgm_que_id_3,story_id_wavestart_3,story_id_waveend_3,quest_detail_bg_id,quest_detail_bg_position,start_time,end_time) VALUES(10002108,10002,10002101,8,'マシーナ地方 1-8',-75,-110,100110,9,1,9,135,9,90,0,610002108,610002121,0,0,0,0,100201,'bgm_M41','bgm_M41',0,0,100202,'bgm_M41','bgm_M41',0,0,100203,'bgm_M41','bgm_M41',0,0,100201,0,'2018/04/30 12:00:00','2018/05/25 14:59:59');
INSERT INTO hatsune_quest(quest_id,event_id,area_id,quest_seq,quest_name,position_x,position_y,icon_id,stamina,stamina_start,team_exp,unit_exp,love,limit_time,daily_limit,clear_reward_group,rank_reward_group,drop_reward_type,drop_reward_id,drop_reward_num,drop_reward_odds,background_1,wave_bgm_sheet_id_1,wave_bgm_que_id_1,story_id_wavestart_1,story_id_waveend_1,background_2,wave_bgm_sheet_id_2,wave_bgm_que_id_2,story_id_wavestart_2,story_id_waveend_2,background_3,wave_bgm_sheet_id_3,wave_bgm_que_id_3,story_id_wavestart_3,story_id_waveend_3,quest_detail_bg_id,quest_detail_bg_position,start_time,end_time) VALUES(10002109,10002,10002101,9,'マシーナ地方 1-9',45,-50,100110,9,1,9,135,9,90,0,610002109,610002121,0,0,0,0,100201,'bgm_M41','bgm_M41',0,0,100202,'bgm_M41','bgm_M41',0,0,100203,'bgm_M41','bgm_M41',0,0,100201,0,'2018/04/30 12:00:00','2018/05/25 14:59:59');
INSERT INTO hatsune_quest(quest_id,event_id,area_id,quest_seq,quest_name,position_x,position_y,icon_id,stamina,stamina_start,team_exp,unit_exp,love,limit_time,daily_limit,clear_reward_group,rank_reward_group,drop_reward_type,drop_reward_id,drop_reward_num,drop_reward_odds,background_1,wave_bgm_sheet_id_1,wave_bgm_que_id_1,story_id_wavestart_1,story_id_waveend_1,background_2,wave_bgm_sheet_id_2,wave_bgm_que_id_2,story_id_wavestart_2,story_id_waveend_2,background_3,wave_bgm_sheet_id_3,wave_bgm_que_id_3,story_id_wavestart_3,story_id_waveend_3,quest_detail_bg_id,quest_detail_bg_position,start_time,end_time) VALUES(10002110,10002,10002101,10,'マシーナ地方 1-10',150,40,100010,9,1,9,135,9,90,0,610002110,610002121,0,0,0,0,100061,'bgm_M41','bgm_M41',0,0,100062,'bgm_M41','bgm_M41',0,0,100063,'bgm_M41','bgm_M41',0,0,100061,0,'2018/04/30 12:00:00','2018/05/25 14:59:59');
INSERT INTO hatsune_quest(quest_id,event_id,area_id,quest_seq,quest_name,position_x,position_y,icon_id,stamina,stamina_start,team_exp,unit_exp,love,limit_time,daily_limit,clear_reward_group,rank_reward_group,drop_reward_type,drop_reward_id,drop_reward_num,drop_reward_odds,background_1,wave_bgm_sheet_id_1,wave_bgm_que_id_1,story_id_wavestart_1,story_id_waveend_1,background_2,wave_bgm_sheet_id_2,wave_bgm_que_id_2,story_id_wavestart_2,story_id_waveend_2,background_3,wave_bgm_sheet_id_3,wave_bgm_que_id_3,story_id_wavestart_3,story_id_waveend_3,quest_detail_bg_id,quest_detail_bg_position,start_time,end_time) VALUES(10002111,10002,10002101,11,'マシーナ地方 1-11',260,-70,100070,10,1,10,150,10,90,0,610002111,610002121,0,0,0,0,100171,'bgm_M41','bgm_M41',0,0,100172,'bgm_M41','bgm_M41',0,0,100173,'bgm_M41','bgm_M41',0,0,100171,0,'2018/04/30 12:00:00','2018/05/25 14:59:59');
INSERT INTO hatsune_quest(quest_id,event_id,area_id,quest_seq,quest_name,position_x,position_y,icon_id,stamina,stamina_start,team_exp,unit_exp,love,limit_time,daily_limit,clear_reward_group,rank_reward_group,drop_reward_type,drop_reward_id,drop_reward_num,drop_reward_odds,background_1,wave_bgm_sheet_id_1,wave_bgm_que_id_1,story_id_wavestart_1,story_id_waveend_1,background_2,wave_bgm_sheet_id_2,wave_bgm_que_id_2,story_id_wavestart_2,story_id_waveend_2,background_3,wave_bgm_sheet_id_3,wave_bgm_que_id_3,story_id_wavestart_3,story_id_waveend_3,quest_detail_bg_id,quest_detail_bg_position,start_time,end_time) VALUES(10002112,10002,10002101,12,'マシーナ地方 1-12',380,30,100120,10,1,10,150,10,90,0,610002112,610002121,0,0,0,0,100151,'bgm_M41','bgm_M41',0,0,100152,'bgm_M41','bgm_M41',0,0,100153,'bgm_M41','bgm_M41',0,0,100151,0,'2018/04/30 12:00:00','2018/05/25 14:59:59');
INSERT INTO hatsune_quest(quest_id,event_id,area_id,quest_seq,quest_name,position_x,position_y,icon_id,stamina,stamina_start,team_exp,unit_exp,love,limit_time,daily_limit,clear_reward_group,rank_reward_group,drop_reward_type,drop_reward_id,drop_reward_num,drop_reward_odds,background_1,wave_bgm_sheet_id_1,wave_bgm_que_id_1,story_id_wavestart_1,story_id_waveend_1,background_2,wave_bgm_sheet_id_2,wave_bgm_que_id_2,story_id_wavestart_2,story_id_waveend_2,background_3,wave_bgm_sheet_id_3,wave_bgm_que_id_3,story_id_wavestart_3,story_id_waveend_3,quest_detail_bg_id,quest_detail_bg_position,start_time,end_time) VALUES(10002113,10002,10002101,13,'マシーナ地方 1-13',470,-100,100080,10,1,10,150,10,90,0,610002113,610002121,0,0,0,0,101141,'bgm_M41','bgm_M41',0,0,101142,'bgm_M41','bgm_M41',0,0,101143,'bgm_M41','bgm_M41',0,0,101141,0,'2018/04/30 12:00:00','2018/05/25 14:59:59');
INSERT INTO hatsune_quest(quest_id,event_id,area_id,quest_seq,quest_name,position_x,position_y,icon_id,stamina,stamina_start,team_exp,unit_exp,love,limit_time,daily_limit,clear_reward_group,rank_reward_group,drop_reward_type,drop_reward_id,drop_reward_num,drop_reward_odds,background_1,wave_bgm_sheet_id_1,wave_bgm_que_id_1,story_id_wavestart_1,story_id_waveend_1,background_2,wave_bgm_sheet_id_2,wave_bgm_que_id_2,story_id_wavestart_2,story_id_waveend_2,background_3,wave_bgm_sheet_id_3,wave_bgm_que_id_3,story_id_wavestart_3,story_id_waveend_3,quest_detail_bg_id,quest_detail_bg_position,start_time,end_time) VALUES(10002114,10002,10002101,14,'マシーナ地方 1-14',570,40,100080,10,1,10,150,10,90,0,610002114,610002121,0,0,0,0,101141,'bgm_M41','bgm_M41',0,0,101142,'bgm_M41','bgm_M41',0,0,101143,'bgm_M41','bgm_M41',0,0,101141,0,'2018/04/30 12:00:00','2018/05/25 14:59:59');
INSERT INTO hatsune_quest(quest_id,event_id,area_id,quest_seq,quest_name,position_x,position_y,icon_id,stamina,stamina_start,team_exp,unit_exp,love,limit_time,daily_limit,clear_reward_group,rank_reward_group,drop_reward_type,drop_reward_id,drop_reward_num,drop_reward_odds,background_1,wave_bgm_sheet_id_1,wave_bgm_que_id_1,story_id_wavestart_1,story_id_waveend_1,background_2,wave_bgm_sheet_id_2,wave_bgm_que_id_2,story_id_wavestart_2,story_id_waveend_2,background_3,wave_bgm_sheet_id_3,wave_bgm_que_id_3,story_id_wavestart_3,story_id_waveend_3,quest_detail_bg_id,quest_detail_bg_position,start_time,end_time) VALUES(10002115,10002,10002101,15,'マシーナ地方 1-15',680,-70,100080,10,1,10,150,10,90,0,610002115,610002123,0,0,0,0,101141,'bgm_M41','bgm_M41',0,0,101142,'bgm_M41','bgm_M41',0,0,101143,'bgm_M41','bgm_M41',0,0,101141,0,'2018/04/30 12:00:00','2018/05/25 14:59:59');
INSERT INTO hatsune_quest(quest_id,event_id,area_id,quest_seq,quest_name,position_x,position_y,icon_id,stamina,stamina_start,team_exp,unit_exp,love,limit_time,daily_limit,clear_reward_group,rank_reward_group,drop_reward_type,drop_reward_id,drop_reward_num,drop_reward_odds,background_1,wave_bgm_sheet_id_1,wave_bgm_que_id_1,story_id_wavestart_1,story_id_waveend_1,background_2,wave_bgm_sheet_id_2,wave_bgm_que_id_2,story_id_wavestart_2,story_id_waveend_2,background_3,wave_bgm_sheet_id_3,wave_bgm_que_id_3,story_id_wavestart_3,story_id_waveend_3,quest_detail_bg_id,quest_detail_bg_position,start_time,end_time) VALUES(10002201,10002,10002201,16,'マシーナ地方 1-1',-450,-10,100110,16,2,16,240,16,90,3,610002116,610002121,2,31020,1,28,100471,'bgm_M41','bgm_M41',0,0,100472,'bgm_M41','bgm_M41',0,0,100473,'bgm_M41','bgm_M41',0,0,100471,0,'2018/04/30 12:00:00','2018/05/25 14:59:59');
INSERT INTO hatsune_quest(quest_id,event_id,area_id,quest_seq,quest_name,position_x,position_y,icon_id,stamina,stamina_start,team_exp,unit_exp,love,limit_time,daily_limit,clear_reward_group,rank_reward_group,drop_reward_type,drop_reward_id,drop_reward_num,drop_reward_odds,background_1,wave_bgm_sheet_id_1,wave_bgm_que_id_1,story_id_wavestart_1,story_id_waveend_1,background_2,wave_bgm_sheet_id_2,wave_bgm_que_id_2,story_id_wavestart_2,story_id_waveend_2,background_3,wave_bgm_sheet_id_3,wave_bgm_que_id_3,story_id_wavestart_3,story_id_waveend_3,quest_detail_bg_id,quest_detail_bg_position,start_time,end_time) VALUES(10002202,10002,10002201,17,'マシーナ地方 1-2',-250,-100,100070,16,2,16,240,16,90,3,610002117,610002121,2,31004,1,28,100811,'bgm_M41','bgm_M41',0,0,100812,'bgm_M41','bgm_M41',0,0,100813,'bgm_M41','bgm_M41',0,0,100811,0,'2018/04/30 12:00:00','2018/05/25 14:59:59');
INSERT INTO hatsune_quest(quest_id,event_id,area_id,quest_seq,quest_name,position_x,position_y,icon_id,stamina,stamina_start,team_exp,unit_exp,love,limit_time,daily_limit,clear_reward_group,rank_reward_group,drop_reward_type,drop_reward_id,drop_reward_num,drop_reward_odds,background_1,wave_bgm_sheet_id_1,wave_bgm_que_id_1,story_id_wavestart_1,story_id_waveend_1,background_2,wave_bgm_sheet_id_2,wave_bgm_que_id_2,story_id_wavestart_2,story_id_waveend_2,background_3,wave_bgm_sheet_id_3,wave_bgm_que_id_3,story_id_wavestart_3,story_id_waveend_3,quest_detail_bg_id,quest_detail_bg_position,start_time,end_time) VALUES(10002203,10002,10002201,18,'マシーナ地方 1-3',-50,20,100120,18,2,18,270,18,90,3,610002118,610002121,2,31020,1,29,100791,'bgm_M41','bgm_M41',0,0,100792,'bgm_M41','bgm_M41',0,0,100793,'bgm_M41','bgm_M41',0,0,100791,0,'2018/04/30 12:00:00','2018/05/25 14:59:59');
INSERT INTO hatsune_quest(quest_id,event_id,area_id,quest_seq,quest_name,position_x,position_y,icon_id,stamina,stamina_start,team_exp,unit_exp,love,limit_time,daily_limit,clear_reward_group,rank_reward_group,drop_reward_type,drop_reward_id,drop_reward_num,drop_reward_odds,background_1,wave_bgm_sheet_id_1,wave_bgm_que_id_1,story_id_wavestart_1,story_id_waveend_1,background_2,wave_bgm_sheet_id_2,wave_bgm_que_id_2,story_id_wavestart_2,story_id_waveend_2,background_3,wave_bgm_sheet_id_3,wave_bgm_que_id_3,story_id_wavestart_3,story_id_waveend_3,quest_detail_bg_id,quest_detail_bg_position,start_time,end_time) VALUES(10002204,10002,10002201,19,'マシーナ地方 1-4',120,-110,100080,18,2,18,270,18,90,3,610002119,610002121,2,31004,1,29,101151,'bgm_M41','bgm_M41',0,0,101152,'bgm_M41','bgm_M41',0,0,101153,'bgm_M41','bgm_M41',0,0,101151,0,'2018/04/30 12:00:00','2018/05/25 14:59:59');
INSERT INTO hatsune_quest(quest_id,event_id,area_id,quest_seq,quest_name,position_x,position_y,icon_id,stamina,stamina_start,team_exp,unit_exp,love,limit_time,daily_limit,clear_reward_group,rank_reward_group,drop_reward_type,drop_reward_id,drop_reward_num,drop_reward_odds,background_1,wave_bgm_sheet_id_1,wave_bgm_que_id_1,story_id_wavestart_1,story_id_waveend_1,background_2,wave_bgm_sheet_id_2,wave_bgm_que_id_2,story_id_wavestart_2,story_id_waveend_2,background_3,wave_bgm_sheet_id_3,wave_bgm_que_id_3,story_id_wavestart_3,story_id_waveend_3,quest_detail_bg_id,quest_detail_bg_position,start_time,end_time) VALUES(10002205,10002,10002201,20,'マシーナ地方 1-5',290,-10,100080,20,2,20,300,20,90,3,610002120,610002121,2,31020,1,30,101151,'bgm_M41','bgm_M41',0,0,101152,'bgm_M41','bgm_M41',0,0,101153,'bgm_M41','bgm_M41',0,0,101151,0,'2018/04/30 12:00:00','2018/05/25 14:59:59');
INSERT INTO hatsune_quest(quest_id,event_id,area_id,quest_seq,quest_name,position_x,position_y,icon_id,stamina,stamina_start,team_exp,unit_exp,love,limit_time,daily_limit,clear_reward_group,rank_reward_group,drop_reward_type,drop_reward_id,drop_reward_num,drop_reward_odds,background_1,wave_bgm_sheet_id_1,wave_bgm_que_id_1,story_id_wavestart_1,story_id_waveend_1,background_2,wave_bgm_sheet_id_2,wave_bgm_que_id_2,story_id_wavestart_2,story_id_waveend_2,background_3,wave_bgm_sheet_id_3,wave_bgm_que_id_3,story_id_wavestart_3,story_id_waveend_3,quest_detail_bg_id,quest_detail_bg_position,start_time,end_time) VALUES(10003101,10003,10003101,1,'ランドソル郊外 1-1',-820,-90,100010,8,1,8,120,8,90,0,610003101,610003121,0,0,0,0,100064,'bgm_M41','bgm_M41',0,0,100065,'bgm_M41','bgm_M41',0,0,100066,'bgm_M41','bgm_M41',0,0,100064,0,'2018/05/31 12:00:00','2018/06/25 14:59:59');
INSERT INTO hatsune_quest(quest_id,event_id,area_id,quest_seq,quest_name,position_x,position_y,icon_id,stamina,stamina_start,team_exp,unit_exp,love,limit_time,daily_limit,clear_reward_group,rank_reward_group,drop_reward_type,drop_reward_id,drop_reward_num,drop_reward_odds,background_1,wave_bgm_sheet_id_1,wave_bgm_que_id_1,story_id_wavestart_1,story_id_waveend_1,background_2,wave_bgm_sheet_id_2,wave_bgm_que_id_2,story_id_wavestart_2,story_id_waveend_2,background_3,wave_bgm_sheet_id_3,wave_bgm_que_id_3,story_id_wavestart_3,story_id_waveend_3,quest_detail_bg_id,quest_detail_bg_position,start_time,end_time) VALUES(10003102,10003,10003101,2,'ランドソル郊外 1-2',-700,20,100020,8,1,8,120,8,90,0,610003102,610003121,0,0,0,0,100021,'bgm_M41','bgm_M41',0,0,100022,'bgm_M41','bgm_M41',0,0,100023,'bgm_M41','bgm_M41',0,0,100021,0,'2018/05/31 12:00:00','2018/06/25 14:59:59');
INSERT INTO hatsune_quest(quest_id,event_id,area_id,quest_seq,quest_name,position_x,position_y,icon_id,stamina,stamina_start,team_exp,unit_exp,love,limit_time,daily_limit,clear_reward_group,rank_reward_group,drop_reward_type,drop_reward_id,drop_reward_num,drop_reward_odds,background_1,wave_bgm_sheet_id_1,wave_bgm_que_id_1,story_id_wavestart_1,story_id_waveend_1,background_2,wave_bgm_sheet_id_2,wave_bgm_que_id_2,story_id_wavestart_2,story_id_waveend_2,background_3,wave_bgm_sheet_id_3,wave_bgm_que_id_3,story_id_wavestart_3,story_id_waveend_3,quest_detail_bg_id,quest_detail_bg_position,start_time,end_time) VALUES(10003103,10003,10003101,3,'ランドソル郊外 1-3',-600,-120,100010,8,1,8,120,8,90,0,610003103,610003121,0,0,0,0,100067,'bgm_M41','bgm_M41',0,0,100068,'bgm_M41','bgm_M41',0,0,100069,'bgm_M41','bgm_M41',0,0,100067,0,'2018/05/31 12:00:00','2018/06/25 14:59:59');
INSERT INTO hatsune_quest(quest_id,event_id,area_id,quest_seq,quest_name,position_x,position_y,icon_id,stamina,stamina_start,team_exp,unit_exp,love,limit_time,daily_limit,clear_reward_group,rank_reward_group,drop_reward_type,drop_reward_id,drop_reward_num,drop_reward_odds,background_1,wave_bgm_sheet_id_1,wave_bgm_que_id_1,story_id_wavestart_1,story_id_waveend_1,background_2,wave_bgm_sheet_id_2,wave_bgm_que_id_2,story_id_wavestart_2,story_id_waveend_2,background_3,wave_bgm_sheet_id_3,wave_bgm_que_id_3,story_id_wavestart_3,story_id_waveend_3,quest_detail_bg_id,quest_detail_bg_position,start_time,end_time) VALUES(10003104,10003,10003101,4,'ランドソル郊外 1-4',-500,40,100040,8,1,8,120,8,90,0,610003104,610003121,0,0,0,0,100125,'bgm_M41','bgm_M41',0,0,100126,'bgm_M41','bgm_M41',0,0,100127,'bgm_M41','bgm_M41',0,0,100125,0,'2018/05/31 12:00:00','2018/06/25 14:59:59');
INSERT INTO hatsune_quest(quest_id,event_id,area_id,quest_seq,quest_name,position_x,position_y,icon_id,stamina,stamina_start,team_exp,unit_exp,love,limit_time,daily_limit,clear_reward_group,rank_reward_group,drop_reward_type,drop_reward_id,drop_reward_num,drop_reward_odds,background_1,wave_bgm_sheet_id_1,wave_bgm_que_id_1,story_id_wavestart_1,story_id_waveend_1,background_2,wave_bgm_sheet_id_2,wave_bgm_que_id_2,story_id_wavestart_2,story_id_waveend_2,background_3,wave_bgm_sheet_id_3,wave_bgm_que_id_3,story_id_wavestart_3,story_id_waveend_3,quest_detail_bg_id,quest_detail_bg_position,start_time,end_time) VALUES(10003105,10003,10003101,5,'ランドソル郊外 1-5',-400,-70,100050,8,1,8,120,8,90,0,610003105,610003121,0,0,0,0,100081,'bgm_M41','bgm_M41',0,0,100082,'bgm_M41','bgm_M41',0,0,100083,'bgm_M41','bgm_M41',0,0,100081,0,'2018/05/31 12:00:00','2018/06/25 14:59:59');
INSERT INTO hatsune_quest(quest_id,event_id,area_id,quest_seq,quest_name,position_x,position_y,icon_id,stamina,stamina_start,team_exp,unit_exp,love,limit_time,daily_limit,clear_reward_group,rank_reward_group,drop_reward_type,drop_reward_id,drop_reward_num,drop_reward_odds,background_1,wave_bgm_sheet_id_1,wave_bgm_que_id_1,story_id_wavestart_1,story_id_waveend_1,background_2,wave_bgm_sheet_id_2,wave_bgm_que_id_2,story_id_wavestart_2,story_id_waveend_2,background_3,wave_bgm_sheet_id_3,wave_bgm_que_id_3,story_id_wavestart_3,story_id_waveend_3,quest_detail_bg_id,quest_detail_bg_position,start_time,end_time) VALUES(10003106,10003,10003101,6,'ランドソル郊外 1-6',-260,-110,100010,9,1,9,135,9,90,0,610003106,610003121,0,0,0,0,100074,'bgm_M41','bgm_M41',0,0,100075,'bgm_M41','bgm_M41',0,0,100076,'bgm_M41','bgm_M41',0,0,100074,0,'2018/05/31 12:00:00','2018/06/25 14:59:59');
INSERT INTO hatsune_quest(quest_id,event_id,area_id,quest_seq,quest_name,position_x,position_y,icon_id,stamina,stamina_start,team_exp,unit_exp,love,limit_time,daily_limit,clear_reward_group,rank_reward_group,drop_reward_type,drop_reward_id,drop_reward_num,drop_reward_odds,background_1,wave_bgm_sheet_id_1,wave_bgm_que_id_1,story_id_wavestart_1,story_id_waveend_1,background_2,wave_bgm_sheet_id_2,wave_bgm_que_id_2,story_id_wavestart_2,story_id_waveend_2,background_3,wave_bgm_sheet_id_3,wave_bgm_que_id_3,story_id_wavestart_3,story_id_waveend_3,quest_detail_bg_id,quest_detail_bg_position,start_time,end_time) VALUES(10003107,10003,10003101,7,'ランドソル郊外 1-7',-180,25,100040,9,1,9,135,9,90,0,610003107,610003122,0,0,0,0,100111,'bgm_M41','bgm_M41',0,0,100112,'bgm_M41','bgm_M41',0,0,100113,'bgm_M41','bgm_M41',0,0,100111,0,'2018/05/31 12:00:00','2018/06/25 14:59:59');
INSERT INTO hatsune_quest(quest_id,event_id,area_id,quest_seq,quest_name,position_x,position_y,icon_id,stamina,stamina_start,team_exp,unit_exp,love,limit_time,daily_limit,clear_reward_group,rank_reward_group,drop_reward_type,drop_reward_id,drop_reward_num,drop_reward_odds,background_1,wave_bgm_sheet_id_1,wave_bgm_que_id_1,story_id_wavestart_1,story_id_waveend_1,background_2,wave_bgm_sheet_id_2,wave_bgm_que_id_2,story_id_wavestart_2,story_id_waveend_2,background_3,wave_bgm_sheet_id_3,wave_bgm_que_id_3,story_id_wavestart_3,story_id_waveend_3,quest_detail_bg_id,quest_detail_bg_position,start_time,end_time) VALUES(10003108,10003,10003101,8,'ランドソル郊外 1-8',-75,-110,100010,9,1,9,135,9,90,0,610003108,610003121,0,0,0,0,100077,'bgm_M41','bgm_M41',0,0,100078,'bgm_M41','bgm_M41',0,0,100079,'bgm_M41','bgm_M41',0,0,100077,0,'2018/05/31 12:00:00','2018/06/25 14:59:59');
INSERT INTO hatsune_quest(quest_id,event_id,area_id,quest_seq,quest_name,position_x,position_y,icon_id,stamina,stamina_start,team_exp,unit_exp,love,limit_time,daily_limit,clear_reward_group,rank_reward_group,drop_reward_type,drop_reward_id,drop_reward_num,drop_reward_odds,background_1,wave_bgm_sheet_id_1,wave_bgm_que_id_1,story_id_wavestart_1,story_id_waveend_1,background_2,wave_bgm_sheet_id_2,wave_bgm_que_id_2,story_id_wavestart_2,story_id_waveend_2,background_3,wave_bgm_sheet_id_3,wave_bgm_que_id_3,story_id_wavestart_3,story_id_waveend_3,quest_detail_bg_id,quest_detail_bg_position,start_time,end_time) VALUES(10003109,10003,10003101,9,'ランドソル郊外 1-9',50,-50,100080,9,1,9,135,9,90,0,610003109,610003121,0,0,0,0,100051,'bgm_M41','bgm_M41',0,0,100052,'bgm_M41','bgm_M41',0,0,100053,'bgm_M41','bgm_M41',0,0,100051,0,'2018/05/31 12:00:00','2018/06/25 14:59:59');
INSERT INTO hatsune_quest(quest_id,event_id,area_id,quest_seq,quest_name,position_x,position_y,icon_id,stamina,stamina_start,team_exp,unit_exp,love,limit_time,daily_limit,clear_reward_group,rank_reward_group,drop_reward_type,drop_reward_id,drop_reward_num,drop_reward_odds,background_1,wave_bgm_sheet_id_1,wave_bgm_que_id_1,story_id_wavestart_1,story_id_waveend_1,background_2,wave_bgm_sheet_id_2,wave_bgm_que_id_2,story_id_wavestart_2,story_id_waveend_2,background_3,wave_bgm_sheet_id_3,wave_bgm_que_id_3,story_id_wavestart_3,story_id_waveend_3,quest_detail_bg_id,quest_detail_bg_position,start_time,end_time) VALUES(10003110,10003,10003101,10,'ランドソル郊外 1-10',180,20,100080,9,1,9,135,9,90,0,610003110,610003121,0,0,0,0,100051,'bgm_M41','bgm_M41',0,0,100052,'bgm_M41','bgm_M41',0,0,100053,'bgm_M41','bgm_M41',0,0,100051,0,'2018/05/31 12:00:00','2018/06/25 14:59:59');
INSERT INTO hatsune_quest(quest_id,event_id,area_id,quest_seq,quest_name,position_x,position_y,icon_id,stamina,stamina_start,team_exp,unit_exp,love,limit_time,daily_limit,clear_reward_group,rank_reward_group,drop_reward_type,drop_reward_id,drop_reward_num,drop_reward_odds,background_1,wave_bgm_sheet_id_1,wave_bgm_que_id_1,story_id_wavestart_1,story_id_waveend_1,background_2,wave_bgm_sheet_id_2,wave_bgm_que_id_2,story_id_wavestart_2,story_id_waveend_2,background_3,wave_bgm_sheet_id_3,wave_bgm_que_id_3,story_id_wavestart_3,story_id_waveend_3,quest_detail_bg_id,quest_detail_bg_position,start_time,end_time) VALUES(10003111,10003,10003101,11,'ランドソル郊外 1-11',270,-100,100050,10,1,10,150,10,90,0,610003111,610003121,0,0,0,0,100031,'bgm_M41','bgm_M41',0,0,100032,'bgm_M41','bgm_M41',0,0,100033,'bgm_M41','bgm_M41',0,0,100031,0,'2018/05/31 12:00:00','2018/06/25 14:59:59');
INSERT INTO hatsune_quest(quest_id,event_id,area_id,quest_seq,quest_name,position_x,position_y,icon_id,stamina,stamina_start,team_exp,unit_exp,love,limit_time,daily_limit,clear_reward_group,rank_reward_group,drop_reward_type,drop_reward_id,drop_reward_num,drop_reward_odds,background_1,wave_bgm_sheet_id_1,wave_bgm_que_id_1,story_id_wavestart_1,story_id_waveend_1,background_2,wave_bgm_sheet_id_2,wave_bgm_que_id_2,story_id_wavestart_2,story_id_waveend_2,background_3,wave_bgm_sheet_id_3,wave_bgm_que_id_3,story_id_wavestart_3,story_id_waveend_3,quest_detail_bg_id,quest_detail_bg_position,start_time,end_time) VALUES(10003112,10003,10003101,12,'ランドソル郊外 1-12',390,40,100120,10,1,10,150,10,90,0,610003112,610003121,0,0,0,0,100151,'bgm_M41','bgm_M41',0,0,100152,'bgm_M41','bgm_M41',0,0,100153,'bgm_M41','bgm_M41',0,0,100151,0,'2018/05/31 12:00:00','2018/06/25 14:59:59');
INSERT INTO hatsune_quest(quest_id,event_id,area_id,quest_seq,quest_name,position_x,position_y,icon_id,stamina,stamina_start,team_exp,unit_exp,love,limit_time,daily_limit,clear_reward_group,rank_reward_group,drop_reward_type,drop_reward_id,drop_reward_num,drop_reward_odds,background_1,wave_bgm_sheet_id_1,wave_bgm_que_id_1,story_id_wavestart_1,story_id_waveend_1,background_2,wave_bgm_sheet_id_2,wave_bgm_que_id_2,story_id_wavestart_2,story_id_waveend_2,background_3,wave_bgm_sheet_id_3,wave_bgm_que_id_3,story_id_wavestart_3,story_id_waveend_3,quest_detail_bg_id,quest_detail_bg_position,start_time,end_time) VALUES(10003113,10003,10003101,13,'ランドソル郊外 1-13',490,-110,100020,10,1,10,150,10,90,0,610003113,610003121,0,0,0,0,100011,'bgm_M41','bgm_M41',0,0,100012,'bgm_M41','bgm_M41',0,0,100013,'bgm_M41','bgm_M41',0,0,100011,0,'2018/05/31 12:00:00','2018/06/25 14:59:59');
INSERT INTO hatsune_quest(quest_id,event_id,area_id,quest_seq,quest_name,position_x,position_y,icon_id,stamina,stamina_start,team_exp,unit_exp,love,limit_time,daily_limit,clear_reward_group,rank_reward_group,drop_reward_type,drop_reward_id,drop_reward_num,drop_reward_odds,background_1,wave_bgm_sheet_id_1,wave_bgm_que_id_1,story_id_wavestart_1,story_id_waveend_1,background_2,wave_bgm_sheet_id_2,wave_bgm_que_id_2,story_id_wavestart_2,story_id_waveend_2,background_3,wave_bgm_sheet_id_3,wave_bgm_que_id_3,story_id_wavestart_3,story_id_waveend_3,quest_detail_bg_id,quest_detail_bg_position,start_time,end_time) VALUES(10003114,10003,10003101,14,'ランドソル郊外 1-14',570,40,100020,10,1,10,150,10,90,0,610003114,610003121,0,0,0,0,100014,'bgm_M41','bgm_M41',0,0,100015,'bgm_M41','bgm_M41',0,0,100016,'bgm_M41','bgm_M41',0,0,100014,0,'2018/05/31 12:00:00','2018/06/25 14:59:59');
INSERT INTO hatsune_quest(quest_id,event_id,area_id,quest_seq,quest_name,position_x,position_y,icon_id,stamina,stamina_start,team_exp,unit_exp,love,limit_time,daily_limit,clear_reward_group,rank_reward_group,drop_reward_type,drop_reward_id,drop_reward_num,drop_reward_odds,background_1,wave_bgm_sheet_id_1,wave_bgm_que_id_1,story_id_wavestart_1,story_id_waveend_1,background_2,wave_bgm_sheet_id_2,wave_bgm_que_id_2,story_id_wavestart_2,story_id_waveend_2,background_3,wave_bgm_sheet_id_3,wave_bgm_que_id_3,story_id_wavestart_3,story_id_waveend_3,quest_detail_bg_id,quest_detail_bg_position,start_time,end_time) VALUES(10003115,10003,10003101,15,'ランドソル郊外 1-15',670,-80,100020,10,1,10,150,10,90,0,610003115,610003123,0,0,0,0,100017,'bgm_M41','bgm_M41',0,0,100018,'bgm_M41','bgm_M41',0,0,100019,'bgm_M41','bgm_M41',0,0,100017,0,'2018/05/31 12:00:00','2018/06/25 14:59:59');
INSERT INTO hatsune_quest(quest_id,event_id,area_id,quest_seq,quest_name,position_x,position_y,icon_id,stamina,stamina_start,team_exp,unit_exp,love,limit_time,daily_limit,clear_reward_group,rank_reward_group,drop_reward_type,drop_reward_id,drop_reward_num,drop_reward_odds,background_1,wave_bgm_sheet_id_1,wave_bgm_que_id_1,story_id_wavestart_1,story_id_waveend_1,background_2,wave_bgm_sheet_id_2,wave_bgm_que_id_2,story_id_wavestart_2,story_id_waveend_2,background_3,wave_bgm_sheet_id_3,wave_bgm_que_id_3,story_id_wavestart_3,story_id_waveend_3,quest_detail_bg_id,quest_detail_bg_position,start_time,end_time) VALUES(10003201,10003,10003201,16,'ランドソル郊外 1-1',-450,-10,100120,16,2,16,240,16,90,3,610003116,610003121,2,31010,1,28,100791,'bgm_M41','bgm_M41',0,0,100792,'bgm_M41','bgm_M41',0,0,100793,'bgm_M41','bgm_M41',0,0,100791,0,'2018/05/31 12:00:00','2018/06/25 14:59:59');
INSERT INTO hatsune_quest(quest_id,event_id,area_id,quest_seq,quest_name,position_x,position_y,icon_id,stamina,stamina_start,team_exp,unit_exp,love,limit_time,daily_limit,clear_reward_group,rank_reward_group,drop_reward_type,drop_reward_id,drop_reward_num,drop_reward_odds,background_1,wave_bgm_sheet_id_1,wave_bgm_que_id_1,story_id_wavestart_1,story_id_waveend_1,background_2,wave_bgm_sheet_id_2,wave_bgm_que_id_2,story_id_wavestart_2,story_id_waveend_2,background_3,wave_bgm_sheet_id_3,wave_bgm_que_id_3,story_id_wavestart_3,story_id_waveend_3,quest_detail_bg_id,quest_detail_bg_position,start_time,end_time) VALUES(10003202,10003,10003201,17,'ランドソル郊外 1-2',-250,-100,100040,16,2,16,240,16,90,3,610003117,610003121,2,31017,1,28,100771,'bgm_M41','bgm_M41',0,0,100772,'bgm_M41','bgm_M41',0,0,100773,'bgm_M41','bgm_M41',0,0,100771,0,'2018/05/31 12:00:00','2018/06/25 14:59:59');
INSERT INTO hatsune_quest(quest_id,event_id,area_id,quest_seq,quest_name,position_x,position_y,icon_id,stamina,stamina_start,team_exp,unit_exp,love,limit_time,daily_limit,clear_reward_group,rank_reward_group,drop_reward_type,drop_reward_id,drop_reward_num,drop_reward_odds,background_1,wave_bgm_sheet_id_1,wave_bgm_que_id_1,story_id_wavestart_1,story_id_waveend_1,background_2,wave_bgm_sheet_id_2,wave_bgm_que_id_2,story_id_wavestart_2,story_id_waveend_2,background_3,wave_bgm_sheet_id_3,wave_bgm_que_id_3,story_id_wavestart_3,story_id_waveend_3,quest_detail_bg_id,quest_detail_bg_position,start_time,end_time) VALUES(10003203,10003,10003201,18,'ランドソル郊外 1-3',-50,20,100050,18,2,18,270,18,90,3,610003118,610003121,2,31010,1,29,100757,'bgm_M41','bgm_M41',0,0,100758,'bgm_M41','bgm_M41',0,0,100759,'bgm_M41','bgm_M41',0,0,100757,0,'2018/05/31 12:00:00','2018/06/25 14:59:59');
INSERT INTO hatsune_quest(quest_id,event_id,area_id,quest_seq,quest_name,position_x,position_y,icon_id,stamina,stamina_start,team_exp,unit_exp,love,limit_time,daily_limit,clear_reward_group,rank_reward_group,drop_reward_type,drop_reward_id,drop_reward_num,drop_reward_odds,background_1,wave_bgm_sheet_id_1,wave_bgm_que_id_1,story_id_wavestart_1,story_id_waveend_1,background_2,wave_bgm_sheet_id_2,wave_bgm_que_id_2,story_id_wavestart_2,story_id_waveend_2,background_3,wave_bgm_sheet_id_3,wave_bgm_que_id_3,story_id_wavestart_3,story_id_waveend_3,quest_detail_bg_id,quest_detail_bg_position,start_time,end_time) VALUES(10003204,10003,10003201,19,'ランドソル郊外 1-4',120,-110,100020,18,2,18,270,18,90,3,610003119,610003121,2,31017,1,29,100361,'bgm_M41','bgm_M41',0,0,100362,'bgm_M41','bgm_M41',0,0,100363,'bgm_M41','bgm_M41',0,0,100361,0,'2018/05/31 12:00:00','2018/06/25 14:59:59');
INSERT INTO hatsune_quest(quest_id,event_id,area_id,quest_seq,quest_name,position_x,position_y,icon_id,stamina,stamina_start,team_exp,unit_exp,love,limit_time,daily_limit,clear_reward_group,rank_reward_group,drop_reward_type,drop_reward_id,drop_reward_num,drop_reward_odds,background_1,wave_bgm_sheet_id_1,wave_bgm_que_id_1,story_id_wavestart_1,story_id_waveend_1,background_2,wave_bgm_sheet_id_2,wave_bgm_que_id_2,story_id_wavestart_2,story_id_waveend_2,background_3,wave_bgm_sheet_id_3,wave_bgm_que_id_3,story_id_wavestart_3,story_id_waveend_3,quest_detail_bg_id,quest_detail_bg_position,start_time,end_time) VALUES(10003205,10003,10003201,20,'ランドソル郊外 1-5',290,-10,100020,20,2,20,300,20,90,3,610003120,610003121,2,31010,1,30,100364,'bgm_M41','bgm_M41',0,0,100365,'bgm_M41','bgm_M41',0,0,100366,'bgm_M41','bgm_M41',0,0,100364,0,'2018/05/31 12:00:00','2018/06/25 14:59:59');
DELETE FROM hatsune_quest WHERE quest_id=61001001;
DELETE FROM hatsune_quest WHERE quest_id=61001002;
DELETE FROM hatsune_quest WHERE quest_id=61001003;
DELETE FROM hatsune_quest WHERE quest_id=61001004;
DELETE FROM hatsune_quest WHERE quest_id=61001005;
DELETE FROM hatsune_quest WHERE quest_id=61001006;
DELETE FROM hatsune_quest WHERE quest_id=61001007;
DELETE FROM hatsune_quest WHERE quest_id=61001008;
DELETE FROM hatsune_quest WHERE quest_id=61001009;
DELETE FROM hatsune_quest WHERE quest_id=61001010;
DELETE FROM hatsune_quest WHERE quest_id=61001011;
DELETE FROM hatsune_quest WHERE quest_id=61001012;
DELETE FROM hatsune_quest WHERE quest_id=61001013;
DELETE FROM hatsune_quest WHERE quest_id=61001014;
DELETE FROM hatsune_quest WHERE quest_id=61001015;
DELETE FROM hatsune_quest WHERE quest_id=61002001;
DELETE FROM hatsune_quest WHERE quest_id=61002002;
DELETE FROM hatsune_quest WHERE quest_id=61002003;
DELETE FROM hatsune_quest WHERE quest_id=61002004;
DELETE FROM hatsune_quest WHERE quest_id=61002005;
DELETE FROM hatsune_quest WHERE quest_id=61002006;
DELETE FROM hatsune_quest WHERE quest_id=61002007;
DELETE FROM hatsune_quest WHERE quest_id=61002008;
DELETE FROM hatsune_quest WHERE quest_id=61002009;
DELETE FROM hatsune_quest WHERE quest_id=61002010;
DELETE FROM hatsune_quest WHERE quest_id=61002011;
DELETE FROM hatsune_quest WHERE quest_id=61002012;
DELETE FROM hatsune_quest WHERE quest_id=61002013;
DELETE FROM hatsune_quest WHERE quest_id=61002014;
DELETE FROM hatsune_quest WHERE quest_id=61002015;
DELETE FROM hatsune_quest WHERE quest_id=62001001;
DELETE FROM hatsune_quest WHERE quest_id=62001002;
DELETE FROM hatsune_quest WHERE quest_id=62001003;
DELETE FROM hatsune_quest WHERE quest_id=62001004;
DELETE FROM hatsune_quest WHERE quest_id=62001005;
DELETE FROM hatsune_quest WHERE quest_id=62002001;
DELETE FROM hatsune_quest WHERE quest_id=62002002;
DELETE FROM hatsune_quest WHERE quest_id=62002003;
DELETE FROM hatsune_quest WHERE quest_id=62002004;
DELETE FROM hatsune_quest WHERE quest_id=62002005;
DELETE FROM hatsune_quest_area WHERE area_id=61001;
DELETE FROM hatsune_quest_area WHERE area_id=61002;
DELETE FROM hatsune_quest_area WHERE area_id=62001;
DELETE FROM hatsune_quest_area WHERE area_id=62002;
INSERT INTO hatsune_quest_area(area_id,event_id,area_name,map_type,sheet_id,que_id,start_time,end_time,area_disp) VALUES(10001101,10001,'タルグム地方',201,'bgm_M32','bgm_M32','2018/03/31 15:00:00','2018/04/19 14:59:59',1);
INSERT INTO hatsune_quest_area(area_id,event_id,area_name,map_type,sheet_id,que_id,start_time,end_time,area_disp) VALUES(10001201,10001,'タルグム地方',201,'bgm_M32','bgm_M32','2018/03/31 15:00:00','2018/04/19 14:59:59',1);
INSERT INTO hatsune_quest_area(area_id,event_id,area_name,map_type,sheet_id,que_id,start_time,end_time,area_disp) VALUES(10002101,10002,'マシーナ地方',201,'bgm_M98','bgm_M98_2','2018/04/30 12:00:00','2018/05/21 14:59:59',1);
INSERT INTO hatsune_quest_area(area_id,event_id,area_name,map_type,sheet_id,que_id,start_time,end_time,area_disp) VALUES(10002201,10002,'マシーナ地方',201,'bgm_M98','bgm_M98_2','2018/04/30 12:00:00','2018/05/21 14:59:59',1);
INSERT INTO hatsune_quest_area(area_id,event_id,area_name,map_type,sheet_id,que_id,start_time,end_time,area_disp) VALUES(10003101,10003,'ランドソル郊外',201,'bgm_M106','bgm_M106','2018/05/31 12:00:00','2018/06/19 14:59:59',1);
INSERT INTO hatsune_quest_area(area_id,event_id,area_name,map_type,sheet_id,que_id,start_time,end_time,area_disp) VALUES(10003201,10003,'ランドソル郊外',201,'bgm_M106','bgm_M106','2018/05/31 12:00:00','2018/06/19 14:59:59',1);
INSERT INTO hatsune_quest_condition(quest_id,event_id,condition_quest_id_1,condition_quest_id_2,condition_boss_id_1,condition_boss_id_2,release_quest_id_1,release_quest_id_2,release_boss_id_1,release_boss_id_2,condition_main_quest_id) VALUES(10001101,10001,0,0,0,0,10001102,0,0,0,11002012);
INSERT INTO hatsune_quest_condition(quest_id,event_id,condition_quest_id_1,condition_quest_id_2,condition_boss_id_1,condition_boss_id_2,release_quest_id_1,release_quest_id_2,release_boss_id_1,release_boss_id_2,condition_main_quest_id) VALUES(10001102,10001,10001101,0,0,0,10001103,0,0,0,0);
INSERT INTO hatsune_quest_condition(quest_id,event_id,condition_quest_id_1,condition_quest_id_2,condition_boss_id_1,condition_boss_id_2,release_quest_id_1,release_quest_id_2,release_boss_id_1,release_boss_id_2,condition_main_quest_id) VALUES(10001103,10001,10001102,0,0,0,10001104,0,0,0,0);
INSERT INTO hatsune_quest_condition(quest_id,event_id,condition_quest_id_1,condition_quest_id_2,condition_boss_id_1,condition_boss_id_2,release_quest_id_1,release_quest_id_2,release_boss_id_1,release_boss_id_2,condition_main_quest_id) VALUES(10001104,10001,10001103,0,0,0,10001105,0,0,0,0);
INSERT INTO hatsune_quest_condition(quest_id,event_id,condition_quest_id_1,condition_quest_id_2,condition_boss_id_1,condition_boss_id_2,release_quest_id_1,release_quest_id_2,release_boss_id_1,release_boss_id_2,condition_main_quest_id) VALUES(10001105,10001,10001104,0,0,0,10001106,0,0,0,0);
INSERT INTO hatsune_quest_condition(quest_id,event_id,condition_quest_id_1,condition_quest_id_2,condition_boss_id_1,condition_boss_id_2,release_quest_id_1,release_quest_id_2,release_boss_id_1,release_boss_id_2,condition_main_quest_id) VALUES(10001106,10001,10001105,0,0,0,10001107,0,0,0,0);
INSERT INTO hatsune_quest_condition(quest_id,event_id,condition_quest_id_1,condition_quest_id_2,condition_boss_id_1,condition_boss_id_2,release_quest_id_1,release_quest_id_2,release_boss_id_1,release_boss_id_2,condition_main_quest_id) VALUES(10001107,10001,10001106,0,0,0,10001108,0,0,0,0);
INSERT INTO hatsune_quest_condition(quest_id,event_id,condition_quest_id_1,condition_quest_id_2,condition_boss_id_1,condition_boss_id_2,release_quest_id_1,release_quest_id_2,release_boss_id_1,release_boss_id_2,condition_main_quest_id) VALUES(10001108,10001,10001107,0,0,0,10001109,0,0,0,0);
INSERT INTO hatsune_quest_condition(quest_id,event_id,condition_quest_id_1,condition_quest_id_2,condition_boss_id_1,condition_boss_id_2,release_quest_id_1,release_quest_id_2,release_boss_id_1,release_boss_id_2,condition_main_quest_id) VALUES(10001109,10001,10001108,0,0,0,10001110,0,0,0,0);
INSERT INTO hatsune_quest_condition(quest_id,event_id,condition_quest_id_1,condition_quest_id_2,condition_boss_id_1,condition_boss_id_2,release_quest_id_1,release_quest_id_2,release_boss_id_1,release_boss_id_2,condition_main_quest_id) VALUES(10001110,10001,10001109,0,0,0,10001111,0,0,0,0);
INSERT INTO hatsune_quest_condition(quest_id,event_id,condition_quest_id_1,condition_quest_id_2,condition_boss_id_1,condition_boss_id_2,release_quest_id_1,release_quest_id_2,release_boss_id_1,release_boss_id_2,condition_main_quest_id) VALUES(10001111,10001,10001110,0,0,0,10001112,0,0,0,0);
INSERT INTO hatsune_quest_condition(quest_id,event_id,condition_quest_id_1,condition_quest_id_2,condition_boss_id_1,condition_boss_id_2,release_quest_id_1,release_quest_id_2,release_boss_id_1,release_boss_id_2,condition_main_quest_id) VALUES(10001112,10001,10001111,0,0,0,10001113,0,0,0,0);
INSERT INTO hatsune_quest_condition(quest_id,event_id,condition_quest_id_1,condition_quest_id_2,condition_boss_id_1,condition_boss_id_2,release_quest_id_1,release_quest_id_2,release_boss_id_1,release_boss_id_2,condition_main_quest_id) VALUES(10001113,10001,10001112,0,0,0,10001114,0,0,0,0);
INSERT INTO hatsune_quest_condition(quest_id,event_id,condition_quest_id_1,condition_quest_id_2,condition_boss_id_1,condition_boss_id_2,release_quest_id_1,release_quest_id_2,release_boss_id_1,release_boss_id_2,condition_main_quest_id) VALUES(10001114,10001,10001113,0,0,0,10001115,0,0,0,0);
INSERT INTO hatsune_quest_condition(quest_id,event_id,condition_quest_id_1,condition_quest_id_2,condition_boss_id_1,condition_boss_id_2,release_quest_id_1,release_quest_id_2,release_boss_id_1,release_boss_id_2,condition_main_quest_id) VALUES(10001115,10001,10001114,0,0,0,0,0,1000101,0,0);
INSERT INTO hatsune_quest_condition(quest_id,event_id,condition_quest_id_1,condition_quest_id_2,condition_boss_id_1,condition_boss_id_2,release_quest_id_1,release_quest_id_2,release_boss_id_1,release_boss_id_2,condition_main_quest_id) VALUES(10001201,10001,0,0,1000101,0,10001202,0,0,0,0);
INSERT INTO hatsune_quest_condition(quest_id,event_id,condition_quest_id_1,condition_quest_id_2,condition_boss_id_1,condition_boss_id_2,release_quest_id_1,release_quest_id_2,release_boss_id_1,release_boss_id_2,condition_main_quest_id) VALUES(10001202,10001,10001201,0,0,0,10001203,0,0,0,0);
INSERT INTO hatsune_quest_condition(quest_id,event_id,condition_quest_id_1,condition_quest_id_2,condition_boss_id_1,condition_boss_id_2,release_quest_id_1,release_quest_id_2,release_boss_id_1,release_boss_id_2,condition_main_quest_id) VALUES(10001203,10001,10001202,0,0,0,10001204,0,0,0,0);
INSERT INTO hatsune_quest_condition(quest_id,event_id,condition_quest_id_1,condition_quest_id_2,condition_boss_id_1,condition_boss_id_2,release_quest_id_1,release_quest_id_2,release_boss_id_1,release_boss_id_2,condition_main_quest_id) VALUES(10001204,10001,10001203,0,0,0,10001205,0,0,0,0);
INSERT INTO hatsune_quest_condition(quest_id,event_id,condition_quest_id_1,condition_quest_id_2,condition_boss_id_1,condition_boss_id_2,release_quest_id_1,release_quest_id_2,release_boss_id_1,release_boss_id_2,condition_main_quest_id) VALUES(10001205,10001,10001204,0,0,0,0,0,0,0,0);
INSERT INTO hatsune_quest_condition(quest_id,event_id,condition_quest_id_1,condition_quest_id_2,condition_boss_id_1,condition_boss_id_2,release_quest_id_1,release_quest_id_2,release_boss_id_1,release_boss_id_2,condition_main_quest_id) VALUES(10002101,10002,0,0,0,0,10002102,0,0,0,11002012);
INSERT INTO hatsune_quest_condition(quest_id,event_id,condition_quest_id_1,condition_quest_id_2,condition_boss_id_1,condition_boss_id_2,release_quest_id_1,release_quest_id_2,release_boss_id_1,release_boss_id_2,condition_main_quest_id) VALUES(10002102,10002,10002101,0,0,0,10002103,0,0,0,0);
INSERT INTO hatsune_quest_condition(quest_id,event_id,condition_quest_id_1,condition_quest_id_2,condition_boss_id_1,condition_boss_id_2,release_quest_id_1,release_quest_id_2,release_boss_id_1,release_boss_id_2,condition_main_quest_id) VALUES(10002103,10002,10002102,0,0,0,10002104,0,0,0,0);
INSERT INTO hatsune_quest_condition(quest_id,event_id,condition_quest_id_1,condition_quest_id_2,condition_boss_id_1,condition_boss_id_2,release_quest_id_1,release_quest_id_2,release_boss_id_1,release_boss_id_2,condition_main_quest_id) VALUES(10002104,10002,10002103,0,0,0,10002105,0,0,0,0);
INSERT INTO hatsune_quest_condition(quest_id,event_id,condition_quest_id_1,condition_quest_id_2,condition_boss_id_1,condition_boss_id_2,release_quest_id_1,release_quest_id_2,release_boss_id_1,release_boss_id_2,condition_main_quest_id) VALUES(10002105,10002,10002104,0,0,0,10002106,0,0,0,0);
INSERT INTO hatsune_quest_condition(quest_id,event_id,condition_quest_id_1,condition_quest_id_2,condition_boss_id_1,condition_boss_id_2,release_quest_id_1,release_quest_id_2,release_boss_id_1,release_boss_id_2,condition_main_quest_id) VALUES(10002106,10002,10002105,0,0,0,10002107,0,0,0,0);
INSERT INTO hatsune_quest_condition(quest_id,event_id,condition_quest_id_1,condition_quest_id_2,condition_boss_id_1,condition_boss_id_2,release_quest_id_1,release_quest_id_2,release_boss_id_1,release_boss_id_2,condition_main_quest_id) VALUES(10002107,10002,10002106,0,0,0,10002108,0,0,0,0);
INSERT INTO hatsune_quest_condition(quest_id,event_id,condition_quest_id_1,condition_quest_id_2,condition_boss_id_1,condition_boss_id_2,release_quest_id_1,release_quest_id_2,release_boss_id_1,release_boss_id_2,condition_main_quest_id) VALUES(10002108,10002,10002107,0,0,0,10002109,0,0,0,0);
INSERT INTO hatsune_quest_condition(quest_id,event_id,condition_quest_id_1,condition_quest_id_2,condition_boss_id_1,condition_boss_id_2,release_quest_id_1,release_quest_id_2,release_boss_id_1,release_boss_id_2,condition_main_quest_id) VALUES(10002109,10002,10002108,0,0,0,10002110,0,0,0,0);
INSERT INTO hatsune_quest_condition(quest_id,event_id,condition_quest_id_1,condition_quest_id_2,condition_boss_id_1,condition_boss_id_2,release_quest_id_1,release_quest_id_2,release_boss_id_1,release_boss_id_2,condition_main_quest_id) VALUES(10002110,10002,10002109,0,0,0,10002111,0,0,0,0);
INSERT INTO hatsune_quest_condition(quest_id,event_id,condition_quest_id_1,condition_quest_id_2,condition_boss_id_1,condition_boss_id_2,release_quest_id_1,release_quest_id_2,release_boss_id_1,release_boss_id_2,condition_main_quest_id) VALUES(10002111,10002,10002110,0,0,0,10002112,0,0,0,0);
INSERT INTO hatsune_quest_condition(quest_id,event_id,condition_quest_id_1,condition_quest_id_2,condition_boss_id_1,condition_boss_id_2,release_quest_id_1,release_quest_id_2,release_boss_id_1,release_boss_id_2,condition_main_quest_id) VALUES(10002112,10002,10002111,0,0,0,10002113,0,0,0,0);
INSERT INTO hatsune_quest_condition(quest_id,event_id,condition_quest_id_1,condition_quest_id_2,condition_boss_id_1,condition_boss_id_2,release_quest_id_1,release_quest_id_2,release_boss_id_1,release_boss_id_2,condition_main_quest_id) VALUES(10002113,10002,10002112,0,0,0,10002114,0,0,0,0);
INSERT INTO hatsune_quest_condition(quest_id,event_id,condition_quest_id_1,condition_quest_id_2,condition_boss_id_1,condition_boss_id_2,release_quest_id_1,release_quest_id_2,release_boss_id_1,release_boss_id_2,condition_main_quest_id) VALUES(10002114,10002,10002113,0,0,0,10002115,0,0,0,0);
INSERT INTO hatsune_quest_condition(quest_id,event_id,condition_quest_id_1,condition_quest_id_2,condition_boss_id_1,condition_boss_id_2,release_quest_id_1,release_quest_id_2,release_boss_id_1,release_boss_id_2,condition_main_quest_id) VALUES(10002115,10002,10002114,0,0,0,0,0,1000201,0,0);
INSERT INTO hatsune_quest_condition(quest_id,event_id,condition_quest_id_1,condition_quest_id_2,condition_boss_id_1,condition_boss_id_2,release_quest_id_1,release_quest_id_2,release_boss_id_1,release_boss_id_2,condition_main_quest_id) VALUES(10002201,10002,0,0,1000201,0,10002202,0,0,0,0);
INSERT INTO hatsune_quest_condition(quest_id,event_id,condition_quest_id_1,condition_quest_id_2,condition_boss_id_1,condition_boss_id_2,release_quest_id_1,release_quest_id_2,release_boss_id_1,release_boss_id_2,condition_main_quest_id) VALUES(10002202,10002,10002201,0,0,0,10002203,0,0,0,0);
INSERT INTO hatsune_quest_condition(quest_id,event_id,condition_quest_id_1,condition_quest_id_2,condition_boss_id_1,condition_boss_id_2,release_quest_id_1,release_quest_id_2,release_boss_id_1,release_boss_id_2,condition_main_quest_id) VALUES(10002203,10002,10002202,0,0,0,10002204,0,0,0,0);
INSERT INTO hatsune_quest_condition(quest_id,event_id,condition_quest_id_1,condition_quest_id_2,condition_boss_id_1,condition_boss_id_2,release_quest_id_1,release_quest_id_2,release_boss_id_1,release_boss_id_2,condition_main_quest_id) VALUES(10002204,10002,10002203,0,0,0,10002205,0,0,0,0);
INSERT INTO hatsune_quest_condition(quest_id,event_id,condition_quest_id_1,condition_quest_id_2,condition_boss_id_1,condition_boss_id_2,release_quest_id_1,release_quest_id_2,release_boss_id_1,release_boss_id_2,condition_main_quest_id) VALUES(10002205,10002,10002204,0,0,0,0,0,0,0,0);
INSERT INTO hatsune_quest_condition(quest_id,event_id,condition_quest_id_1,condition_quest_id_2,condition_boss_id_1,condition_boss_id_2,release_quest_id_1,release_quest_id_2,release_boss_id_1,release_boss_id_2,condition_main_quest_id) VALUES(10003101,10003,0,0,0,0,10003102,0,0,0,11002012);
INSERT INTO hatsune_quest_condition(quest_id,event_id,condition_quest_id_1,condition_quest_id_2,condition_boss_id_1,condition_boss_id_2,release_quest_id_1,release_quest_id_2,release_boss_id_1,release_boss_id_2,condition_main_quest_id) VALUES(10003102,10003,10003101,0,0,0,10003103,0,0,0,0);
INSERT INTO hatsune_quest_condition(quest_id,event_id,condition_quest_id_1,condition_quest_id_2,condition_boss_id_1,condition_boss_id_2,release_quest_id_1,release_quest_id_2,release_boss_id_1,release_boss_id_2,condition_main_quest_id) VALUES(10003103,10003,10003102,0,0,0,10003104,0,0,0,0);
INSERT INTO hatsune_quest_condition(quest_id,event_id,condition_quest_id_1,condition_quest_id_2,condition_boss_id_1,condition_boss_id_2,release_quest_id_1,release_quest_id_2,release_boss_id_1,release_boss_id_2,condition_main_quest_id) VALUES(10003104,10003,10003103,0,0,0,10003105,0,0,0,0);
INSERT INTO hatsune_quest_condition(quest_id,event_id,condition_quest_id_1,condition_quest_id_2,condition_boss_id_1,condition_boss_id_2,release_quest_id_1,release_quest_id_2,release_boss_id_1,release_boss_id_2,condition_main_quest_id) VALUES(10003105,10003,10003104,0,0,0,10003106,0,0,0,0);
INSERT INTO hatsune_quest_condition(quest_id,event_id,condition_quest_id_1,condition_quest_id_2,condition_boss_id_1,condition_boss_id_2,release_quest_id_1,release_quest_id_2,release_boss_id_1,release_boss_id_2,condition_main_quest_id) VALUES(10003106,10003,10003105,0,0,0,10003107,0,0,0,0);
INSERT INTO hatsune_quest_condition(quest_id,event_id,condition_quest_id_1,condition_quest_id_2,condition_boss_id_1,condition_boss_id_2,release_quest_id_1,release_quest_id_2,release_boss_id_1,release_boss_id_2,condition_main_quest_id) VALUES(10003107,10003,10003106,0,0,0,10003108,0,0,0,0);
INSERT INTO hatsune_quest_condition(quest_id,event_id,condition_quest_id_1,condition_quest_id_2,condition_boss_id_1,condition_boss_id_2,release_quest_id_1,release_quest_id_2,release_boss_id_1,release_boss_id_2,condition_main_quest_id) VALUES(10003108,10003,10003107,0,0,0,10003109,0,0,0,0);
INSERT INTO hatsune_quest_condition(quest_id,event_id,condition_quest_id_1,condition_quest_id_2,condition_boss_id_1,condition_boss_id_2,release_quest_id_1,release_quest_id_2,release_boss_id_1,release_boss_id_2,condition_main_quest_id) VALUES(10003109,10003,10003108,0,0,0,10003110,0,0,0,0);
INSERT INTO hatsune_quest_condition(quest_id,event_id,condition_quest_id_1,condition_quest_id_2,condition_boss_id_1,condition_boss_id_2,release_quest_id_1,release_quest_id_2,release_boss_id_1,release_boss_id_2,condition_main_quest_id) VALUES(10003110,10003,10003109,0,0,0,10003111,0,0,0,0);
INSERT INTO hatsune_quest_condition(quest_id,event_id,condition_quest_id_1,condition_quest_id_2,condition_boss_id_1,condition_boss_id_2,release_quest_id_1,release_quest_id_2,release_boss_id_1,release_boss_id_2,condition_main_quest_id) VALUES(10003111,10003,10003110,0,0,0,10003112,0,0,0,0);
INSERT INTO hatsune_quest_condition(quest_id,event_id,condition_quest_id_1,condition_quest_id_2,condition_boss_id_1,condition_boss_id_2,release_quest_id_1,release_quest_id_2,release_boss_id_1,release_boss_id_2,condition_main_quest_id) VALUES(10003112,10003,10003111,0,0,0,10003113,0,0,0,0);
INSERT INTO hatsune_quest_condition(quest_id,event_id,condition_quest_id_1,condition_quest_id_2,condition_boss_id_1,condition_boss_id_2,release_quest_id_1,release_quest_id_2,release_boss_id_1,release_boss_id_2,condition_main_quest_id) VALUES(10003113,10003,10003112,0,0,0,10003114,0,0,0,0);
INSERT INTO hatsune_quest_condition(quest_id,event_id,condition_quest_id_1,condition_quest_id_2,condition_boss_id_1,condition_boss_id_2,release_quest_id_1,release_quest_id_2,release_boss_id_1,release_boss_id_2,condition_main_quest_id) VALUES(10003114,10003,10003113,0,0,0,10003115,0,0,0,0);
INSERT INTO hatsune_quest_condition(quest_id,event_id,condition_quest_id_1,condition_quest_id_2,condition_boss_id_1,condition_boss_id_2,release_quest_id_1,release_quest_id_2,release_boss_id_1,release_boss_id_2,condition_main_quest_id) VALUES(10003115,10003,10003114,0,0,0,0,0,1000301,0,0);
INSERT INTO hatsune_quest_condition(quest_id,event_id,condition_quest_id_1,condition_quest_id_2,condition_boss_id_1,condition_boss_id_2,release_quest_id_1,release_quest_id_2,release_boss_id_1,release_boss_id_2,condition_main_quest_id) VALUES(10003201,10003,0,0,1000301,0,10003202,0,0,0,0);
INSERT INTO hatsune_quest_condition(quest_id,event_id,condition_quest_id_1,condition_quest_id_2,condition_boss_id_1,condition_boss_id_2,release_quest_id_1,release_quest_id_2,release_boss_id_1,release_boss_id_2,condition_main_quest_id) VALUES(10003202,10003,10003201,0,0,0,10003203,0,0,0,0);
INSERT INTO hatsune_quest_condition(quest_id,event_id,condition_quest_id_1,condition_quest_id_2,condition_boss_id_1,condition_boss_id_2,release_quest_id_1,release_quest_id_2,release_boss_id_1,release_boss_id_2,condition_main_quest_id) VALUES(10003203,10003,10003202,0,0,0,10003204,0,0,0,0);
INSERT INTO hatsune_quest_condition(quest_id,event_id,condition_quest_id_1,condition_quest_id_2,condition_boss_id_1,condition_boss_id_2,release_quest_id_1,release_quest_id_2,release_boss_id_1,release_boss_id_2,condition_main_quest_id) VALUES(10003204,10003,10003203,0,0,0,10003205,0,0,0,0);
INSERT INTO hatsune_quest_condition(quest_id,event_id,condition_quest_id_1,condition_quest_id_2,condition_boss_id_1,condition_boss_id_2,release_quest_id_1,release_quest_id_2,release_boss_id_1,release_boss_id_2,condition_main_quest_id) VALUES(10003205,10003,10003204,0,0,0,0,0,0,0,0);
DELETE FROM hatsune_quest_condition WHERE quest_id=61001001;
DELETE FROM hatsune_quest_condition WHERE quest_id=61001002;
DELETE FROM hatsune_quest_condition WHERE quest_id=61001003;
DELETE FROM hatsune_quest_condition WHERE quest_id=61001004;
DELETE FROM hatsune_quest_condition WHERE quest_id=61001005;
DELETE FROM hatsune_quest_condition WHERE quest_id=61001006;
DELETE FROM hatsune_quest_condition WHERE quest_id=61001007;
DELETE FROM hatsune_quest_condition WHERE quest_id=61001008;
DELETE FROM hatsune_quest_condition WHERE quest_id=61001009;
DELETE FROM hatsune_quest_condition WHERE quest_id=61001010;
DELETE FROM hatsune_quest_condition WHERE quest_id=61001011;
DELETE FROM hatsune_quest_condition WHERE quest_id=61001012;
DELETE FROM hatsune_quest_condition WHERE quest_id=61001013;
DELETE FROM hatsune_quest_condition WHERE quest_id=61001014;
DELETE FROM hatsune_quest_condition WHERE quest_id=61001015;
DELETE FROM hatsune_quest_condition WHERE quest_id=61002001;
DELETE FROM hatsune_quest_condition WHERE quest_id=61002002;
DELETE FROM hatsune_quest_condition WHERE quest_id=61002003;
DELETE FROM hatsune_quest_condition WHERE quest_id=61002004;
DELETE FROM hatsune_quest_condition WHERE quest_id=61002005;
DELETE FROM hatsune_quest_condition WHERE quest_id=61002006;
DELETE FROM hatsune_quest_condition WHERE quest_id=61002007;
DELETE FROM hatsune_quest_condition WHERE quest_id=61002008;
DELETE FROM hatsune_quest_condition WHERE quest_id=61002009;
DELETE FROM hatsune_quest_condition WHERE quest_id=61002010;
DELETE FROM hatsune_quest_condition WHERE quest_id=61002011;
DELETE FROM hatsune_quest_condition WHERE quest_id=61002012;
DELETE FROM hatsune_quest_condition WHERE quest_id=61002013;
DELETE FROM hatsune_quest_condition WHERE quest_id=61002014;
DELETE FROM hatsune_quest_condition WHERE quest_id=61002015;
DELETE FROM hatsune_quest_condition WHERE quest_id=62001001;
DELETE FROM hatsune_quest_condition WHERE quest_id=62001002;
DELETE FROM hatsune_quest_condition WHERE quest_id=62001003;
DELETE FROM hatsune_quest_condition WHERE quest_id=62001004;
DELETE FROM hatsune_quest_condition WHERE quest_id=62001005;
DELETE FROM hatsune_quest_condition WHERE quest_id=62002001;
DELETE FROM hatsune_quest_condition WHERE quest_id=62002002;
DELETE FROM hatsune_quest_condition WHERE quest_id=62002003;
DELETE FROM hatsune_quest_condition WHERE quest_id=62002004;
DELETE FROM hatsune_quest_condition WHERE quest_id=62002005;
INSERT INTO hatsune_schedule(event_id,teaser_time,start_time,end_time,close_time,background,sheet_id,que_id,banner_unit_id,count_start_time) VALUES(10003,'2018/05/25 16:00:00','2018/05/31 12:00:00','2018/06/19 14:59:59','2018/06/25 14:59:59',500263,'bgm_M106','bgm_M106',104401,'2018/06/16 15:00:00');
UPDATE hatsune_stationary_mission_data SET condition_value_1=10001101 WHERE stationary_mission_id=71001001;
UPDATE hatsune_stationary_mission_data SET condition_value_1=10001102 WHERE stationary_mission_id=71001002;
UPDATE hatsune_stationary_mission_data SET condition_value_1=10001103 WHERE stationary_mission_id=71001003;
UPDATE hatsune_stationary_mission_data SET condition_value_1=10001104 WHERE stationary_mission_id=71001004;
UPDATE hatsune_stationary_mission_data SET condition_value_1=10001105 WHERE stationary_mission_id=71001005;
UPDATE hatsune_stationary_mission_data SET condition_value_1=10001106 WHERE stationary_mission_id=71001006;
UPDATE hatsune_stationary_mission_data SET condition_value_1=10001107 WHERE stationary_mission_id=71001007;
UPDATE hatsune_stationary_mission_data SET condition_value_1=10001108 WHERE stationary_mission_id=71001008;
UPDATE hatsune_stationary_mission_data SET condition_value_1=10001109 WHERE stationary_mission_id=71001009;
UPDATE hatsune_stationary_mission_data SET condition_value_1=10001110 WHERE stationary_mission_id=71001010;
UPDATE hatsune_stationary_mission_data SET condition_value_1=10001111 WHERE stationary_mission_id=71001011;
UPDATE hatsune_stationary_mission_data SET condition_value_1=10001112 WHERE stationary_mission_id=71001012;
UPDATE hatsune_stationary_mission_data SET condition_value_1=10001113 WHERE stationary_mission_id=71001013;
UPDATE hatsune_stationary_mission_data SET condition_value_1=10001114 WHERE stationary_mission_id=71001014;
UPDATE hatsune_stationary_mission_data SET condition_value_1=10001115 WHERE stationary_mission_id=71001015;
UPDATE hatsune_stationary_mission_data SET condition_value_1=10001201 WHERE stationary_mission_id=71001016;
UPDATE hatsune_stationary_mission_data SET condition_value_1=10001202 WHERE stationary_mission_id=71001017;
UPDATE hatsune_stationary_mission_data SET condition_value_1=10001203 WHERE stationary_mission_id=71001018;
UPDATE hatsune_stationary_mission_data SET condition_value_1=10001204 WHERE stationary_mission_id=71001019;
UPDATE hatsune_stationary_mission_data SET condition_value_1=10001205 WHERE stationary_mission_id=71001020;
UPDATE hatsune_stationary_mission_data SET condition_value_1=10002101 WHERE stationary_mission_id=71002001;
UPDATE hatsune_stationary_mission_data SET condition_value_1=10002102 WHERE stationary_mission_id=71002002;
UPDATE hatsune_stationary_mission_data SET condition_value_1=10002103 WHERE stationary_mission_id=71002003;
UPDATE hatsune_stationary_mission_data SET condition_value_1=10002104 WHERE stationary_mission_id=71002004;
UPDATE hatsune_stationary_mission_data SET condition_value_1=10002105 WHERE stationary_mission_id=71002005;
UPDATE hatsune_stationary_mission_data SET condition_value_1=10002106 WHERE stationary_mission_id=71002006;
UPDATE hatsune_stationary_mission_data SET condition_value_1=10002107 WHERE stationary_mission_id=71002007;
UPDATE hatsune_stationary_mission_data SET condition_value_1=10002108 WHERE stationary_mission_id=71002008;
UPDATE hatsune_stationary_mission_data SET condition_value_1=10002109 WHERE stationary_mission_id=71002009;
UPDATE hatsune_stationary_mission_data SET condition_value_1=10002110 WHERE stationary_mission_id=71002010;
UPDATE hatsune_stationary_mission_data SET condition_value_1=10002111 WHERE stationary_mission_id=71002011;
UPDATE hatsune_stationary_mission_data SET condition_value_1=10002112 WHERE stationary_mission_id=71002012;
UPDATE hatsune_stationary_mission_data SET condition_value_1=10002113 WHERE stationary_mission_id=71002013;
UPDATE hatsune_stationary_mission_data SET condition_value_1=10002114 WHERE stationary_mission_id=71002014;
UPDATE hatsune_stationary_mission_data SET condition_value_1=10002115 WHERE stationary_mission_id=71002015;
UPDATE hatsune_stationary_mission_data SET condition_value_1=10002201 WHERE stationary_mission_id=71002016;
UPDATE hatsune_stationary_mission_data SET condition_value_1=10002202 WHERE stationary_mission_id=71002017;
UPDATE hatsune_stationary_mission_data SET condition_value_1=10002203 WHERE stationary_mission_id=71002018;
UPDATE hatsune_stationary_mission_data SET condition_value_1=10002204 WHERE stationary_mission_id=71002019;
UPDATE hatsune_stationary_mission_data SET condition_value_1=10002205 WHERE stationary_mission_id=71002020;
INSERT INTO hatsune_stationary_mission_data(stationary_mission_id,disp_group,category_icon,description,mission_condition,condition_value_1,condition_value_2,condition_value_3,condition_num,mission_reward_id,system_id,start_time,end_time) VALUES(71003001,102,601,'イベントクエスト1-1 (NORMAL)をクリアしよう',9003,10003101,0,0,1,71003001,6004,'2018/05/31 12:00:00','2018/06/25 14:59:59');
INSERT INTO hatsune_stationary_mission_data(stationary_mission_id,disp_group,category_icon,description,mission_condition,condition_value_1,condition_value_2,condition_value_3,condition_num,mission_reward_id,system_id,start_time,end_time) VALUES(71003002,102,601,'イベントクエスト1-2 (NORMAL)をクリアしよう',9003,10003102,0,0,1,71003002,6004,'2018/05/31 12:00:00','2018/06/25 14:59:59');
INSERT INTO hatsune_stationary_mission_data(stationary_mission_id,disp_group,category_icon,description,mission_condition,condition_value_1,condition_value_2,condition_value_3,condition_num,mission_reward_id,system_id,start_time,end_time) VALUES(71003003,102,601,'イベントクエスト1-3 (NORMAL)をクリアしよう',9003,10003103,0,0,1,71003003,6004,'2018/05/31 12:00:00','2018/06/25 14:59:59');
INSERT INTO hatsune_stationary_mission_data(stationary_mission_id,disp_group,category_icon,description,mission_condition,condition_value_1,condition_value_2,condition_value_3,condition_num,mission_reward_id,system_id,start_time,end_time) VALUES(71003004,102,601,'イベントクエスト1-4 (NORMAL)をクリアしよう',9003,10003104,0,0,1,71003004,6004,'2018/05/31 12:00:00','2018/06/25 14:59:59');
INSERT INTO hatsune_stationary_mission_data(stationary_mission_id,disp_group,category_icon,description,mission_condition,condition_value_1,condition_value_2,condition_value_3,condition_num,mission_reward_id,system_id,start_time,end_time) VALUES(71003005,102,601,'イベントクエスト1-5 (NORMAL)をクリアしよう',9003,10003105,0,0,1,71003005,6004,'2018/05/31 12:00:00','2018/06/25 14:59:59');
INSERT INTO hatsune_stationary_mission_data(stationary_mission_id,disp_group,category_icon,description,mission_condition,condition_value_1,condition_value_2,condition_value_3,condition_num,mission_reward_id,system_id,start_time,end_time) VALUES(71003006,102,601,'イベントクエスト1-6 (NORMAL)をクリアしよう',9003,10003106,0,0,1,71003006,6004,'2018/05/31 12:00:00','2018/06/25 14:59:59');
INSERT INTO hatsune_stationary_mission_data(stationary_mission_id,disp_group,category_icon,description,mission_condition,condition_value_1,condition_value_2,condition_value_3,condition_num,mission_reward_id,system_id,start_time,end_time) VALUES(71003007,102,601,'イベントクエスト1-7 (NORMAL)をクリアしよう',9003,10003107,0,0,1,71003007,6004,'2018/05/31 12:00:00','2018/06/25 14:59:59');
INSERT INTO hatsune_stationary_mission_data(stationary_mission_id,disp_group,category_icon,description,mission_condition,condition_value_1,condition_value_2,condition_value_3,condition_num,mission_reward_id,system_id,start_time,end_time) VALUES(71003008,102,601,'イベントクエスト1-8 (NORMAL)をクリアしよう',9003,10003108,0,0,1,71003008,6004,'2018/05/31 12:00:00','2018/06/25 14:59:59');
INSERT INTO hatsune_stationary_mission_data(stationary_mission_id,disp_group,category_icon,description,mission_condition,condition_value_1,condition_value_2,condition_value_3,condition_num,mission_reward_id,system_id,start_time,end_time) VALUES(71003009,102,601,'イベントクエスト1-9 (NORMAL)をクリアしよう',9003,10003109,0,0,1,71003009,6004,'2018/05/31 12:00:00','2018/06/25 14:59:59');
INSERT INTO hatsune_stationary_mission_data(stationary_mission_id,disp_group,category_icon,description,mission_condition,condition_value_1,condition_value_2,condition_value_3,condition_num,mission_reward_id,system_id,start_time,end_time) VALUES(71003010,102,601,'イベントクエスト1-10 (NORMAL)をクリアしよう',9003,10003110,0,0,1,71003010,6004,'2018/05/31 12:00:00','2018/06/25 14:59:59');
INSERT INTO hatsune_stationary_mission_data(stationary_mission_id,disp_group,category_icon,description,mission_condition,condition_value_1,condition_value_2,condition_value_3,condition_num,mission_reward_id,system_id,start_time,end_time) VALUES(71003011,102,601,'イベントクエスト1-11 (NORMAL)をクリアしよう',9003,10003111,0,0,1,71003011,6004,'2018/05/31 12:00:00','2018/06/25 14:59:59');
INSERT INTO hatsune_stationary_mission_data(stationary_mission_id,disp_group,category_icon,description,mission_condition,condition_value_1,condition_value_2,condition_value_3,condition_num,mission_reward_id,system_id,start_time,end_time) VALUES(71003012,102,601,'イベントクエスト1-12 (NORMAL)をクリアしよう',9003,10003112,0,0,1,71003012,6004,'2018/05/31 12:00:00','2018/06/25 14:59:59');
INSERT INTO hatsune_stationary_mission_data(stationary_mission_id,disp_group,category_icon,description,mission_condition,condition_value_1,condition_value_2,condition_value_3,condition_num,mission_reward_id,system_id,start_time,end_time) VALUES(71003013,102,601,'イベントクエスト1-13 (NORMAL)をクリアしよう',9003,10003113,0,0,1,71003013,6004,'2018/05/31 12:00:00','2018/06/25 14:59:59');
INSERT INTO hatsune_stationary_mission_data(stationary_mission_id,disp_group,category_icon,description,mission_condition,condition_value_1,condition_value_2,condition_value_3,condition_num,mission_reward_id,system_id,start_time,end_time) VALUES(71003014,102,601,'イベントクエスト1-14 (NORMAL)をクリアしよう',9003,10003114,0,0,1,71003014,6004,'2018/05/31 12:00:00','2018/06/25 14:59:59');
INSERT INTO hatsune_stationary_mission_data(stationary_mission_id,disp_group,category_icon,description,mission_condition,condition_value_1,condition_value_2,condition_value_3,condition_num,mission_reward_id,system_id,start_time,end_time) VALUES(71003015,102,601,'イベントクエスト1-15 (NORMAL)をクリアしよう',9003,10003115,0,0,1,71003015,6004,'2018/05/31 12:00:00','2018/06/25 14:59:59');
INSERT INTO hatsune_stationary_mission_data(stationary_mission_id,disp_group,category_icon,description,mission_condition,condition_value_1,condition_value_2,condition_value_3,condition_num,mission_reward_id,system_id,start_time,end_time) VALUES(71003016,103,601,'イベントクエスト1-1 (HARD)をクリアしよう',9003,10003201,0,0,1,71003016,6005,'2018/05/31 12:00:00','2018/06/25 14:59:59');
INSERT INTO hatsune_stationary_mission_data(stationary_mission_id,disp_group,category_icon,description,mission_condition,condition_value_1,condition_value_2,condition_value_3,condition_num,mission_reward_id,system_id,start_time,end_time) VALUES(71003017,103,601,'イベントクエスト1-2 (HARD)をクリアしよう',9003,10003202,0,0,1,71003017,6005,'2018/05/31 12:00:00','2018/06/25 14:59:59');
INSERT INTO hatsune_stationary_mission_data(stationary_mission_id,disp_group,category_icon,description,mission_condition,condition_value_1,condition_value_2,condition_value_3,condition_num,mission_reward_id,system_id,start_time,end_time) VALUES(71003018,103,601,'イベントクエスト1-3 (HARD)をクリアしよう',9003,10003203,0,0,1,71003018,6005,'2018/05/31 12:00:00','2018/06/25 14:59:59');
INSERT INTO hatsune_stationary_mission_data(stationary_mission_id,disp_group,category_icon,description,mission_condition,condition_value_1,condition_value_2,condition_value_3,condition_num,mission_reward_id,system_id,start_time,end_time) VALUES(71003019,103,601,'イベントクエスト1-4 (HARD)をクリアしよう',9003,10003204,0,0,1,71003019,6005,'2018/05/31 12:00:00','2018/06/25 14:59:59');
INSERT INTO hatsune_stationary_mission_data(stationary_mission_id,disp_group,category_icon,description,mission_condition,condition_value_1,condition_value_2,condition_value_3,condition_num,mission_reward_id,system_id,start_time,end_time) VALUES(71003020,103,601,'イベントクエスト1-5 (HARD)をクリアしよう',9003,10003205,0,0,1,71003020,6005,'2018/05/31 12:00:00','2018/06/25 14:59:59');
INSERT INTO hatsune_stationary_mission_data(stationary_mission_id,disp_group,category_icon,description,mission_condition,condition_value_1,condition_value_2,condition_value_3,condition_num,mission_reward_id,system_id,start_time,end_time) VALUES(71003021,104,601,'討伐証交換の報酬ラインナップを1回リセットしよう',9006,0,0,0,1,71003021,6002,'2018/05/31 12:00:00','2018/06/25 14:59:59');
INSERT INTO hatsune_stationary_mission_data(stationary_mission_id,disp_group,category_icon,description,mission_condition,condition_value_1,condition_value_2,condition_value_3,condition_num,mission_reward_id,system_id,start_time,end_time) VALUES(71003022,104,601,'討伐証交換の報酬ラインナップを2回リセットしよう',9006,0,0,0,2,71003022,6002,'2018/05/31 12:00:00','2018/06/25 14:59:59');
INSERT INTO hatsune_stationary_mission_data(stationary_mission_id,disp_group,category_icon,description,mission_condition,condition_value_1,condition_value_2,condition_value_3,condition_num,mission_reward_id,system_id,start_time,end_time) VALUES(71003023,104,601,'討伐証交換の報酬ラインナップを3回リセットしよう',9006,0,0,0,3,71003023,6002,'2018/05/31 12:00:00','2018/06/25 14:59:59');
INSERT INTO hatsune_stationary_mission_data(stationary_mission_id,disp_group,category_icon,description,mission_condition,condition_value_1,condition_value_2,condition_value_3,condition_num,mission_reward_id,system_id,start_time,end_time) VALUES(71003024,104,601,'討伐証交換の報酬ラインナップを4回リセットしよう',9006,0,0,0,4,71003024,6002,'2018/05/31 12:00:00','2018/06/25 14:59:59');
INSERT INTO hatsune_stationary_mission_data(stationary_mission_id,disp_group,category_icon,description,mission_condition,condition_value_1,condition_value_2,condition_value_3,condition_num,mission_reward_id,system_id,start_time,end_time) VALUES(71003025,105,601,'ガルグを5体倒そう（NORMAL、HARD共通）',9011,0,0,0,5,71003025,6008,'2018/05/31 12:00:00','2018/06/25 14:59:59');
INSERT INTO hatsune_stationary_mission_data(stationary_mission_id,disp_group,category_icon,description,mission_condition,condition_value_1,condition_value_2,condition_value_3,condition_num,mission_reward_id,system_id,start_time,end_time) VALUES(71003026,105,601,'ガルグを10体倒そう（NORMAL、HARD共通）',9011,0,0,0,10,71003026,6008,'2018/05/31 12:00:00','2018/06/25 14:59:59');
INSERT INTO hatsune_stationary_mission_data(stationary_mission_id,disp_group,category_icon,description,mission_condition,condition_value_1,condition_value_2,condition_value_3,condition_num,mission_reward_id,system_id,start_time,end_time) VALUES(71003027,105,601,'ガルグを15体倒そう（NORMAL、HARD共通）',9011,0,0,0,15,71003027,6008,'2018/05/31 12:00:00','2018/06/25 14:59:59');
INSERT INTO hatsune_stationary_mission_data(stationary_mission_id,disp_group,category_icon,description,mission_condition,condition_value_1,condition_value_2,condition_value_3,condition_num,mission_reward_id,system_id,start_time,end_time) VALUES(71003028,105,601,'ガルグを20体倒そう（NORMAL、HARD共通）',9011,0,0,0,20,71003028,6008,'2018/05/31 12:00:00','2018/06/25 14:59:59');
INSERT INTO hatsune_stationary_mission_data(stationary_mission_id,disp_group,category_icon,description,mission_condition,condition_value_1,condition_value_2,condition_value_3,condition_num,mission_reward_id,system_id,start_time,end_time) VALUES(71003029,105,601,'ガルグを25体倒そう（NORMAL、HARD共通）',9011,0,0,0,25,71003029,6008,'2018/05/31 12:00:00','2018/06/25 14:59:59');
INSERT INTO hatsune_stationary_mission_data(stationary_mission_id,disp_group,category_icon,description,mission_condition,condition_value_1,condition_value_2,condition_value_3,condition_num,mission_reward_id,system_id,start_time,end_time) VALUES(71003030,105,601,'ガルグを30体倒そう（NORMAL、HARD共通）',9011,0,0,0,30,71003030,6008,'2018/05/31 12:00:00','2018/06/25 14:59:59');
UPDATE hatsune_unlock_story_condition SET condition_quest_id=10001103 WHERE story_id=5001001;
UPDATE hatsune_unlock_story_condition SET condition_quest_id=10001105 WHERE story_id=5001002;
UPDATE hatsune_unlock_story_condition SET condition_quest_id=10001107 WHERE story_id=5001003;
UPDATE hatsune_unlock_story_condition SET condition_quest_id=10001109 WHERE story_id=5001004;
UPDATE hatsune_unlock_story_condition SET condition_quest_id=10001112 WHERE story_id=5001005;
UPDATE hatsune_unlock_story_condition SET condition_quest_id=10001115 WHERE story_id=5001006;
UPDATE hatsune_unlock_story_condition SET condition_quest_id=10002103 WHERE story_id=5002001;
UPDATE hatsune_unlock_story_condition SET condition_quest_id=10002105 WHERE story_id=5002002;
UPDATE hatsune_unlock_story_condition SET condition_quest_id=10002107 WHERE story_id=5002003;
UPDATE hatsune_unlock_story_condition SET condition_quest_id=10002109 WHERE story_id=5002004;
UPDATE hatsune_unlock_story_condition SET condition_quest_id=10002112 WHERE story_id=5002005;
UPDATE hatsune_unlock_story_condition SET condition_quest_id=10002115 WHERE story_id=5002006;
INSERT INTO hatsune_unlock_story_condition(story_id,event_id,condition_entry,condition_quest_id,condition_boss_id,condition_mission_id) VALUES(5003000,10003,1,0,0,0);
INSERT INTO hatsune_unlock_story_condition(story_id,event_id,condition_entry,condition_quest_id,condition_boss_id,condition_mission_id) VALUES(5003001,10003,0,10003103,0,0);
INSERT INTO hatsune_unlock_story_condition(story_id,event_id,condition_entry,condition_quest_id,condition_boss_id,condition_mission_id) VALUES(5003002,10003,0,10003105,0,0);
INSERT INTO hatsune_unlock_story_condition(story_id,event_id,condition_entry,condition_quest_id,condition_boss_id,condition_mission_id) VALUES(5003003,10003,0,10003107,0,0);
INSERT INTO hatsune_unlock_story_condition(story_id,event_id,condition_entry,condition_quest_id,condition_boss_id,condition_mission_id) VALUES(5003004,10003,0,10003109,0,0);
INSERT INTO hatsune_unlock_story_condition(story_id,event_id,condition_entry,condition_quest_id,condition_boss_id,condition_mission_id) VALUES(5003005,10003,0,10003112,0,0);
INSERT INTO hatsune_unlock_story_condition(story_id,event_id,condition_entry,condition_quest_id,condition_boss_id,condition_mission_id) VALUES(5003006,10003,0,10003115,0,0);
INSERT INTO hatsune_unlock_story_condition(story_id,event_id,condition_entry,condition_quest_id,condition_boss_id,condition_mission_id) VALUES(5003007,10003,0,0,0,71003025);
INSERT INTO item_data(item_id,item_name,description,promotion_level,item_type,value,price,limit_num,start_time,end_time) VALUES(31044,'イリヤのメモリーピース','イリヤの記憶の欠片が封印されたアイテム。キャラの解放や才能開花に一定数必要となる。',1,11,31044,0,9999,'2015/12/17 15:00:00','2099/08/01 14:59:59');
INSERT INTO item_data(item_id,item_name,description,promotion_level,item_type,value,price,limit_num,start_time,end_time) VALUES(60021,'ボスチケット','イベント期間中に入手できるチケット。消費してボスバトルに挑戦できる。',1,13,0,0,9999,'2015/12/17 15:00:00','2099/04/24 14:59:59');
INSERT INTO item_data(item_id,item_name,description,promotion_level,item_type,value,price,limit_num,start_time,end_time) VALUES(60022,'討伐証','イベント期間中にモンスターを討伐した証。集めて討伐証交換ができる。',1,13,0,0,9999,'2015/12/17 15:00:00','2099/04/24 14:59:59');
INSERT INTO odds_name_data(id,odds_file,name,icon_type,description) VALUES(8,'1000320101','マホのメモリーピース',99002,'');
INSERT INTO odds_name_data(id,odds_file,name,icon_type,description) VALUES(9,'1000320102','カオリのメモリーピース',99002,'');
UPDATE quest_data SET limit_team_level=45 WHERE quest_id=11008001;
UPDATE quest_data SET limit_team_level=45 WHERE quest_id=11008002;
UPDATE quest_data SET limit_team_level=45 WHERE quest_id=11008003;
UPDATE quest_data SET limit_team_level=45 WHERE quest_id=11008004;
UPDATE quest_data SET limit_team_level=45 WHERE quest_id=11008005;
UPDATE quest_data SET limit_team_level=45 WHERE quest_id=11008006;
UPDATE quest_data SET limit_team_level=45 WHERE quest_id=11008007;
UPDATE quest_data SET limit_team_level=45 WHERE quest_id=11008008;
UPDATE quest_data SET limit_team_level=45 WHERE quest_id=11008009;
UPDATE quest_data SET limit_team_level=45 WHERE quest_id=11008010;
UPDATE quest_data SET limit_team_level=45 WHERE quest_id=11008011;
UPDATE quest_data SET limit_team_level=45 WHERE quest_id=11008012;
UPDATE quest_data SET limit_team_level=45 WHERE quest_id=11008013;
UPDATE quest_data SET limit_team_level=45 WHERE quest_id=11008014;
UPDATE quest_data SET limit_team_level=45 WHERE quest_id=11008015;
UPDATE quest_data SET limit_team_level=50 WHERE quest_id=11009001;
UPDATE quest_data SET limit_team_level=50 WHERE quest_id=11009002;
UPDATE quest_data SET limit_team_level=50 WHERE quest_id=11009003;
UPDATE quest_data SET limit_team_level=50 WHERE quest_id=11009004;
UPDATE quest_data SET limit_team_level=50 WHERE quest_id=11009005;
UPDATE quest_data SET limit_team_level=50 WHERE quest_id=11009006;
UPDATE quest_data SET limit_team_level=50 WHERE quest_id=11009007;
UPDATE quest_data SET limit_team_level=50 WHERE quest_id=11009008;
UPDATE quest_data SET limit_team_level=50 WHERE quest_id=11009009;
UPDATE quest_data SET limit_team_level=50 WHERE quest_id=11009010;
UPDATE quest_data SET limit_team_level=50 WHERE quest_id=11009011;
UPDATE quest_data SET limit_team_level=50 WHERE quest_id=11009012;
UPDATE quest_data SET limit_team_level=50 WHERE quest_id=11009013;
UPDATE quest_data SET limit_team_level=50 WHERE quest_id=11009014;
UPDATE quest_data SET limit_team_level=50 WHERE quest_id=11009015;
UPDATE quest_data SET limit_team_level=55 WHERE quest_id=11010001;
UPDATE quest_data SET limit_team_level=55 WHERE quest_id=11010002;
UPDATE quest_data SET limit_team_level=55 WHERE quest_id=11010003;
UPDATE quest_data SET limit_team_level=55 WHERE quest_id=11010004;
UPDATE quest_data SET limit_team_level=55 WHERE quest_id=11010005;
UPDATE quest_data SET limit_team_level=55 WHERE quest_id=11010006;
UPDATE quest_data SET limit_team_level=55 WHERE quest_id=11010007;
UPDATE quest_data SET limit_team_level=55 WHERE quest_id=11010008;
UPDATE quest_data SET limit_team_level=55 WHERE quest_id=11010009;
UPDATE quest_data SET limit_team_level=55 WHERE quest_id=11010010;
UPDATE quest_data SET limit_team_level=55 WHERE quest_id=11010011;
UPDATE quest_data SET limit_team_level=55 WHERE quest_id=11010012;
UPDATE quest_data SET limit_team_level=55 WHERE quest_id=11010013;
UPDATE quest_data SET limit_team_level=55 WHERE quest_id=11010014;
UPDATE quest_data SET limit_team_level=55 WHERE quest_id=11010015;
UPDATE quest_data SET limit_team_level=55 WHERE quest_id=11010016;
UPDATE quest_data SET limit_team_level=55 WHERE quest_id=11010017;
UPDATE quest_data SET limit_team_level=64 WHERE quest_id=11011001;
UPDATE quest_data SET limit_team_level=64 WHERE quest_id=11011002;
UPDATE quest_data SET limit_team_level=64 WHERE quest_id=11011003;
UPDATE quest_data SET limit_team_level=64 WHERE quest_id=11011004;
UPDATE quest_data SET limit_team_level=64 WHERE quest_id=11011005;
UPDATE quest_data SET limit_team_level=64 WHERE quest_id=11011006;
UPDATE quest_data SET limit_team_level=64 WHERE quest_id=11011007;
UPDATE quest_data SET limit_team_level=64 WHERE quest_id=11011008;
UPDATE quest_data SET limit_team_level=64 WHERE quest_id=11011009;
UPDATE quest_data SET limit_team_level=64 WHERE quest_id=11011010;
UPDATE quest_data SET limit_team_level=64 WHERE quest_id=11011011;
UPDATE quest_data SET limit_team_level=64 WHERE quest_id=11011012;
UPDATE quest_data SET limit_team_level=64 WHERE quest_id=11011013;
UPDATE quest_data SET limit_team_level=64 WHERE quest_id=11011014;
UPDATE quest_data SET limit_team_level=64 WHERE quest_id=11011015;
UPDATE quest_data SET limit_team_level=64 WHERE quest_id=11011016;
UPDATE quest_data SET limit_team_level=64 WHERE quest_id=11011017;
UPDATE quest_data SET limit_team_level=45 WHERE quest_id=12008001;
UPDATE quest_data SET limit_team_level=45 WHERE quest_id=12008002;
UPDATE quest_data SET limit_team_level=45 WHERE quest_id=12008003;
UPDATE quest_data SET limit_team_level=50 WHERE quest_id=12009001;
UPDATE quest_data SET limit_team_level=50 WHERE quest_id=12009002;
UPDATE quest_data SET limit_team_level=50 WHERE quest_id=12009003;
UPDATE quest_data SET limit_team_level=55 WHERE quest_id=12010001;
UPDATE quest_data SET limit_team_level=55 WHERE quest_id=12010002;
UPDATE quest_data SET limit_team_level=55 WHERE quest_id=12010003;
UPDATE quest_data SET limit_team_level=64 WHERE quest_id=12011001;
UPDATE quest_data SET limit_team_level=64 WHERE quest_id=12011002;
UPDATE quest_data SET limit_team_level=64 WHERE quest_id=12011003;
INSERT INTO quest_reward_data(reward_group_id,reward_type_1,reward_id_1,reward_num_1,reward_type_2,reward_id_2,reward_num_2,reward_type_3,reward_id_3,reward_num_3,reward_type_4,reward_id_4,reward_num_4,reward_type_5,reward_id_5,reward_num_5) VALUES(610003011,8,91002,30,2,60022,10,2,23001,3,0,0,0,0,0,0);
INSERT INTO quest_reward_data(reward_group_id,reward_type_1,reward_id_1,reward_num_1,reward_type_2,reward_id_2,reward_num_2,reward_type_3,reward_id_3,reward_num_3,reward_type_4,reward_id_4,reward_num_4,reward_type_5,reward_id_5,reward_num_5) VALUES(610003021,8,91002,60,2,60022,20,2,23001,6,0,0,0,0,0,0);
INSERT INTO quest_reward_data(reward_group_id,reward_type_1,reward_id_1,reward_num_1,reward_type_2,reward_id_2,reward_num_2,reward_type_3,reward_id_3,reward_num_3,reward_type_4,reward_id_4,reward_num_4,reward_type_5,reward_id_5,reward_num_5) VALUES(610003101,2,60022,10,4,113401,1,4,113011,1,0,0,0,0,0,0);
INSERT INTO quest_reward_data(reward_group_id,reward_type_1,reward_id_1,reward_num_1,reward_type_2,reward_id_2,reward_num_2,reward_type_3,reward_id_3,reward_num_3,reward_type_4,reward_id_4,reward_num_4,reward_type_5,reward_id_5,reward_num_5) VALUES(610003102,2,60021,4,4,113222,1,4,113071,1,0,0,0,0,0,0);
INSERT INTO quest_reward_data(reward_group_id,reward_type_1,reward_id_1,reward_num_1,reward_type_2,reward_id_2,reward_num_2,reward_type_3,reward_id_3,reward_num_3,reward_type_4,reward_id_4,reward_num_4,reward_type_5,reward_id_5,reward_num_5) VALUES(610003103,2,60021,4,4,113013,1,4,123251,1,0,0,0,0,0,0);
INSERT INTO quest_reward_data(reward_group_id,reward_type_1,reward_id_1,reward_num_1,reward_type_2,reward_id_2,reward_num_2,reward_type_3,reward_id_3,reward_num_3,reward_type_4,reward_id_4,reward_num_4,reward_type_5,reward_id_5,reward_num_5) VALUES(610003104,2,60021,4,4,123371,1,4,123161,1,0,0,0,0,0,0);
INSERT INTO quest_reward_data(reward_group_id,reward_type_1,reward_id_1,reward_num_1,reward_type_2,reward_id_2,reward_num_2,reward_type_3,reward_id_3,reward_num_3,reward_type_4,reward_id_4,reward_num_4,reward_type_5,reward_id_5,reward_num_5) VALUES(610003105,2,60021,4,4,113131,1,4,113221,1,0,0,0,0,0,0);
INSERT INTO quest_reward_data(reward_group_id,reward_type_1,reward_id_1,reward_num_1,reward_type_2,reward_id_2,reward_num_2,reward_type_3,reward_id_3,reward_num_3,reward_type_4,reward_id_4,reward_num_4,reward_type_5,reward_id_5,reward_num_5) VALUES(610003106,2,60021,4,4,113012,1,4,113191,1,0,0,0,0,0,0);
INSERT INTO quest_reward_data(reward_group_id,reward_type_1,reward_id_1,reward_num_1,reward_type_2,reward_id_2,reward_num_2,reward_type_3,reward_id_3,reward_num_3,reward_type_4,reward_id_4,reward_num_4,reward_type_5,reward_id_5,reward_num_5) VALUES(610003107,2,60021,4,4,113252,1,4,113431,1,0,0,0,0,0,0);
INSERT INTO quest_reward_data(reward_group_id,reward_type_1,reward_id_1,reward_num_1,reward_type_2,reward_id_2,reward_num_2,reward_type_3,reward_id_3,reward_num_3,reward_type_4,reward_id_4,reward_num_4,reward_type_5,reward_id_5,reward_num_5) VALUES(610003108,2,60021,4,4,113401,1,4,113551,1,0,0,0,0,0,0);
INSERT INTO quest_reward_data(reward_group_id,reward_type_1,reward_id_1,reward_num_1,reward_type_2,reward_id_2,reward_num_2,reward_type_3,reward_id_3,reward_num_3,reward_type_4,reward_id_4,reward_num_4,reward_type_5,reward_id_5,reward_num_5) VALUES(610003109,2,60021,4,4,123583,1,4,113611,1,0,0,0,0,0,0);
INSERT INTO quest_reward_data(reward_group_id,reward_type_1,reward_id_1,reward_num_1,reward_type_2,reward_id_2,reward_num_2,reward_type_3,reward_id_3,reward_num_3,reward_type_4,reward_id_4,reward_num_4,reward_type_5,reward_id_5,reward_num_5) VALUES(610003110,2,60021,4,4,123582,1,4,113581,1,0,0,0,0,0,0);
INSERT INTO quest_reward_data(reward_group_id,reward_type_1,reward_id_1,reward_num_1,reward_type_2,reward_id_2,reward_num_2,reward_type_3,reward_id_3,reward_num_3,reward_type_4,reward_id_4,reward_num_4,reward_type_5,reward_id_5,reward_num_5) VALUES(610003111,2,60021,4,4,123583,1,4,113431,1,0,0,0,0,0,0);
INSERT INTO quest_reward_data(reward_group_id,reward_type_1,reward_id_1,reward_num_1,reward_type_2,reward_id_2,reward_num_2,reward_type_3,reward_id_3,reward_num_3,reward_type_4,reward_id_4,reward_num_4,reward_type_5,reward_id_5,reward_num_5) VALUES(610003112,2,60021,4,4,113552,1,4,113551,1,0,0,0,0,0,0);
INSERT INTO quest_reward_data(reward_group_id,reward_type_1,reward_id_1,reward_num_1,reward_type_2,reward_id_2,reward_num_2,reward_type_3,reward_id_3,reward_num_3,reward_type_4,reward_id_4,reward_num_4,reward_type_5,reward_id_5,reward_num_5) VALUES(610003113,2,60021,4,4,123582,1,4,113611,1,0,0,0,0,0,0);
INSERT INTO quest_reward_data(reward_group_id,reward_type_1,reward_id_1,reward_num_1,reward_type_2,reward_id_2,reward_num_2,reward_type_3,reward_id_3,reward_num_3,reward_type_4,reward_id_4,reward_num_4,reward_type_5,reward_id_5,reward_num_5) VALUES(610003114,2,60021,4,4,124251,1,4,113581,1,0,0,0,0,0,0);
INSERT INTO quest_reward_data(reward_group_id,reward_type_1,reward_id_1,reward_num_1,reward_type_2,reward_id_2,reward_num_2,reward_type_3,reward_id_3,reward_num_3,reward_type_4,reward_id_4,reward_num_4,reward_type_5,reward_id_5,reward_num_5) VALUES(610003115,2,60021,4,4,114011,1,4,113372,1,0,0,0,0,0,0);
INSERT INTO quest_reward_data(reward_group_id,reward_type_1,reward_id_1,reward_num_1,reward_type_2,reward_id_2,reward_num_2,reward_type_3,reward_id_3,reward_num_3,reward_type_4,reward_id_4,reward_num_4,reward_type_5,reward_id_5,reward_num_5) VALUES(610003116,2,31010,3,2,60021,8,4,114371,1,4,124131,1,0,0,0);
INSERT INTO quest_reward_data(reward_group_id,reward_type_1,reward_id_1,reward_num_1,reward_type_2,reward_id_2,reward_num_2,reward_type_3,reward_id_3,reward_num_3,reward_type_4,reward_id_4,reward_num_4,reward_type_5,reward_id_5,reward_num_5) VALUES(610003117,2,31017,3,2,60021,8,4,114341,1,4,114191,1,0,0,0);
INSERT INTO quest_reward_data(reward_group_id,reward_type_1,reward_id_1,reward_num_1,reward_type_2,reward_id_2,reward_num_2,reward_type_3,reward_id_3,reward_num_3,reward_type_4,reward_id_4,reward_num_4,reward_type_5,reward_id_5,reward_num_5) VALUES(610003118,2,31010,3,2,60021,8,4,124311,1,4,124071,1,0,0,0);
INSERT INTO quest_reward_data(reward_group_id,reward_type_1,reward_id_1,reward_num_1,reward_type_2,reward_id_2,reward_num_2,reward_type_3,reward_id_3,reward_num_3,reward_type_4,reward_id_4,reward_num_4,reward_type_5,reward_id_5,reward_num_5) VALUES(610003119,2,31017,3,2,60021,8,4,124401,1,4,114461,1,0,0,0);
INSERT INTO quest_reward_data(reward_group_id,reward_type_1,reward_id_1,reward_num_1,reward_type_2,reward_id_2,reward_num_2,reward_type_3,reward_id_3,reward_num_3,reward_type_4,reward_id_4,reward_num_4,reward_type_5,reward_id_5,reward_num_5) VALUES(610003120,2,31010,3,2,60021,8,4,124521,1,4,124491,1,0,0,0);
INSERT INTO quest_reward_data(reward_group_id,reward_type_1,reward_id_1,reward_num_1,reward_type_2,reward_id_2,reward_num_2,reward_type_3,reward_id_3,reward_num_3,reward_type_4,reward_id_4,reward_num_4,reward_type_5,reward_id_5,reward_num_5) VALUES(610003121,8,91002,30,0,0,0,0,0,0,0,0,0,0,0,0);
INSERT INTO quest_reward_data(reward_group_id,reward_type_1,reward_id_1,reward_num_1,reward_type_2,reward_id_2,reward_num_2,reward_type_3,reward_id_3,reward_num_3,reward_type_4,reward_id_4,reward_num_4,reward_type_5,reward_id_5,reward_num_5) VALUES(610003122,8,91002,30,2,31010,2,0,0,0,0,0,0,0,0,0);
INSERT INTO quest_reward_data(reward_group_id,reward_type_1,reward_id_1,reward_num_1,reward_type_2,reward_id_2,reward_num_2,reward_type_3,reward_id_3,reward_num_3,reward_type_4,reward_id_4,reward_num_4,reward_type_5,reward_id_5,reward_num_5) VALUES(610003123,8,91002,30,2,31017,2,0,0,0,0,0,0,0,0,0);
INSERT INTO reward_collect_guide(object_id,quest_id_1,quest_id_2,quest_id_3,quest_id_4,quest_id_5,quest_id_6,quest_id_7,quest_id_8,quest_id_9,quest_id_10,system_id_1,system_id_2,system_id_3,system_id_4,system_id_5) VALUES(31044,0,0,0,0,0,0,0,0,0,0,0,0,0,0,0);
INSERT INTO room_unit_comments(rowid,id,unit_id,"trigger",voice_id,beloved_step,time,face_id,description,insert_word_type) VALUES(2153,2283,104401,1,1,1,0,1,'世界の前に、\nこの部屋を征服\nしてやろう♪',0);
INSERT INTO room_unit_comments(rowid,id,unit_id,"trigger",voice_id,beloved_step,time,face_id,description,insert_word_type) VALUES(2154,2284,104401,1,2,1,0,1,'拠点とはやはり\n斯くあるべきじゃの',0);
INSERT INTO room_unit_comments(rowid,id,unit_id,"trigger",voice_id,beloved_step,time,face_id,description,insert_word_type) VALUES(2155,2285,104401,1,3,1,0,1,'眷属の物はわらわの物\n故に、この部屋は\nわらわの部屋じゃな！',0);
INSERT INTO room_unit_comments(rowid,id,unit_id,"trigger",voice_id,beloved_step,time,face_id,description,insert_word_type) VALUES(2156,2286,104401,1,4,1,0,1,'永く眠っている間に\n随分と世界は変わった\nようじゃな…',0);
INSERT INTO room_unit_comments(rowid,id,unit_id,"trigger",voice_id,beloved_step,time,face_id,description,insert_word_type) VALUES(2157,2287,104401,1,5,1,0,1,'うるさいのう～\nまったく、近頃の\n若いもんは…',0);
INSERT INTO room_unit_comments(rowid,id,unit_id,"trigger",voice_id,beloved_step,time,face_id,description,insert_word_type) VALUES(2158,2288,104401,1,101,4,0,1,'あやつが来てから\n動悸が治まらぬ…\n如何ような病で\nあろうかの…',0);
INSERT INTO room_unit_comments(rowid,id,unit_id,"trigger",voice_id,beloved_step,time,face_id,description,insert_word_type) VALUES(2159,2289,104401,1,102,8,0,1,'眷属よ、どこに行った\nのじゃ？\nわらわの世話を\n許可するのじゃ',0);
INSERT INTO room_unit_comments(rowid,id,unit_id,"trigger",voice_id,beloved_step,time,face_id,description,insert_word_type) VALUES(2160,2290,104401,2,1,1,0,1,'いずれ世界は\n我が手中に収まる\nふふふ、\n楽しみじゃのう',0);
INSERT INTO room_unit_comments(rowid,id,unit_id,"trigger",voice_id,beloved_step,time,face_id,description,insert_word_type) VALUES(2161,2291,104401,2,2,1,0,1,'眷属よ、わらわから\n離れてはならんぞ！\n子供に戻ってしまう\nではないか！',0);
INSERT INTO room_unit_comments(rowid,id,unit_id,"trigger",voice_id,beloved_step,time,face_id,description,insert_word_type) VALUES(2162,2292,104401,2,3,1,0,1,'トマトジュースが\n欲しいのじゃ！\n野菜ジュースでは\nダメだぞ！',0);
INSERT INTO room_unit_comments(rowid,id,unit_id,"trigger",voice_id,beloved_step,time,face_id,description,insert_word_type) VALUES(2163,2293,104401,2,4,1,0,1,'蚊にくわれたぞ！\nわらわの血を吸う\nとは～！',0);
INSERT INTO room_unit_comments(rowid,id,unit_id,"trigger",voice_id,beloved_step,time,face_id,description,insert_word_type) VALUES(2164,2294,104401,2,101,4,0,1,'こら、頭をなでるな\nお主はこの姿でも\n子供扱いするのか？',0);
INSERT INTO room_unit_comments(rowid,id,unit_id,"trigger",voice_id,beloved_step,time,face_id,description,insert_word_type) VALUES(2165,2295,104401,2,102,8,0,1,'お主が望むなら世界の\n半分をくれてやっても\n良いのじゃぞ？',0);
INSERT INTO room_unit_comments(rowid,id,unit_id,"trigger",voice_id,beloved_step,time,face_id,description,insert_word_type) VALUES(2166,2296,104401,2,1,1,1,1,'朝早くから感心じゃの\nさすがわらわの\n眷属じゃ',0);
INSERT INTO room_unit_comments(rowid,id,unit_id,"trigger",voice_id,beloved_step,time,face_id,description,insert_word_type) VALUES(2167,2297,104401,2,2,1,2,1,'太陽は苦手じゃ…\nこの部屋の中で\n過ごそうぞ',0);
INSERT INTO room_unit_comments(rowid,id,unit_id,"trigger",voice_id,beloved_step,time,face_id,description,insert_word_type) VALUES(2168,2298,104401,2,3,1,3,1,'夜も更けてきた！\nわらわ達の時間は\nこれからじゃ～♪',0);
INSERT INTO room_unit_comments(rowid,id,unit_id,"trigger",voice_id,beloved_step,time,face_id,description,insert_word_type) VALUES(2169,2300,104401,3,2,1,0,1,'よい座り心地じゃ\nわらわの玉座としよう',0);
INSERT INTO room_unit_comments(rowid,id,unit_id,"trigger",voice_id,beloved_step,time,face_id,description,insert_word_type) VALUES(2170,2301,104401,3,3,1,0,1,'可愛いではないか\nわらわの眷属に\nしてやろうかのう',0);
INSERT INTO room_unit_comments(rowid,id,unit_id,"trigger",voice_id,beloved_step,time,face_id,description,insert_word_type) VALUES(2171,2302,104401,3,4,1,0,1,'うむ、良い気持ちじゃ\nこれを作った者、\n褒めてつかわすぞ',0);
INSERT INTO room_unit_comments(rowid,id,unit_id,"trigger",voice_id,beloved_step,time,face_id,description,insert_word_type) VALUES(2172,2303,104401,3,5,1,0,1,'あたたかい…\n身も心も\n浄化されるようじゃ',0);
INSERT INTO room_unit_comments(rowid,id,unit_id,"trigger",voice_id,beloved_step,time,face_id,description,insert_word_type) VALUES(2173,2305,104401,3,7,1,0,1,'吸血鬼のわらわが、\nこのようなもの…\nうまい♪',0);
INSERT INTO room_unit_comments(rowid,id,unit_id,"trigger",voice_id,beloved_step,time,face_id,description,insert_word_type) VALUES(2174,2306,104401,3,8,1,0,1,'このまま大人の姿を\n保つ方法…どこかに\n書いてないかのう',0);
UPDATE skill_action SET description='自分のＨＰを{0}消費' WHERE action_id=102200201;
INSERT INTO skill_action(action_id,class_id,action_type,action_detail_1,action_detail_2,action_detail_3,action_value_1,action_value_2,action_value_3,action_value_4,action_value_5,action_value_6,action_value_7,target_assignment,target_area,target_range,target_type,target_number,target_count,description,level_up_disp) VALUES(104400101,1,7,1,0,0,0.0,0.0,0.0,0.0,0.0,0.0,0.0,1,2,2160,3,0,1,'','');
INSERT INTO skill_action(action_id,class_id,action_type,action_detail_1,action_detail_2,action_detail_3,action_value_1,action_value_2,action_value_3,action_value_4,action_value_5,action_value_6,action_value_7,target_assignment,target_area,target_range,target_type,target_number,target_count,description,level_up_disp) VALUES(104400102,1,1,2,0,0,27.0,27.0,2.16,0.0,0.0,0.0,0.0,1,2,250,1,0,99,'範囲内の敵に{0}の魔法ダメージ','魔法ダメージ+{0}');
INSERT INTO skill_action(action_id,class_id,action_type,action_detail_1,action_detail_2,action_detail_3,action_value_1,action_value_2,action_value_3,action_value_4,action_value_5,action_value_6,action_value_7,target_assignment,target_area,target_range,target_type,target_number,target_count,description,level_up_disp) VALUES(104400103,1,4,2,0,0,1.0,13.5,13.5,0.6,0.0,0.0,0.0,2,3,0,7,0,1,'自分のＨＰを{0}回復','ＨＰ回復量+{0}');
INSERT INTO skill_action(action_id,class_id,action_type,action_detail_1,action_detail_2,action_detail_3,action_value_1,action_value_2,action_value_3,action_value_4,action_value_5,action_value_6,action_value_7,target_assignment,target_area,target_range,target_type,target_number,target_count,description,level_up_disp) VALUES(104400104,1,2,1,0,0,100.0,0.0,0.0,0.0,0.0,0.0,0.0,1,1,2160,3,0,1,'','');
INSERT INTO skill_action(action_id,class_id,action_type,action_detail_1,action_detail_2,action_detail_3,action_value_1,action_value_2,action_value_3,action_value_4,action_value_5,action_value_6,action_value_7,target_assignment,target_area,target_range,target_type,target_number,target_count,description,level_up_disp) VALUES(104400201,1,1,2,0,0,0.0,0.0,1.0,0.0,0.0,0.0,0.0,2,3,0,7,0,1,'自分のＨＰを{0}消費','');
INSERT INTO skill_action(action_id,class_id,action_type,action_detail_1,action_detail_2,action_detail_3,action_value_1,action_value_2,action_value_3,action_value_4,action_value_5,action_value_6,action_value_7,target_assignment,target_area,target_range,target_type,target_number,target_count,description,level_up_disp) VALUES(104400202,1,10,30,1,0,1.0,11.0,11.0,12.0,0.0,0.0,1.0,2,3,0,7,0,1,'自分の魔法攻撃力を{0}アップ','魔法攻撃力アップ+{0}');
INSERT INTO skill_action(action_id,class_id,action_type,action_detail_1,action_detail_2,action_detail_3,action_value_1,action_value_2,action_value_3,action_value_4,action_value_5,action_value_6,action_value_7,target_assignment,target_area,target_range,target_type,target_number,target_count,description,level_up_disp) VALUES(104400203,1,1,2,0,0,20.0,20.0,1.6,0.0,0.0,0.0,0.0,1,1,-1,3,0,1,'敵単体に{0}の魔法ダメージ','魔法ダメージ+{0}');
INSERT INTO skill_action(action_id,class_id,action_type,action_detail_1,action_detail_2,action_detail_3,action_value_1,action_value_2,action_value_3,action_value_4,action_value_5,action_value_6,action_value_7,target_assignment,target_area,target_range,target_type,target_number,target_count,description,level_up_disp) VALUES(104400301,1,1,2,0,0,0.0,0.0,1.0,0.0,0.0,0.0,0.0,2,3,0,7,0,1,'自分のＨＰを{0}消費','');
INSERT INTO skill_action(action_id,class_id,action_type,action_detail_1,action_detail_2,action_detail_3,action_value_1,action_value_2,action_value_3,action_value_4,action_value_5,action_value_6,action_value_7,target_assignment,target_area,target_range,target_type,target_number,target_count,description,level_up_disp) VALUES(104400302,1,1,2,0,0,15.0,15.0,1.2,0.0,0.0,0.0,0.0,1,1,600,3,0,99,'範囲内の敵に{0}の魔法ダメージ','魔法ダメージ+{0}');
INSERT INTO skill_action(action_id,class_id,action_type,action_detail_1,action_detail_2,action_detail_3,action_value_1,action_value_2,action_value_3,action_value_4,action_value_5,action_value_6,action_value_7,target_assignment,target_area,target_range,target_type,target_number,target_count,description,level_up_disp) VALUES(104450101,1,90,4,0,0,1.0,15.0,15.0,1.0,0.0,0.0,0.0,0,0,0,0,0,0,'自分の魔法攻撃力を{0}アップ','魔法攻撃力アップ+{0}');
INSERT INTO skill_action(action_id,class_id,action_type,action_detail_1,action_detail_2,action_detail_3,action_value_1,action_value_2,action_value_3,action_value_4,action_value_5,action_value_6,action_value_7,target_assignment,target_area,target_range,target_type,target_number,target_count,description,level_up_disp) VALUES(104451101,1,90,4,0,0,1.0,240.0,15.0,1.0,0.0,0.0,0.0,0,0,0,0,0,0,'自分の魔法攻撃力を{0}アップ','魔法攻撃力アップ+{0}');
INSERT INTO skill_action(action_id,class_id,action_type,action_detail_1,action_detail_2,action_detail_3,action_value_1,action_value_2,action_value_3,action_value_4,action_value_5,action_value_6,action_value_7,target_assignment,target_area,target_range,target_type,target_number,target_count,description,level_up_disp) VALUES(300602101,1,1,1,0,0,13.5,13.5,2.8,0.0,0.0,0.0,0.0,1,1,3000,3,0,2,'','');
INSERT INTO skill_action(action_id,class_id,action_type,action_detail_1,action_detail_2,action_detail_3,action_value_1,action_value_2,action_value_3,action_value_4,action_value_5,action_value_6,action_value_7,target_assignment,target_area,target_range,target_type,target_number,target_count,description,level_up_disp) VALUES(300602102,1,8,5,0,0,0.0,0.0,4.0,0.0,0.0,0.0,0.0,1,1,3000,3,0,2,'','');
INSERT INTO skill_action(action_id,class_id,action_type,action_detail_1,action_detail_2,action_detail_3,action_value_1,action_value_2,action_value_3,action_value_4,action_value_5,action_value_6,action_value_7,target_assignment,target_area,target_range,target_type,target_number,target_count,description,level_up_disp) VALUES(300602201,1,9,1,0,0,3.0,5.0,4.0,0.0,0.0,0.0,0.0,1,2,3000,3,0,3,'','');
INSERT INTO skill_action(action_id,class_id,action_type,action_detail_1,action_detail_2,action_detail_3,action_value_1,action_value_2,action_value_3,action_value_4,action_value_5,action_value_6,action_value_7,target_assignment,target_area,target_range,target_type,target_number,target_count,description,level_up_disp) VALUES(300602202,1,10,21,1,0,1.0,0.36,0.36,8.0,0.0,0.0,0.0,1,2,3000,3,0,3,'','');
INSERT INTO skill_action(action_id,class_id,action_type,action_detail_1,action_detail_2,action_detail_3,action_value_1,action_value_2,action_value_3,action_value_4,action_value_5,action_value_6,action_value_7,target_assignment,target_area,target_range,target_type,target_number,target_count,description,level_up_disp) VALUES(302001101,1,1,2,0,0,13.5,13.5,2.8,0.0,0.0,0.0,0.0,1,3,3000,3,0,3,'','');
INSERT INTO skill_action(action_id,class_id,action_type,action_detail_1,action_detail_2,action_detail_3,action_value_1,action_value_2,action_value_3,action_value_4,action_value_5,action_value_6,action_value_7,target_assignment,target_area,target_range,target_type,target_number,target_count,description,level_up_disp) VALUES(302101101,1,7,1,0,0,0.0,0.0,0.0,0.0,0.0,0.0,0.0,1,2,3000,3,0,1,'','');
INSERT INTO skill_action(action_id,class_id,action_type,action_detail_1,action_detail_2,action_detail_3,action_value_1,action_value_2,action_value_3,action_value_4,action_value_5,action_value_6,action_value_7,target_assignment,target_area,target_range,target_type,target_number,target_count,description,level_up_disp) VALUES(302101102,1,1,1,0,0,13.5,13.5,2.6,0.0,0.0,0.0,0.0,1,2,300,1,0,3,'','');
UPDATE skill_action SET action_value_1=15.0, action_value_2=7.5 WHERE action_id=302200101;
UPDATE skill_action SET action_detail_1=41 WHERE action_id=302200102;
INSERT INTO skill_action(action_id,class_id,action_type,action_detail_1,action_detail_2,action_detail_3,action_value_1,action_value_2,action_value_3,action_value_4,action_value_5,action_value_6,action_value_7,target_assignment,target_area,target_range,target_type,target_number,target_count,description,level_up_disp) VALUES(302201101,1,1,2,0,0,15.0,7.5,1.08,0.0,0.0,0.0,0.0,1,3,3000,3,0,99,'','');
INSERT INTO skill_action(action_id,class_id,action_type,action_detail_1,action_detail_2,action_detail_3,action_value_1,action_value_2,action_value_3,action_value_4,action_value_5,action_value_6,action_value_7,target_assignment,target_area,target_range,target_type,target_number,target_count,description,level_up_disp) VALUES(302201102,1,10,41,1,0,2.0,80.0,5.0,6.0,0.05,0.0,0.0,1,3,3000,3,0,99,'','');
UPDATE skill_action SET action_detail_1=3 WHERE action_id=302500101;
UPDATE skill_action SET action_detail_1=3 WHERE action_id=302500102;
UPDATE skill_action SET action_detail_1=3 WHERE action_id=302500104;
UPDATE skill_action SET action_detail_1=3 WHERE action_id=302500201;
INSERT INTO skill_action(action_id,class_id,action_type,action_detail_1,action_detail_2,action_detail_3,action_value_1,action_value_2,action_value_3,action_value_4,action_value_5,action_value_6,action_value_7,target_assignment,target_area,target_range,target_type,target_number,target_count,description,level_up_disp) VALUES(302600101,1,46,1,1,0,6.0,0.0,0.0,0.0,0.0,0.0,0.0,1,1,3000,3,0,99,'','');
INSERT INTO skill_action(action_id,class_id,action_type,action_detail_1,action_detail_2,action_detail_3,action_value_1,action_value_2,action_value_3,action_value_4,action_value_5,action_value_6,action_value_7,target_assignment,target_area,target_range,target_type,target_number,target_count,description,level_up_disp) VALUES(302600102,1,46,1,1,0,20.0,0.0,0.0,0.0,0.0,0.0,0.0,1,1,3000,3,0,99,'','');
INSERT INTO skill_action(action_id,class_id,action_type,action_detail_1,action_detail_2,action_detail_3,action_value_1,action_value_2,action_value_3,action_value_4,action_value_5,action_value_6,action_value_7,target_assignment,target_area,target_range,target_type,target_number,target_count,description,level_up_disp) VALUES(302600201,1,1,1,0,0,5.0,0.6,0.4,0.0,0.0,0.0,0.0,1,1,3000,4,0,2,'','');
INSERT INTO skill_action(action_id,class_id,action_type,action_detail_1,action_detail_2,action_detail_3,action_value_1,action_value_2,action_value_3,action_value_4,action_value_5,action_value_6,action_value_7,target_assignment,target_area,target_range,target_type,target_number,target_count,description,level_up_disp) VALUES(302600202,1,8,1,1,0,0.5,0.0,4.0,0.0,0.0,0.0,0.0,1,1,3000,4,0,2,'','');
INSERT INTO skill_action(action_id,class_id,action_type,action_detail_1,action_detail_2,action_detail_3,action_value_1,action_value_2,action_value_3,action_value_4,action_value_5,action_value_6,action_value_7,target_assignment,target_area,target_range,target_type,target_number,target_count,description,level_up_disp) VALUES(302600301,1,1,1,0,0,3.8,0.6,0.6,0.0,0.0,0.0,0.0,1,1,3000,3,0,99,'','');
INSERT INTO skill_action(action_id,class_id,action_type,action_detail_1,action_detail_2,action_detail_3,action_value_1,action_value_2,action_value_3,action_value_4,action_value_5,action_value_6,action_value_7,target_assignment,target_area,target_range,target_type,target_number,target_count,description,level_up_disp) VALUES(302600302,1,16,2,0,0,200.0,0.0,0.0,0.0,0.0,0.0,0.0,1,1,3000,3,0,99,'','');
INSERT INTO skill_action(action_id,class_id,action_type,action_detail_1,action_detail_2,action_detail_3,action_value_1,action_value_2,action_value_3,action_value_4,action_value_5,action_value_6,action_value_7,target_assignment,target_area,target_range,target_type,target_number,target_count,description,level_up_disp) VALUES(302600401,2,1,1,0,0,70.0,2.0,0.5,0.1,0.0,0.0,0.0,1,2,300,3,0,99,'','');
INSERT INTO skill_action(action_id,class_id,action_type,action_detail_1,action_detail_2,action_detail_3,action_value_1,action_value_2,action_value_3,action_value_4,action_value_5,action_value_6,action_value_7,target_assignment,target_area,target_range,target_type,target_number,target_count,description,level_up_disp) VALUES(302600501,2,17,3,0,0,100.0,0.0,50.0,0.0,0.0,0.0,0.0,2,1,0,7,0,1,'','');
INSERT INTO skill_action(action_id,class_id,action_type,action_detail_1,action_detail_2,action_detail_3,action_value_1,action_value_2,action_value_3,action_value_4,action_value_5,action_value_6,action_value_7,target_assignment,target_area,target_range,target_type,target_number,target_count,description,level_up_disp) VALUES(302600502,2,22,1,30260002,0,180.0,0.0,0.0,0.0,0.0,0.0,0.0,2,1,0,1,0,1,'','');
INSERT INTO skill_action(action_id,class_id,action_type,action_detail_1,action_detail_2,action_detail_3,action_value_1,action_value_2,action_value_3,action_value_4,action_value_5,action_value_6,action_value_7,target_assignment,target_area,target_range,target_type,target_number,target_count,description,level_up_disp) VALUES(302600503,2,22,2,3026001,0,180.0,0.0,0.0,0.0,0.0,0.0,0.0,2,1,0,1,0,1,'','');
INSERT INTO skill_action(action_id,class_id,action_type,action_detail_1,action_detail_2,action_detail_3,action_value_1,action_value_2,action_value_3,action_value_4,action_value_5,action_value_6,action_value_7,target_assignment,target_area,target_range,target_type,target_number,target_count,description,level_up_disp) VALUES(302600601,2,22,2,3026001,0,30.0,0.0,0.0,0.0,0.0,0.0,0.0,2,1,0,7,0,1,'','');
INSERT INTO skill_action(action_id,class_id,action_type,action_detail_1,action_detail_2,action_detail_3,action_value_1,action_value_2,action_value_3,action_value_4,action_value_5,action_value_6,action_value_7,target_assignment,target_area,target_range,target_type,target_number,target_count,description,level_up_disp) VALUES(302601101,1,46,1,1,0,6.0,0.0,0.0,0.0,0.0,0.0,0.0,1,1,3000,3,0,99,'','');
INSERT INTO skill_action(action_id,class_id,action_type,action_detail_1,action_detail_2,action_detail_3,action_value_1,action_value_2,action_value_3,action_value_4,action_value_5,action_value_6,action_value_7,target_assignment,target_area,target_range,target_type,target_number,target_count,description,level_up_disp) VALUES(302601102,1,46,1,1,0,20.0,0.0,0.0,0.0,0.0,0.0,0.0,1,1,3000,3,0,99,'','');
INSERT INTO skill_action(action_id,class_id,action_type,action_detail_1,action_detail_2,action_detail_3,action_value_1,action_value_2,action_value_3,action_value_4,action_value_5,action_value_6,action_value_7,target_assignment,target_area,target_range,target_type,target_number,target_count,description,level_up_disp) VALUES(302601201,1,1,1,0,0,5.0,0.6,0.35,0.0,0.0,0.0,0.0,1,1,3000,4,0,2,'','');
INSERT INTO skill_action(action_id,class_id,action_type,action_detail_1,action_detail_2,action_detail_3,action_value_1,action_value_2,action_value_3,action_value_4,action_value_5,action_value_6,action_value_7,target_assignment,target_area,target_range,target_type,target_number,target_count,description,level_up_disp) VALUES(302601202,1,8,1,1,0,0.5,0.0,3.0,0.0,0.0,0.0,0.0,1,1,3000,4,0,2,'','');
INSERT INTO skill_action(action_id,class_id,action_type,action_detail_1,action_detail_2,action_detail_3,action_value_1,action_value_2,action_value_3,action_value_4,action_value_5,action_value_6,action_value_7,target_assignment,target_area,target_range,target_type,target_number,target_count,description,level_up_disp) VALUES(302601301,1,1,1,0,0,3.8,0.6,0.6,0.0,0.0,0.0,0.0,1,1,3000,3,0,99,'','');
INSERT INTO skill_action(action_id,class_id,action_type,action_detail_1,action_detail_2,action_detail_3,action_value_1,action_value_2,action_value_3,action_value_4,action_value_5,action_value_6,action_value_7,target_assignment,target_area,target_range,target_type,target_number,target_count,description,level_up_disp) VALUES(302601302,1,16,2,0,0,200.0,0.0,0.0,0.0,0.0,0.0,0.0,1,1,3000,3,0,99,'','');
INSERT INTO skill_action(action_id,class_id,action_type,action_detail_1,action_detail_2,action_detail_3,action_value_1,action_value_2,action_value_3,action_value_4,action_value_5,action_value_6,action_value_7,target_assignment,target_area,target_range,target_type,target_number,target_count,description,level_up_disp) VALUES(302601401,2,1,1,0,0,70.0,2.0,0.5,0.1,0.0,0.0,0.0,1,2,300,3,0,99,'','');
INSERT INTO skill_action(action_id,class_id,action_type,action_detail_1,action_detail_2,action_detail_3,action_value_1,action_value_2,action_value_3,action_value_4,action_value_5,action_value_6,action_value_7,target_assignment,target_area,target_range,target_type,target_number,target_count,description,level_up_disp) VALUES(302601501,2,17,3,0,0,100.0,0.0,50.0,0.0,0.0,0.0,0.0,2,1,0,7,0,1,'','');
INSERT INTO skill_action(action_id,class_id,action_type,action_detail_1,action_detail_2,action_detail_3,action_value_1,action_value_2,action_value_3,action_value_4,action_value_5,action_value_6,action_value_7,target_assignment,target_area,target_range,target_type,target_number,target_count,description,level_up_disp) VALUES(302601502,2,22,1,30260102,0,180.0,0.0,0.0,0.0,0.0,0.0,0.0,2,1,0,1,0,1,'','');
INSERT INTO skill_action(action_id,class_id,action_type,action_detail_1,action_detail_2,action_detail_3,action_value_1,action_value_2,action_value_3,action_value_4,action_value_5,action_value_6,action_value_7,target_assignment,target_area,target_range,target_type,target_number,target_count,description,level_up_disp) VALUES(302601503,2,22,2,3026011,0,180.0,0.0,0.0,0.0,0.0,0.0,0.0,2,1,0,1,0,1,'','');
INSERT INTO skill_action(action_id,class_id,action_type,action_detail_1,action_detail_2,action_detail_3,action_value_1,action_value_2,action_value_3,action_value_4,action_value_5,action_value_6,action_value_7,target_assignment,target_area,target_range,target_type,target_number,target_count,description,level_up_disp) VALUES(302601601,2,22,2,3026011,0,30.0,0.0,0.0,0.0,0.0,0.0,0.0,2,1,0,7,0,1,'','');
INSERT INTO skill_action(action_id,class_id,action_type,action_detail_1,action_detail_2,action_detail_3,action_value_1,action_value_2,action_value_3,action_value_4,action_value_5,action_value_6,action_value_7,target_assignment,target_area,target_range,target_type,target_number,target_count,description,level_up_disp) VALUES(303900101,1,1,2,0,0,15.0,7.5,2.55,0.0,0.0,0.0,0.0,1,1,3000,3,0,99,'','');
INSERT INTO skill_action(action_id,class_id,action_type,action_detail_1,action_detail_2,action_detail_3,action_value_1,action_value_2,action_value_3,action_value_4,action_value_5,action_value_6,action_value_7,target_assignment,target_area,target_range,target_type,target_number,target_count,description,level_up_disp) VALUES(303900102,1,12,50,0,0,4.0,0.0,100.0,0.0,0.0,0.0,0.0,1,1,3000,3,0,99,'','');
INSERT INTO skill_action(action_id,class_id,action_type,action_detail_1,action_detail_2,action_detail_3,action_value_1,action_value_2,action_value_3,action_value_4,action_value_5,action_value_6,action_value_7,target_assignment,target_area,target_range,target_type,target_number,target_count,description,level_up_disp) VALUES(303900201,1,46,1,1,0,8.0,0.0,0.0,0.0,0.0,0.0,0.0,1,3,3000,6,0,1,'','');
INSERT INTO skill_action(action_id,class_id,action_type,action_detail_1,action_detail_2,action_detail_3,action_value_1,action_value_2,action_value_3,action_value_4,action_value_5,action_value_6,action_value_7,target_assignment,target_area,target_range,target_type,target_number,target_count,description,level_up_disp) VALUES(303900202,1,46,1,1,0,8.0,0.0,0.0,0.0,0.0,0.0,0.0,1,3,3000,6,0,1,'','');
INSERT INTO skill_action(action_id,class_id,action_type,action_detail_1,action_detail_2,action_detail_3,action_value_1,action_value_2,action_value_3,action_value_4,action_value_5,action_value_6,action_value_7,target_assignment,target_area,target_range,target_type,target_number,target_count,description,level_up_disp) VALUES(303900203,1,46,1,1,0,20.0,0.0,0.0,0.0,0.0,0.0,0.0,1,3,3000,6,0,1,'','');
INSERT INTO skill_action(action_id,class_id,action_type,action_detail_1,action_detail_2,action_detail_3,action_value_1,action_value_2,action_value_3,action_value_4,action_value_5,action_value_6,action_value_7,target_assignment,target_area,target_range,target_type,target_number,target_count,description,level_up_disp) VALUES(303900204,1,16,2,0,0,400.0,0.0,0.0,0.0,0.0,0.0,0.0,1,3,3000,6,0,1,'','');
INSERT INTO skill_action(action_id,class_id,action_type,action_detail_1,action_detail_2,action_detail_3,action_value_1,action_value_2,action_value_3,action_value_4,action_value_5,action_value_6,action_value_7,target_assignment,target_area,target_range,target_type,target_number,target_count,description,level_up_disp) VALUES(303901101,1,1,2,0,0,15.0,7.5,2.2,0.0,0.0,0.0,0.0,1,1,3000,3,0,99,'','');
INSERT INTO skill_action(action_id,class_id,action_type,action_detail_1,action_detail_2,action_detail_3,action_value_1,action_value_2,action_value_3,action_value_4,action_value_5,action_value_6,action_value_7,target_assignment,target_area,target_range,target_type,target_number,target_count,description,level_up_disp) VALUES(303901102,1,12,50,0,0,4.0,0.0,100.0,0.0,0.0,0.0,0.0,1,1,3000,3,0,99,'','');
INSERT INTO skill_action(action_id,class_id,action_type,action_detail_1,action_detail_2,action_detail_3,action_value_1,action_value_2,action_value_3,action_value_4,action_value_5,action_value_6,action_value_7,target_assignment,target_area,target_range,target_type,target_number,target_count,description,level_up_disp) VALUES(303901201,1,46,1,1,0,12.0,0.0,0.0,0.0,0.0,0.0,0.0,1,3,3000,6,0,1,'','');
INSERT INTO skill_action(action_id,class_id,action_type,action_detail_1,action_detail_2,action_detail_3,action_value_1,action_value_2,action_value_3,action_value_4,action_value_5,action_value_6,action_value_7,target_assignment,target_area,target_range,target_type,target_number,target_count,description,level_up_disp) VALUES(303901202,1,46,1,1,0,12.0,0.0,0.0,0.0,0.0,0.0,0.0,1,3,3000,6,0,1,'','');
INSERT INTO skill_action(action_id,class_id,action_type,action_detail_1,action_detail_2,action_detail_3,action_value_1,action_value_2,action_value_3,action_value_4,action_value_5,action_value_6,action_value_7,target_assignment,target_area,target_range,target_type,target_number,target_count,description,level_up_disp) VALUES(303901203,1,46,1,1,0,26.0,0.0,0.0,0.0,0.0,0.0,0.0,1,3,3000,6,0,1,'','');
INSERT INTO skill_action(action_id,class_id,action_type,action_detail_1,action_detail_2,action_detail_3,action_value_1,action_value_2,action_value_3,action_value_4,action_value_5,action_value_6,action_value_7,target_assignment,target_area,target_range,target_type,target_number,target_count,description,level_up_disp) VALUES(303901204,1,16,2,0,0,400.0,0.0,0.0,0.0,0.0,0.0,0.0,1,3,3000,6,0,1,'','');
INSERT INTO skill_action(action_id,class_id,action_type,action_detail_1,action_detail_2,action_detail_3,action_value_1,action_value_2,action_value_3,action_value_4,action_value_5,action_value_6,action_value_7,target_assignment,target_area,target_range,target_type,target_number,target_count,description,level_up_disp) VALUES(304200101,1,46,1,1,0,30.0,0.0,0.0,0.0,0.0,0.0,0.0,1,3,2160,3,0,99,'','');
INSERT INTO skill_action(action_id,class_id,action_type,action_detail_1,action_detail_2,action_detail_3,action_value_1,action_value_2,action_value_3,action_value_4,action_value_5,action_value_6,action_value_7,target_assignment,target_area,target_range,target_type,target_number,target_count,description,level_up_disp) VALUES(304200201,1,47,1,200,300,15.0,15.0,1.2,0.0,1.5,2.0,400.0,1,2,2160,3,2,3,'','');
INSERT INTO skill_action(action_id,class_id,action_type,action_detail_1,action_detail_2,action_detail_3,action_value_1,action_value_2,action_value_3,action_value_4,action_value_5,action_value_6,action_value_7,target_assignment,target_area,target_range,target_type,target_number,target_count,description,level_up_disp) VALUES(304200202,1,8,7,0,0,0.0,0.0,1.5,0.0,0.0,0.0,0.0,1,2,2160,3,2,3,'','');
INSERT INTO skill_action(action_id,class_id,action_type,action_detail_1,action_detail_2,action_detail_3,action_value_1,action_value_2,action_value_3,action_value_4,action_value_5,action_value_6,action_value_7,target_assignment,target_area,target_range,target_type,target_number,target_count,description,level_up_disp) VALUES(304200301,1,47,1,300,400,20.0,20.0,1.6,0.0,1.5,2.0,600.0,1,1,2160,3,0,2,'','');
INSERT INTO skill_action(action_id,class_id,action_type,action_detail_1,action_detail_2,action_detail_3,action_value_1,action_value_2,action_value_3,action_value_4,action_value_5,action_value_6,action_value_7,target_assignment,target_area,target_range,target_type,target_number,target_count,description,level_up_disp) VALUES(304200401,1,17,3,0,0,100.0,0.0,50.0,0.0,0.0,0.0,0.0,0,0,0,0,0,0,'','');
INSERT INTO skill_action(action_id,class_id,action_type,action_detail_1,action_detail_2,action_detail_3,action_value_1,action_value_2,action_value_3,action_value_4,action_value_5,action_value_6,action_value_7,target_assignment,target_area,target_range,target_type,target_number,target_count,description,level_up_disp) VALUES(304200402,1,8,2,0,0,1.62,0.0,90.0,0.0,0.0,0.0,2.0,2,3,-1,7,0,1,'','');
INSERT INTO skill_action(action_id,class_id,action_type,action_detail_1,action_detail_2,action_detail_3,action_value_1,action_value_2,action_value_3,action_value_4,action_value_5,action_value_6,action_value_7,target_assignment,target_area,target_range,target_type,target_number,target_count,description,level_up_disp) VALUES(304201101,1,46,1,1,0,45.0,0.0,0.0,0.0,0.0,0.0,0.0,1,3,2160,3,0,99,'','');
INSERT INTO skill_action(action_id,class_id,action_type,action_detail_1,action_detail_2,action_detail_3,action_value_1,action_value_2,action_value_3,action_value_4,action_value_5,action_value_6,action_value_7,target_assignment,target_area,target_range,target_type,target_number,target_count,description,level_up_disp) VALUES(304201201,1,47,1,1200,1800,15.0,15.0,1.2,0.0,1.5,2.0,2200.0,1,2,2160,3,2,3,'','');
INSERT INTO skill_action(action_id,class_id,action_type,action_detail_1,action_detail_2,action_detail_3,action_value_1,action_value_2,action_value_3,action_value_4,action_value_5,action_value_6,action_value_7,target_assignment,target_area,target_range,target_type,target_number,target_count,description,level_up_disp) VALUES(304201202,1,8,7,0,0,0.0,0.0,1.5,0.0,0.0,0.0,0.0,1,2,2160,3,2,3,'','');
INSERT INTO skill_action(action_id,class_id,action_type,action_detail_1,action_detail_2,action_detail_3,action_value_1,action_value_2,action_value_3,action_value_4,action_value_5,action_value_6,action_value_7,target_assignment,target_area,target_range,target_type,target_number,target_count,description,level_up_disp) VALUES(304201301,1,47,1,1800,2200,20.0,20.0,1.6,0.0,1.5,2.0,2600.0,1,1,2160,3,0,2,'','');
INSERT INTO skill_action(action_id,class_id,action_type,action_detail_1,action_detail_2,action_detail_3,action_value_1,action_value_2,action_value_3,action_value_4,action_value_5,action_value_6,action_value_7,target_assignment,target_area,target_range,target_type,target_number,target_count,description,level_up_disp) VALUES(304201401,1,17,3,0,0,100.0,0.0,50.0,0.0,0.0,0.0,0.0,0,0,0,0,0,0,'','');
INSERT INTO skill_action(action_id,class_id,action_type,action_detail_1,action_detail_2,action_detail_3,action_value_1,action_value_2,action_value_3,action_value_4,action_value_5,action_value_6,action_value_7,target_assignment,target_area,target_range,target_type,target_number,target_count,description,level_up_disp) VALUES(304201402,1,8,2,0,0,1.62,0.0,90.0,0.0,0.0,0.0,2.0,2,3,-1,7,0,1,'','');
INSERT INTO skill_action(action_id,class_id,action_type,action_detail_1,action_detail_2,action_detail_3,action_value_1,action_value_2,action_value_3,action_value_4,action_value_5,action_value_6,action_value_7,target_assignment,target_area,target_range,target_type,target_number,target_count,description,level_up_disp) VALUES(900000801,2,18,3,0,0,0.0,0.0,90.0,0.0,0.0,0.0,0.0,2,1,0,1,0,0,'','');
INSERT INTO skill_action(action_id,class_id,action_type,action_detail_1,action_detail_2,action_detail_3,action_value_1,action_value_2,action_value_3,action_value_4,action_value_5,action_value_6,action_value_7,target_assignment,target_area,target_range,target_type,target_number,target_count,description,level_up_disp) VALUES(901000401,1,18,3,0,0,0.0,3.0,6.5,0.0,0.0,0.0,0.0,2,1,0,1,0,0,'','');
INSERT INTO skill_action(action_id,class_id,action_type,action_detail_1,action_detail_2,action_detail_3,action_value_1,action_value_2,action_value_3,action_value_4,action_value_5,action_value_6,action_value_7,target_assignment,target_area,target_range,target_type,target_number,target_count,description,level_up_disp) VALUES(901700401,1,18,3,0,0,0.0,5.0,11.0,0.0,0.0,0.0,0.0,2,1,0,1,0,0,'','');
INSERT INTO skill_action(action_id,class_id,action_type,action_detail_1,action_detail_2,action_detail_3,action_value_1,action_value_2,action_value_3,action_value_4,action_value_5,action_value_6,action_value_7,target_assignment,target_area,target_range,target_type,target_number,target_count,description,level_up_disp) VALUES(904400401,1,18,3,0,0,0.0,0.0,2.8,0.0,0.0,0.0,0.0,2,1,0,1,0,0,'','');
INSERT INTO skill_cost(target_level,cost) VALUES(94,53470);
INSERT INTO skill_cost(target_level,cost) VALUES(95,54270);
INSERT INTO skill_data(skill_id,name,skill_type,skill_area_width,skill_cast_time,action_1,action_2,action_3,action_4,action_5,action_6,action_7,depend_action_1,depend_action_2,depend_action_3,depend_action_4,depend_action_5,depend_action_6,depend_action_7,description,icon_type) VALUES(1044001,'ヴァーミリオンバイト',1,0,0.0,104400101,104400102,104400103,104400104,0,0,0,0,104400101,0,0,0,0,0,'範囲内の敵全てに魔法大ダメージを与え、さらに自分のＨＰを中回復させる。',1002);
INSERT INTO skill_data(skill_id,name,skill_type,skill_area_width,skill_cast_time,action_1,action_2,action_3,action_4,action_5,action_6,action_7,depend_action_1,depend_action_2,depend_action_3,depend_action_4,depend_action_5,depend_action_6,depend_action_7,description,icon_type) VALUES(1044002,'ブリーディングブラスト',1,0,1.125,104400201,104400202,104400203,0,0,0,0,0,0,0,0,0,0,0,'自分の魔法攻撃力を中アップさせ、さらに目の前の敵１キャラに魔法中ダメージを与えるが、自分のＨＰを消費する。',2002);
INSERT INTO skill_data(skill_id,name,skill_type,skill_area_width,skill_cast_time,action_1,action_2,action_3,action_4,action_5,action_6,action_7,depend_action_1,depend_action_2,depend_action_3,depend_action_4,depend_action_5,depend_action_6,depend_action_7,description,icon_type) VALUES(1044003,'ブラッディスピア',1,0,0.865,104400301,104400302,0,0,0,0,0,0,0,0,0,0,0,0,'範囲内の敵全てに魔法中ダメージを与えるが、自分のＨＰを消費する。',2002);
UPDATE skill_data SET name='血の契約', description='バトル開始時に自分の魔法攻撃力を中アップさせる。' WHERE skill_id=1044501;
UPDATE skill_data SET name='血の契約+', description='バトル開始時に自分の魔法攻撃力を大アップさせる。' WHERE skill_id=1044511;
DELETE FROM skill_data WHERE skill_id=1055001;
DELETE FROM skill_data WHERE skill_id=1055002;
DELETE FROM skill_data WHERE skill_id=1055003;
INSERT INTO skill_data(skill_id,name,skill_type,skill_area_width,skill_cast_time,action_1,action_2,action_3,action_4,action_5,action_6,action_7,depend_action_1,depend_action_2,depend_action_3,depend_action_4,depend_action_5,depend_action_6,depend_action_7,description,icon_type) VALUES(3006021,'',0,0,2.0,300602101,300602102,0,0,0,0,0,0,300602101,0,0,0,0,0,'ニードルクリーパー(2周目)skill1',1001);
INSERT INTO skill_data(skill_id,name,skill_type,skill_area_width,skill_cast_time,action_1,action_2,action_3,action_4,action_5,action_6,action_7,depend_action_1,depend_action_2,depend_action_3,depend_action_4,depend_action_5,depend_action_6,depend_action_7,description,icon_type) VALUES(3006022,'',0,0,2.0,300602201,300602202,0,0,0,0,0,0,300602201,0,0,0,0,0,'ニードルクリーパー(2周目)skill2',1001);
INSERT INTO skill_data(skill_id,name,skill_type,skill_area_width,skill_cast_time,action_1,action_2,action_3,action_4,action_5,action_6,action_7,depend_action_1,depend_action_2,depend_action_3,depend_action_4,depend_action_5,depend_action_6,depend_action_7,description,icon_type) VALUES(3020011,'',1,0,2.0,302001101,0,0,0,0,0,0,0,0,0,0,0,0,0,'sample',1001);
INSERT INTO skill_data(skill_id,name,skill_type,skill_area_width,skill_cast_time,action_1,action_2,action_3,action_4,action_5,action_6,action_7,depend_action_1,depend_action_2,depend_action_3,depend_action_4,depend_action_5,depend_action_6,depend_action_7,description,icon_type) VALUES(3021011,'',1,0,2.0,302101101,302101102,0,0,0,0,0,0,302101101,0,0,0,0,0,'sample',1001);
INSERT INTO skill_data(skill_id,name,skill_type,skill_area_width,skill_cast_time,action_1,action_2,action_3,action_4,action_5,action_6,action_7,depend_action_1,depend_action_2,depend_action_3,depend_action_4,depend_action_5,depend_action_6,depend_action_7,description,icon_type) VALUES(3021012,'',0,0,2.0,300100201,300100202,0,0,0,0,0,0,300100201,0,0,0,0,0,'sample',1001);
INSERT INTO skill_data(skill_id,name,skill_type,skill_area_width,skill_cast_time,action_1,action_2,action_3,action_4,action_5,action_6,action_7,depend_action_1,depend_action_2,depend_action_3,depend_action_4,depend_action_5,depend_action_6,depend_action_7,description,icon_type) VALUES(3022011,'',1,0,2.0,302201101,302201102,0,0,0,0,0,0,302201101,0,0,0,0,0,'sample',1001);
INSERT INTO skill_data(skill_id,name,skill_type,skill_area_width,skill_cast_time,action_1,action_2,action_3,action_4,action_5,action_6,action_7,depend_action_1,depend_action_2,depend_action_3,depend_action_4,depend_action_5,depend_action_6,depend_action_7,description,icon_type) VALUES(3025001,'',0,0,2.0,302500101,302500102,302500103,302500104,302500105,0,0,0,0,302500102,0,302500104,0,0,'sample',1001);
INSERT INTO skill_data(skill_id,name,skill_type,skill_area_width,skill_cast_time,action_1,action_2,action_3,action_4,action_5,action_6,action_7,depend_action_1,depend_action_2,depend_action_3,depend_action_4,depend_action_5,depend_action_6,depend_action_7,description,icon_type) VALUES(3025002,'',1,0,2.0,302500201,302500202,0,0,0,0,0,0,302500201,0,0,0,0,0,'sample',1001);
INSERT INTO skill_data(skill_id,name,skill_type,skill_area_width,skill_cast_time,action_1,action_2,action_3,action_4,action_5,action_6,action_7,depend_action_1,depend_action_2,depend_action_3,depend_action_4,depend_action_5,depend_action_6,depend_action_7,description,icon_type) VALUES(3025003,'',0,0,2.0,302500301,302500302,302500303,302500304,0,0,0,0,302500301,302500301,302500301,0,0,0,'sample',1001);
INSERT INTO skill_data(skill_id,name,skill_type,skill_area_width,skill_cast_time,action_1,action_2,action_3,action_4,action_5,action_6,action_7,depend_action_1,depend_action_2,depend_action_3,depend_action_4,depend_action_5,depend_action_6,depend_action_7,description,icon_type) VALUES(3025004,'',0,0,3.0,302500401,302500402,0,0,0,0,0,0,0,0,0,0,0,0,'sample',1001);
INSERT INTO skill_data(skill_id,name,skill_type,skill_area_width,skill_cast_time,action_1,action_2,action_3,action_4,action_5,action_6,action_7,depend_action_1,depend_action_2,depend_action_3,depend_action_4,depend_action_5,depend_action_6,depend_action_7,description,icon_type) VALUES(3025005,'',0,0,3.0,302500501,302500502,302500503,0,0,0,0,0,302500501,302500501,0,0,0,0,'sample',1001);
INSERT INTO skill_data(skill_id,name,skill_type,skill_area_width,skill_cast_time,action_1,action_2,action_3,action_4,action_5,action_6,action_7,depend_action_1,depend_action_2,depend_action_3,depend_action_4,depend_action_5,depend_action_6,depend_action_7,description,icon_type) VALUES(3025006,'',0,0,3.0,302500601,0,0,0,0,0,0,0,0,0,0,0,0,0,'sample',1001);
INSERT INTO skill_data(skill_id,name,skill_type,skill_area_width,skill_cast_time,action_1,action_2,action_3,action_4,action_5,action_6,action_7,depend_action_1,depend_action_2,depend_action_3,depend_action_4,depend_action_5,depend_action_6,depend_action_7,description,icon_type) VALUES(3026001,'',0,0,2.0,302600101,302600102,0,0,0,0,0,0,302600101,0,0,0,0,0,'sample',1001);
INSERT INTO skill_data(skill_id,name,skill_type,skill_area_width,skill_cast_time,action_1,action_2,action_3,action_4,action_5,action_6,action_7,depend_action_1,depend_action_2,depend_action_3,depend_action_4,depend_action_5,depend_action_6,depend_action_7,description,icon_type) VALUES(3026002,'',0,0,2.0,302600201,302600202,0,0,0,0,0,0,302600201,0,0,0,0,0,'sample',1001);
INSERT INTO skill_data(skill_id,name,skill_type,skill_area_width,skill_cast_time,action_1,action_2,action_3,action_4,action_5,action_6,action_7,depend_action_1,depend_action_2,depend_action_3,depend_action_4,depend_action_5,depend_action_6,depend_action_7,description,icon_type) VALUES(3026003,'',0,0,2.0,302600301,0,0,0,0,0,0,0,0,0,0,0,0,0,'sample',1001);
INSERT INTO skill_data(skill_id,name,skill_type,skill_area_width,skill_cast_time,action_1,action_2,action_3,action_4,action_5,action_6,action_7,depend_action_1,depend_action_2,depend_action_3,depend_action_4,depend_action_5,depend_action_6,depend_action_7,description,icon_type) VALUES(3026004,'',0,0,3.0,302600401,0,0,0,0,0,0,0,0,0,0,0,0,0,'sample',1001);
INSERT INTO skill_data(skill_id,name,skill_type,skill_area_width,skill_cast_time,action_1,action_2,action_3,action_4,action_5,action_6,action_7,depend_action_1,depend_action_2,depend_action_3,depend_action_4,depend_action_5,depend_action_6,depend_action_7,description,icon_type) VALUES(3026005,'',0,0,3.0,302600501,302600502,302600503,0,0,0,0,0,302600501,302600501,0,0,0,0,'sample',1001);
INSERT INTO skill_data(skill_id,name,skill_type,skill_area_width,skill_cast_time,action_1,action_2,action_3,action_4,action_5,action_6,action_7,depend_action_1,depend_action_2,depend_action_3,depend_action_4,depend_action_5,depend_action_6,depend_action_7,description,icon_type) VALUES(3026006,'',0,0,3.0,302600601,0,0,0,0,0,0,0,0,0,0,0,0,0,'sample',1001);
INSERT INTO skill_data(skill_id,name,skill_type,skill_area_width,skill_cast_time,action_1,action_2,action_3,action_4,action_5,action_6,action_7,depend_action_1,depend_action_2,depend_action_3,depend_action_4,depend_action_5,depend_action_6,depend_action_7,description,icon_type) VALUES(3026011,'',0,0,2.0,302601101,302601102,0,0,0,0,0,0,302601101,0,0,0,0,0,'ツインピッグス2周目skill0',1001);
INSERT INTO skill_data(skill_id,name,skill_type,skill_area_width,skill_cast_time,action_1,action_2,action_3,action_4,action_5,action_6,action_7,depend_action_1,depend_action_2,depend_action_3,depend_action_4,depend_action_5,depend_action_6,depend_action_7,description,icon_type) VALUES(3026012,'',0,0,2.0,302601201,302601202,0,0,0,0,0,0,302601201,0,0,0,0,0,'ツインピッグス2周目skill1',1001);
INSERT INTO skill_data(skill_id,name,skill_type,skill_area_width,skill_cast_time,action_1,action_2,action_3,action_4,action_5,action_6,action_7,depend_action_1,depend_action_2,depend_action_3,depend_action_4,depend_action_5,depend_action_6,depend_action_7,description,icon_type) VALUES(3026013,'',0,0,2.0,302601301,0,0,0,0,0,0,0,0,0,0,0,0,0,'ツインピッグス2周目skill2',1001);
INSERT INTO skill_data(skill_id,name,skill_type,skill_area_width,skill_cast_time,action_1,action_2,action_3,action_4,action_5,action_6,action_7,depend_action_1,depend_action_2,depend_action_3,depend_action_4,depend_action_5,depend_action_6,depend_action_7,description,icon_type) VALUES(3026014,'',0,0,3.0,302601401,0,0,0,0,0,0,0,0,0,0,0,0,0,'ツインピッグス2周目skill3',1001);
INSERT INTO skill_data(skill_id,name,skill_type,skill_area_width,skill_cast_time,action_1,action_2,action_3,action_4,action_5,action_6,action_7,depend_action_1,depend_action_2,depend_action_3,depend_action_4,depend_action_5,depend_action_6,depend_action_7,description,icon_type) VALUES(3026015,'',0,0,3.0,302601501,302601502,302601503,0,0,0,0,0,302601501,302601501,0,0,0,0,'ツインピッグス2周目skill4',1001);
INSERT INTO skill_data(skill_id,name,skill_type,skill_area_width,skill_cast_time,action_1,action_2,action_3,action_4,action_5,action_6,action_7,depend_action_1,depend_action_2,depend_action_3,depend_action_4,depend_action_5,depend_action_6,depend_action_7,description,icon_type) VALUES(3026016,'',0,0,3.0,302601601,0,0,0,0,0,0,0,0,0,0,0,0,0,'ツインピッグス2周目skill5',1001);
UPDATE skill_data SET action_3=303900203, action_4=303900204, depend_action_3=303900202, depend_action_4=303900203 WHERE skill_id=3039002;
INSERT INTO skill_data(skill_id,name,skill_type,skill_area_width,skill_cast_time,action_1,action_2,action_3,action_4,action_5,action_6,action_7,depend_action_1,depend_action_2,depend_action_3,depend_action_4,depend_action_5,depend_action_6,depend_action_7,description,icon_type) VALUES(3039011,'',1,0,2.0,303901101,303901102,0,0,0,0,0,0,303901101,0,0,0,0,0,'サイクロプス：skill0ユニオンバースト',1001);
INSERT INTO skill_data(skill_id,name,skill_type,skill_area_width,skill_cast_time,action_1,action_2,action_3,action_4,action_5,action_6,action_7,depend_action_1,depend_action_2,depend_action_3,depend_action_4,depend_action_5,depend_action_6,depend_action_7,description,icon_type) VALUES(3039012,'',0,0,2.0,303901201,303901202,303901203,303901204,0,0,0,0,303901201,303901202,303901203,0,0,0,'サイクロプス：skill1 最大HP高い的に割合DM',1001);
INSERT INTO skill_data(skill_id,name,skill_type,skill_area_width,skill_cast_time,action_1,action_2,action_3,action_4,action_5,action_6,action_7,depend_action_1,depend_action_2,depend_action_3,depend_action_4,depend_action_5,depend_action_6,depend_action_7,description,icon_type) VALUES(3042001,'',1,0,0.0,304200101,0,0,0,0,0,0,0,0,0,0,0,0,0,'sample',1001);
INSERT INTO skill_data(skill_id,name,skill_type,skill_area_width,skill_cast_time,action_1,action_2,action_3,action_4,action_5,action_6,action_7,depend_action_1,depend_action_2,depend_action_3,depend_action_4,depend_action_5,depend_action_6,depend_action_7,description,icon_type) VALUES(3042002,'',1,0,1.5,304200201,304200202,0,0,0,0,0,0,304200201,0,0,0,0,0,'sample',1001);
INSERT INTO skill_data(skill_id,name,skill_type,skill_area_width,skill_cast_time,action_1,action_2,action_3,action_4,action_5,action_6,action_7,depend_action_1,depend_action_2,depend_action_3,depend_action_4,depend_action_5,depend_action_6,depend_action_7,description,icon_type) VALUES(3042003,'',1,0,1.5,304200301,0,0,0,0,0,0,0,0,0,0,0,0,0,'sample',1001);
INSERT INTO skill_data(skill_id,name,skill_type,skill_area_width,skill_cast_time,action_1,action_2,action_3,action_4,action_5,action_6,action_7,depend_action_1,depend_action_2,depend_action_3,depend_action_4,depend_action_5,depend_action_6,depend_action_7,description,icon_type) VALUES(3042004,'',1,0,0.0,304200401,304200402,304200403,0,0,0,0,0,304200401,304200401,0,0,0,0,'sample',1001);
INSERT INTO skill_data(skill_id,name,skill_type,skill_area_width,skill_cast_time,action_1,action_2,action_3,action_4,action_5,action_6,action_7,depend_action_1,depend_action_2,depend_action_3,depend_action_4,depend_action_5,depend_action_6,depend_action_7,description,icon_type) VALUES(3042011,'',1,0,0.0,304201101,0,0,0,0,0,0,0,0,0,0,0,0,0,'sample',1001);
INSERT INTO skill_data(skill_id,name,skill_type,skill_area_width,skill_cast_time,action_1,action_2,action_3,action_4,action_5,action_6,action_7,depend_action_1,depend_action_2,depend_action_3,depend_action_4,depend_action_5,depend_action_6,depend_action_7,description,icon_type) VALUES(3042012,'',1,0,1.5,304201201,304201202,0,0,0,0,0,0,304201201,0,0,0,0,0,'sample',1001);
INSERT INTO skill_data(skill_id,name,skill_type,skill_area_width,skill_cast_time,action_1,action_2,action_3,action_4,action_5,action_6,action_7,depend_action_1,depend_action_2,depend_action_3,depend_action_4,depend_action_5,depend_action_6,depend_action_7,description,icon_type) VALUES(3042013,'',1,0,1.5,304201301,0,0,0,0,0,0,0,0,0,0,0,0,0,'sample',1001);
INSERT INTO skill_data(skill_id,name,skill_type,skill_area_width,skill_cast_time,action_1,action_2,action_3,action_4,action_5,action_6,action_7,depend_action_1,depend_action_2,depend_action_3,depend_action_4,depend_action_5,depend_action_6,depend_action_7,description,icon_type) VALUES(3042014,'',1,0,0.0,304201401,304201402,304201403,0,0,0,0,0,304201401,304201401,0,0,0,0,'sample',1001);
INSERT INTO skill_data(skill_id,name,skill_type,skill_area_width,skill_cast_time,action_1,action_2,action_3,action_4,action_5,action_6,action_7,depend_action_1,depend_action_2,depend_action_3,depend_action_4,depend_action_5,depend_action_6,depend_action_7,description,icon_type) VALUES(9000008,'',0,0,3.0,900000801,0,0,0,0,0,0,0,0,0,0,0,0,0,'sample',1001);
INSERT INTO skill_data(skill_id,name,skill_type,skill_area_width,skill_cast_time,action_1,action_2,action_3,action_4,action_5,action_6,action_7,depend_action_1,depend_action_2,depend_action_3,depend_action_4,depend_action_5,depend_action_6,depend_action_7,description,icon_type) VALUES(9010004,'',0,0,0.0,901000401,0,0,0,0,0,0,0,0,0,0,0,0,0,'最も近くの味方１キャラのＴＰを小回復する。',1006);
INSERT INTO skill_data(skill_id,name,skill_type,skill_area_width,skill_cast_time,action_1,action_2,action_3,action_4,action_5,action_6,action_7,depend_action_1,depend_action_2,depend_action_3,depend_action_4,depend_action_5,depend_action_6,depend_action_7,description,icon_type) VALUES(9017004,'',0,0,0.0,901700401,0,0,0,0,0,0,0,0,0,0,0,0,0,'最も近くの味方１キャラのＴＰを小回復する。',1006);
INSERT INTO skill_data(skill_id,name,skill_type,skill_area_width,skill_cast_time,action_1,action_2,action_3,action_4,action_5,action_6,action_7,depend_action_1,depend_action_2,depend_action_3,depend_action_4,depend_action_5,depend_action_6,depend_action_7,description,icon_type) VALUES(9044004,'',0,0,0.0,904400401,0,0,0,0,0,0,0,0,0,0,0,0,0,'最も近くの味方１キャラのＴＰを小回復する。',1006);
INSERT INTO skip_monster_data(quest_id,area_id,quest_name,wave_group_id_1,bg_skip_id) VALUES(10001101,10001101,'イベント01ノーマル 1-1',101020403,100011);
INSERT INTO skip_monster_data(quest_id,area_id,quest_name,wave_group_id_1,bg_skip_id) VALUES(10001102,10001101,'イベント01ノーマル 1-2',101010103,100011);
INSERT INTO skip_monster_data(quest_id,area_id,quest_name,wave_group_id_1,bg_skip_id) VALUES(10001103,10001101,'イベント01ノーマル 1-3',101010203,100091);
INSERT INTO skip_monster_data(quest_id,area_id,quest_name,wave_group_id_1,bg_skip_id) VALUES(10001104,10001101,'イベント01ノーマル 1-4',101010501,100041);
INSERT INTO skip_monster_data(quest_id,area_id,quest_name,wave_group_id_1,bg_skip_id) VALUES(10001105,10001101,'イベント01ノーマル 1-5',101010603,100091);
INSERT INTO skip_monster_data(quest_id,area_id,quest_name,wave_group_id_1,bg_skip_id) VALUES(10001106,10001101,'イベント01ノーマル 1-6',101050802,100061);
INSERT INTO skip_monster_data(quest_id,area_id,quest_name,wave_group_id_1,bg_skip_id) VALUES(10001107,10001101,'イベント01ノーマル 1-7',101051003,100021);
INSERT INTO skip_monster_data(quest_id,area_id,quest_name,wave_group_id_1,bg_skip_id) VALUES(10001108,10001101,'イベント01ノーマル 1-8',102040107,100041);
INSERT INTO skip_monster_data(quest_id,area_id,quest_name,wave_group_id_1,bg_skip_id) VALUES(10001109,10001101,'イベント01ノーマル 1-9',101010102,100011);
INSERT INTO skip_monster_data(quest_id,area_id,quest_name,wave_group_id_1,bg_skip_id) VALUES(10001110,10001101,'イベント01ノーマル 1-10',101020305,100091);
INSERT INTO skip_monster_data(quest_id,area_id,quest_name,wave_group_id_1,bg_skip_id) VALUES(10001111,10001101,'イベント01ノーマル 1-11',101010104,100101);
INSERT INTO skip_monster_data(quest_id,area_id,quest_name,wave_group_id_1,bg_skip_id) VALUES(10001112,10001101,'イベント01ノーマル 1-12',101040807,100061);
INSERT INTO skip_monster_data(quest_id,area_id,quest_name,wave_group_id_1,bg_skip_id) VALUES(10001113,10001101,'イベント01ノーマル 1-13',101080205,100041);
INSERT INTO skip_monster_data(quest_id,area_id,quest_name,wave_group_id_1,bg_skip_id) VALUES(10001114,10001101,'イベント01ノーマル 1-14',101020103,100091);
INSERT INTO skip_monster_data(quest_id,area_id,quest_name,wave_group_id_1,bg_skip_id) VALUES(10001115,10001101,'イベント01ノーマル 1-15',101041102,100091);
INSERT INTO skip_monster_data(quest_id,area_id,quest_name,wave_group_id_1,bg_skip_id) VALUES(10001201,10001201,'イベント01ハード 1-1',101050306,100361);
INSERT INTO skip_monster_data(quest_id,area_id,quest_name,wave_group_id_1,bg_skip_id) VALUES(10001202,10001201,'イベント01ハード 1-2',101070504,100771);
INSERT INTO skip_monster_data(quest_id,area_id,quest_name,wave_group_id_1,bg_skip_id) VALUES(10001203,10001201,'イベント01ハード 1-3',101070902,100451);
INSERT INTO skip_monster_data(quest_id,area_id,quest_name,wave_group_id_1,bg_skip_id) VALUES(10001204,10001201,'イベント01ハード 1-4',101071207,100731);
INSERT INTO skip_monster_data(quest_id,area_id,quest_name,wave_group_id_1,bg_skip_id) VALUES(10001205,10001201,'イベント01ハード 1-5',101080107,100381);
INSERT INTO skip_monster_data(quest_id,area_id,quest_name,wave_group_id_1,bg_skip_id) VALUES(10002101,10002101,'リトルリリカルアドベンチャーノーマル 1-1',101020403,100061);
INSERT INTO skip_monster_data(quest_id,area_id,quest_name,wave_group_id_1,bg_skip_id) VALUES(10002102,10002101,'リトルリリカルアドベンチャーノーマル 1-2',101010103,100011);
INSERT INTO skip_monster_data(quest_id,area_id,quest_name,wave_group_id_1,bg_skip_id) VALUES(10002103,10002101,'リトルリリカルアドベンチャーノーマル 1-3',101010203,100061);
INSERT INTO skip_monster_data(quest_id,area_id,quest_name,wave_group_id_1,bg_skip_id) VALUES(10002104,10002101,'リトルリリカルアドベンチャーノーマル 1-4',101010501,100011);
INSERT INTO skip_monster_data(quest_id,area_id,quest_name,wave_group_id_1,bg_skip_id) VALUES(10002105,10002101,'リトルリリカルアドベンチャーノーマル 1-5',101010603,100041);
INSERT INTO skip_monster_data(quest_id,area_id,quest_name,wave_group_id_1,bg_skip_id) VALUES(10002106,10002101,'リトルリリカルアドベンチャーノーマル 1-6',101050802,100021);
INSERT INTO skip_monster_data(quest_id,area_id,quest_name,wave_group_id_1,bg_skip_id) VALUES(10002107,10002101,'リトルリリカルアドベンチャーノーマル 1-7',101051003,100201);
INSERT INTO skip_monster_data(quest_id,area_id,quest_name,wave_group_id_1,bg_skip_id) VALUES(10002108,10002101,'リトルリリカルアドベンチャーノーマル 1-8',102040107,100201);
INSERT INTO skip_monster_data(quest_id,area_id,quest_name,wave_group_id_1,bg_skip_id) VALUES(10002109,10002101,'リトルリリカルアドベンチャーノーマル 1-9',101010102,100201);
INSERT INTO skip_monster_data(quest_id,area_id,quest_name,wave_group_id_1,bg_skip_id) VALUES(10002110,10002101,'リトルリリカルアドベンチャーノーマル 1-10',101020305,100061);
INSERT INTO skip_monster_data(quest_id,area_id,quest_name,wave_group_id_1,bg_skip_id) VALUES(10002111,10002101,'リトルリリカルアドベンチャーノーマル 1-11',101010104,100171);
INSERT INTO skip_monster_data(quest_id,area_id,quest_name,wave_group_id_1,bg_skip_id) VALUES(10002112,10002101,'リトルリリカルアドベンチャーノーマル 1-12',101040807,100151);
INSERT INTO skip_monster_data(quest_id,area_id,quest_name,wave_group_id_1,bg_skip_id) VALUES(10002113,10002101,'リトルリリカルアドベンチャーノーマル 1-13',101080205,101141);
INSERT INTO skip_monster_data(quest_id,area_id,quest_name,wave_group_id_1,bg_skip_id) VALUES(10002114,10002101,'リトルリリカルアドベンチャーノーマル 1-14',101020103,101141);
INSERT INTO skip_monster_data(quest_id,area_id,quest_name,wave_group_id_1,bg_skip_id) VALUES(10002115,10002101,'リトルリリカルアドベンチャーノーマル 1-15',101041102,101141);
INSERT INTO skip_monster_data(quest_id,area_id,quest_name,wave_group_id_1,bg_skip_id) VALUES(10002201,10002201,'リトルリリカルアドベンチャーハード 1-1',101050306,100471);
INSERT INTO skip_monster_data(quest_id,area_id,quest_name,wave_group_id_1,bg_skip_id) VALUES(10002202,10002201,'リトルリリカルアドベンチャーハード 1-2',101070504,100571);
INSERT INTO skip_monster_data(quest_id,area_id,quest_name,wave_group_id_1,bg_skip_id) VALUES(10002203,10002201,'リトルリリカルアドベンチャーハード 1-3',101070902,100791);
INSERT INTO skip_monster_data(quest_id,area_id,quest_name,wave_group_id_1,bg_skip_id) VALUES(10002204,10002201,'リトルリリカルアドベンチャーハード 1-4',101071207,101151);
INSERT INTO skip_monster_data(quest_id,area_id,quest_name,wave_group_id_1,bg_skip_id) VALUES(10002205,10002201,'リトルリリカルアドベンチャーハード 1-5',101080107,101151);
INSERT INTO skip_monster_data(quest_id,area_id,quest_name,wave_group_id_1,bg_skip_id) VALUES(10003101,10003101,'イベント01ノーマル 1-1',101020403,100061);
INSERT INTO skip_monster_data(quest_id,area_id,quest_name,wave_group_id_1,bg_skip_id) VALUES(10003102,10003101,'イベント01ノーマル 1-2',101010103,100021);
INSERT INTO skip_monster_data(quest_id,area_id,quest_name,wave_group_id_1,bg_skip_id) VALUES(10003103,10003101,'イベント01ノーマル 1-3',101010203,100061);
INSERT INTO skip_monster_data(quest_id,area_id,quest_name,wave_group_id_1,bg_skip_id) VALUES(10003104,10003101,'イベント01ノーマル 1-4',101010501,100121);
INSERT INTO skip_monster_data(quest_id,area_id,quest_name,wave_group_id_1,bg_skip_id) VALUES(10003105,10003101,'イベント01ノーマル 1-5',101010603,100081);
INSERT INTO skip_monster_data(quest_id,area_id,quest_name,wave_group_id_1,bg_skip_id) VALUES(10003106,10003101,'イベント01ノーマル 1-6',101050802,100071);
INSERT INTO skip_monster_data(quest_id,area_id,quest_name,wave_group_id_1,bg_skip_id) VALUES(10003107,10003101,'イベント01ノーマル 1-7',101051003,100111);
INSERT INTO skip_monster_data(quest_id,area_id,quest_name,wave_group_id_1,bg_skip_id) VALUES(10003108,10003101,'イベント01ノーマル 1-8',102040107,100071);
INSERT INTO skip_monster_data(quest_id,area_id,quest_name,wave_group_id_1,bg_skip_id) VALUES(10003109,10003101,'イベント01ノーマル 1-9',101010102,100051);
INSERT INTO skip_monster_data(quest_id,area_id,quest_name,wave_group_id_1,bg_skip_id) VALUES(10003110,10003101,'イベント01ノーマル 1-10',101020305,100051);
INSERT INTO skip_monster_data(quest_id,area_id,quest_name,wave_group_id_1,bg_skip_id) VALUES(10003111,10003101,'イベント01ノーマル 1-11',101010104,100031);
INSERT INTO skip_monster_data(quest_id,area_id,quest_name,wave_group_id_1,bg_skip_id) VALUES(10003112,10003101,'イベント01ノーマル 1-12',101040807,100151);
INSERT INTO skip_monster_data(quest_id,area_id,quest_name,wave_group_id_1,bg_skip_id) VALUES(10003113,10003101,'イベント01ノーマル 1-13',101080205,100011);
INSERT INTO skip_monster_data(quest_id,area_id,quest_name,wave_group_id_1,bg_skip_id) VALUES(10003114,10003101,'イベント01ノーマル 1-14',101020103,100011);
INSERT INTO skip_monster_data(quest_id,area_id,quest_name,wave_group_id_1,bg_skip_id) VALUES(10003115,10003101,'イベント01ノーマル 1-15',101041102,100011);
INSERT INTO skip_monster_data(quest_id,area_id,quest_name,wave_group_id_1,bg_skip_id) VALUES(10003201,10003201,'イベント01ハード 1-1',101050306,100791);
INSERT INTO skip_monster_data(quest_id,area_id,quest_name,wave_group_id_1,bg_skip_id) VALUES(10003202,10003201,'イベント01ハード 1-2',101070504,100771);
INSERT INTO skip_monster_data(quest_id,area_id,quest_name,wave_group_id_1,bg_skip_id) VALUES(10003203,10003201,'イベント01ハード 1-3',101070902,100751);
INSERT INTO skip_monster_data(quest_id,area_id,quest_name,wave_group_id_1,bg_skip_id) VALUES(10003204,10003201,'イベント01ハード 1-4',101071207,100361);
INSERT INTO skip_monster_data(quest_id,area_id,quest_name,wave_group_id_1,bg_skip_id) VALUES(10003205,10003201,'イベント01ハード 1-5',101080107,100361);
DELETE FROM skip_monster_data WHERE quest_id=61001001;
DELETE FROM skip_monster_data WHERE quest_id=61001002;
DELETE FROM skip_monster_data WHERE quest_id=61001003;
DELETE FROM skip_monster_data WHERE quest_id=61001004;
DELETE FROM skip_monster_data WHERE quest_id=61001005;
DELETE FROM skip_monster_data WHERE quest_id=61001006;
DELETE FROM skip_monster_data WHERE quest_id=61001007;
DELETE FROM skip_monster_data WHERE quest_id=61001008;
DELETE FROM skip_monster_data WHERE quest_id=61001009;
DELETE FROM skip_monster_data WHERE quest_id=61001010;
DELETE FROM skip_monster_data WHERE quest_id=61001011;
DELETE FROM skip_monster_data WHERE quest_id=61001012;
DELETE FROM skip_monster_data WHERE quest_id=61001013;
DELETE FROM skip_monster_data WHERE quest_id=61001014;
DELETE FROM skip_monster_data WHERE quest_id=61001015;
DELETE FROM skip_monster_data WHERE quest_id=61002001;
DELETE FROM skip_monster_data WHERE quest_id=61002002;
DELETE FROM skip_monster_data WHERE quest_id=61002003;
DELETE FROM skip_monster_data WHERE quest_id=61002004;
DELETE FROM skip_monster_data WHERE quest_id=61002005;
DELETE FROM skip_monster_data WHERE quest_id=61002006;
DELETE FROM skip_monster_data WHERE quest_id=61002007;
DELETE FROM skip_monster_data WHERE quest_id=61002008;
DELETE FROM skip_monster_data WHERE quest_id=61002009;
DELETE FROM skip_monster_data WHERE quest_id=61002010;
DELETE FROM skip_monster_data WHERE quest_id=61002011;
DELETE FROM skip_monster_data WHERE quest_id=61002012;
DELETE FROM skip_monster_data WHERE quest_id=61002013;
DELETE FROM skip_monster_data WHERE quest_id=61002014;
DELETE FROM skip_monster_data WHERE quest_id=61002015;
DELETE FROM skip_monster_data WHERE quest_id=62001001;
DELETE FROM skip_monster_data WHERE quest_id=62001002;
DELETE FROM skip_monster_data WHERE quest_id=62001003;
DELETE FROM skip_monster_data WHERE quest_id=62001004;
DELETE FROM skip_monster_data WHERE quest_id=62001005;
DELETE FROM skip_monster_data WHERE quest_id=62002001;
DELETE FROM skip_monster_data WHERE quest_id=62002002;
DELETE FROM skip_monster_data WHERE quest_id=62002003;
DELETE FROM skip_monster_data WHERE quest_id=62002004;
DELETE FROM skip_monster_data WHERE quest_id=62002005;
UPDATE sqlite_stat1 SET tbl='event_navi_comment_condition', stat='12' WHERE rowid=1;
UPDATE sqlite_stat1 SET tbl='event_gacha_data', stat='3' WHERE rowid=2;
UPDATE sqlite_stat1 SET tbl='event_boss_treasure_content', stat='24' WHERE rowid=3;
UPDATE sqlite_stat1 SET tbl='event_boss_treasure_box', stat='6' WHERE rowid=4;
UPDATE sqlite_stat1 SET tbl='hatsune_map', stat='3' WHERE rowid=5;
UPDATE sqlite_stat1 SET tbl='stamp', stat='32' WHERE rowid=6;
UPDATE sqlite_stat1 SET tbl='campaign_freegacha_data', stat='2' WHERE rowid=7;
UPDATE sqlite_stat1 SET tbl='campaign_schedule', stat='23' WHERE rowid=8;
UPDATE sqlite_stat1 SET tbl='clan_cost_group', stat='3' WHERE rowid=9;
UPDATE sqlite_stat1 SET tbl='clan_grade', stat='10' WHERE rowid=10;
UPDATE sqlite_stat1 SET tbl='hatsune_quest', stat='60' WHERE rowid=11;
UPDATE sqlite_stat1 SET tbl='clan_battle_boss_fix_reward', stat='30' WHERE rowid=12;
UPDATE sqlite_stat1 SET tbl='odds_name_data', stat='9' WHERE rowid=13;
UPDATE sqlite_stat1 SET tbl='grand_arena_daily_rank_reward', stat='40' WHERE rowid=14;
UPDATE sqlite_stat1 SET tbl='album_production_list', stat='392' WHERE rowid=15;
UPDATE sqlite_stat1 SET tbl='still', idx=NULL, stat='185' WHERE rowid=16;
UPDATE sqlite_stat1 SET tbl='movie', stat='43' WHERE rowid=17;
UPDATE sqlite_stat1 SET tbl='room_effect_reward_get', idx='sqlite_autoindex_room_effect_reward_get_1', stat='44 6 1' WHERE rowid=18;
UPDATE sqlite_stat1 SET tbl='event_enemy_reward_group', stat='137' WHERE rowid=19;
UPDATE sqlite_stat1 SET tbl='hatsune_quest_condition', stat='60' WHERE rowid=20;
UPDATE sqlite_stat1 SET tbl='grand_arena_defence_reward', stat='1' WHERE rowid=21;
UPDATE sqlite_stat1 SET tbl='room_emotion_icon', stat='18' WHERE rowid=22;
UPDATE sqlite_stat1 SET tbl='dungeon_quest_data', stat='30' WHERE rowid=23;
UPDATE sqlite_stat1 SET tbl='room_chat_formation', idx=NULL, stat='3' WHERE rowid=24;
UPDATE sqlite_stat1 SET tbl='album_voice_list', idx=NULL, stat='3182' WHERE rowid=25;
UPDATE sqlite_stat1 SET tbl='room_unit_comments', idx='room_unit_comments_0_unit_id', stat='2174 24' WHERE rowid=26;
UPDATE sqlite_stat1 SET tbl='room_unit_comments', idx='sqlite_autoindex_room_unit_comments_1', stat='2174 24 8 2 1' WHERE rowid=27;
UPDATE sqlite_stat1 SET tbl='campaign_freegacha', stat='1' WHERE rowid=28;
UPDATE sqlite_stat1 SET tbl='room_item_announcement', stat='1' WHERE rowid=29;
UPDATE sqlite_stat1 SET tbl='room_setup', stat='139' WHERE rowid=30;
UPDATE sqlite_stat1 SET tbl='hatsune_description', stat='9' WHERE rowid=31;
UPDATE sqlite_stat1 SET tbl='room_item', stat='175' WHERE rowid=32;
UPDATE sqlite_stat1 SET tbl='clan_battle_schedule', stat='5' WHERE rowid=33;
UPDATE sqlite_stat1 SET tbl='guild', stat='15' WHERE rowid=34;
UPDATE sqlite_stat1 SET tbl='event_enemy_parameter', stat='3233' WHERE rowid=35;
UPDATE sqlite_stat1 SET tbl='hatsune_stationary_mission_data', stat='90' WHERE rowid=36;
UPDATE sqlite_stat1 SET tbl='shop_static_price_group', idx=NULL, stat='5' WHERE rowid=37;
UPDATE sqlite_stat1 SET tbl='clan_battle_map_data', idx=NULL, stat='6' WHERE rowid=38;
UPDATE sqlite_stat1 SET tbl='clan_invite_level_group', stat='18' WHERE rowid=39;
UPDATE sqlite_stat1 SET tbl='room_chat_scenario', idx='room_chat_scenario_0_id', stat='262 15' WHERE rowid=40;
UPDATE sqlite_stat1 SET tbl='room_chat_scenario', idx='sqlite_autoindex_room_chat_scenario_1', stat='262 15 1' WHERE rowid=41;
UPDATE sqlite_stat1 SET tbl='unit_background', stat='58' WHERE rowid=42;
UPDATE sqlite_stat1 SET tbl='dungeon_area_data', stat='3' WHERE rowid=43;
UPDATE sqlite_stat1 SET tbl='unit_status_coefficient', stat='1' WHERE rowid=44;
UPDATE sqlite_stat1 SET tbl='event_navi_comment', stat='33' WHERE rowid=45;
UPDATE sqlite_stat1 SET tbl='navi_comment', stat='18' WHERE rowid=46;
UPDATE sqlite_stat1 SET tbl='unlock_unit_condition', stat='49' WHERE rowid=47;
UPDATE sqlite_stat1 SET tbl='event_wave_group_data', idx=NULL, stat='3798' WHERE rowid=48;
UPDATE sqlite_stat1 SET tbl='hatsune_unlock_story_condition', idx=NULL, stat='24' WHERE rowid=49;
UPDATE sqlite_stat1 SET tbl='room_effect', stat='8' WHERE rowid=50;
UPDATE sqlite_stat1 SET tbl='unit_promotion_status', idx='sqlite_autoindex_unit_promotion_status_1', stat='416 8 1' WHERE rowid=51;
UPDATE sqlite_stat1 SET tbl='unit_rarity', idx='sqlite_autoindex_unit_rarity_1', stat='320 5 1' WHERE rowid=52;
UPDATE sqlite_stat1 SET tbl='hatsune_mission_reward_data', stat='156' WHERE rowid=53;
UPDATE sqlite_stat1 SET tbl='unit_enemy_data', idx=NULL, stat='152' WHERE rowid=54;
UPDATE sqlite_stat1 SET tbl='goldset_data_teamlevel', idx=NULL, stat='110' WHERE rowid=55;
UPDATE sqlite_stat1 SET tbl='unit_data', stat='79' WHERE rowid=56;
UPDATE sqlite_stat1 SET tbl='unit_comments', idx='unit_comments_0_unit_id_1_use_type', stat='490 5 5' WHERE rowid=57;
UPDATE sqlite_stat1 SET tbl='unit_comments', idx='unit_comments_0_unit_id', stat='490 5' WHERE rowid=58;
UPDATE sqlite_stat1 SET tbl='hatsune_boss_condition', stat='6' WHERE rowid=59;
UPDATE sqlite_stat1 SET tbl='unit_attack_pattern', stat='271' WHERE rowid=60;
UPDATE sqlite_stat1 SET tbl='event_story_detail', stat='24' WHERE rowid=61;
UPDATE sqlite_stat1 SET tbl='room_character_personality', stat='49' WHERE rowid=62;
UPDATE sqlite_stat1 SET tbl='room_change', idx=NULL, stat='1' WHERE rowid=63;
UPDATE sqlite_stat1 SET tbl='position_setting', stat='1' WHERE rowid=64;
UPDATE sqlite_stat1 SET tbl='chara_story_status', stat='343' WHERE rowid=65;
UPDATE sqlite_stat1 SET tbl='bg_data', idx='sqlite_autoindex_bg_data_1', stat='65 1' WHERE rowid=66;
UPDATE sqlite_stat1 SET tbl='clan_battle_period_rank_reward', stat='29' WHERE rowid=67;
UPDATE sqlite_stat1 SET tbl='story_data', stat='76' WHERE rowid=68;
UPDATE sqlite_stat1 SET tbl='hatsune_daily_mission_data', stat='6' WHERE rowid=69;
UPDATE sqlite_stat1 SET tbl='hatsune_schedule', idx=NULL, stat='3' WHERE rowid=70;
UPDATE sqlite_stat1 SET tbl='content_release_data', stat='21' WHERE rowid=71;
UPDATE sqlite_stat1 SET tbl='room_release_data', stat='3' WHERE rowid=72;
UPDATE sqlite_stat1 SET tbl='unit_promotion', idx='sqlite_autoindex_unit_promotion_1', stat='621 9 1' WHERE rowid=73;
UPDATE sqlite_stat1 SET tbl='character_love_rankup_text', stat='42' WHERE rowid=74;
UPDATE sqlite_stat1 SET tbl='grand_arena_max_rank_reward', stat='79' WHERE rowid=75;
UPDATE sqlite_stat1 SET tbl='training_quest_data', stat='10' WHERE rowid=76;
UPDATE sqlite_stat1 SET tbl='unit_profile', stat='58' WHERE rowid=77;
UPDATE sqlite_stat1 SET tbl='tips', stat='49' WHERE rowid=78;
UPDATE sqlite_stat1 SET tbl='equipment_enhance_rate', stat='143' WHERE rowid=79;
UPDATE sqlite_stat1 SET tbl='arena_daily_rank_reward', stat='40' WHERE rowid=80;
UPDATE sqlite_stat1 SET tbl='stationary_mission_data', stat='280' WHERE rowid=81;
UPDATE sqlite_stat1 SET tbl='equipment_donation', stat='9' WHERE rowid=82;
UPDATE sqlite_stat1 SET tbl='goldset_data', idx=NULL, stat='70' WHERE rowid=83;
UPDATE sqlite_stat1 SET tbl='event_story_data', idx=NULL, stat='3' WHERE rowid=84;
UPDATE sqlite_stat1 SET tbl='quest_data', stat='185' WHERE rowid=85;
UPDATE sqlite_stat1 SET tbl='clan_battle_boss_group', idx='clan_battle_boss_group_0_clan_battle_boss_group_id', stat='30 5' WHERE rowid=86;
UPDATE sqlite_stat1 SET tbl='clan_battle_boss_group', idx='sqlite_autoindex_clan_battle_boss_group_1', stat='30 5 1' WHERE rowid=87;
UPDATE sqlite_stat1 SET tbl='arena_max_rank_reward', idx=NULL, stat='79' WHERE rowid=88;
UPDATE sqlite_stat1 SET tbl='story_quest_data', idx=NULL, stat='10' WHERE rowid=89;
UPDATE sqlite_stat1 SET tbl='enemy_reward_data', idx=NULL, stat='654' WHERE rowid=90;
UPDATE sqlite_stat1 SET tbl='clan_battle_odds_data', idx='clan_battle_odds_data_0_odds_group_id', stat='12 3' WHERE rowid=91;
UPDATE sqlite_stat1 SET tbl='clan_battle_odds_data', idx='sqlite_autoindex_clan_battle_odds_data_1', stat='12 3 1 1' WHERE rowid=92;
UPDATE sqlite_stat1 SET tbl='clan_battle_period', idx='clan_battle_period_0_clan_battle_id', stat='3 1' WHERE rowid=93;
UPDATE sqlite_stat1 SET tbl='clan_battle_period', idx='sqlite_autoindex_clan_battle_period_1', stat='3 1 1' WHERE rowid=94;
UPDATE sqlite_stat1 SET tbl='quest_defeat_notice', stat='6' WHERE rowid=95;
UPDATE sqlite_stat1 SET tbl='hatsune_boss', stat='6' WHERE rowid=96;
UPDATE sqlite_stat1 SET tbl='gift_message', idx=NULL, stat='44' WHERE rowid=97;
UPDATE sqlite_stat1 SET tbl='enemy_parameter', stat='1472' WHERE rowid=98;
UPDATE sqlite_stat1 SET tbl='experience_team', stat='96' WHERE rowid=99;
UPDATE sqlite_stat1 SET tbl='equipment_enhance_data', idx='sqlite_autoindex_equipment_enhance_data_1', stat='14 4 1' WHERE rowid=100;
UPDATE sqlite_stat1 SET tbl='hatsune_item', stat='3' WHERE rowid=101;
UPDATE sqlite_stat1 SET tbl='banner', idx=NULL, stat='12' WHERE rowid=102;
UPDATE sqlite_stat1 SET tbl='worldmap', stat='3' WHERE rowid=103;
UPDATE sqlite_stat1 SET tbl='gacha_data', stat='23' WHERE rowid=104;
UPDATE sqlite_stat1 SET tbl='room_item_detail', idx='sqlite_autoindex_room_item_detail_1', stat='211 2 1' WHERE rowid=105;
UPDATE sqlite_stat1 SET tbl='event_introduction', stat='3' WHERE rowid=106;
UPDATE sqlite_stat1 SET tbl='unlock_skill_data', stat='4' WHERE rowid=107;
UPDATE sqlite_stat1 SET tbl='ailment_data', stat='18' WHERE rowid=108;
UPDATE sqlite_stat1 SET tbl='quest_area_data', stat='24' WHERE rowid=109;
UPDATE sqlite_stat1 SET tbl='event_bg_data', stat='1' WHERE rowid=110;
UPDATE sqlite_stat1 SET tbl='equipment_craft', stat='105' WHERE rowid=111;
UPDATE sqlite_stat1 SET tbl='mission_reward_data', stat='78' WHERE rowid=112;
UPDATE sqlite_stat1 SET tbl='quest_reward_data', stat='282' WHERE rowid=113;
UPDATE sqlite_stat1 SET tbl='room_chat_info', stat='17' WHERE rowid=114;
UPDATE sqlite_stat1 SET tbl='unit_skill_data', stat='215' WHERE rowid=115;
UPDATE sqlite_stat1 SET tbl='skip_monster_data', stat='255' WHERE rowid=116;
UPDATE sqlite_stat1 SET tbl='experience_unit', stat='96' WHERE rowid=117;
UPDATE sqlite_stat1 SET tbl='reward_collect_guide', stat='307' WHERE rowid=118;
UPDATE sqlite_stat1 SET tbl='arena_defence_reward', stat='1' WHERE rowid=119;
UPDATE sqlite_stat1 SET tbl='love_chara', stat='12' WHERE rowid=120;
UPDATE sqlite_stat1 SET tbl='actual_unit_background', stat='49' WHERE rowid=121;
UPDATE sqlite_stat1 SET tbl='login_bonus_data', stat='3' WHERE rowid=122;
UPDATE sqlite_stat1 SET tbl='story_character_mask', stat='224' WHERE rowid=123;
UPDATE sqlite_stat1 SET tbl='item_data', stat='76' WHERE rowid=124;
UPDATE sqlite_stat1 SET tbl='skill_data', stat='507' WHERE rowid=125;
UPDATE sqlite_stat1 SET tbl='skill_action', stat='714' WHERE rowid=126;
UPDATE sqlite_stat1 SET tbl='daily_mission_data', idx=NULL, stat='15' WHERE rowid=127;
UPDATE sqlite_stat1 SET tbl='cooperation_quest_data', stat='6' WHERE rowid=128;
UPDATE sqlite_stat1 SET tbl='hatsune_quest_area', stat='6' WHERE rowid=129;
UPDATE sqlite_stat1 SET tbl='login_bonus_detail', idx='login_bonus_detail_0_login_bonus_id_1_count', stat='26 9 1' WHERE rowid=130;
UPDATE sqlite_stat1 SET tbl='unit_introduction', idx=NULL, stat='8' WHERE rowid=131;
UPDATE sqlite_stat1 SET tbl='equipment_data', idx=NULL, stat='247' WHERE rowid=132;
UPDATE sqlite_stat1 SET tbl='quest_condition_data', stat='185' WHERE rowid=133;
UPDATE sqlite_stat1 SET tbl='clan_battle_boss_damage_rank', idx='clan_battle_boss_damage_rank_0_damage_rank_id', stat='120 4' WHERE rowid=134;
UPDATE sqlite_stat1 SET tbl='clan_battle_boss_damage_rank', idx='sqlite_autoindex_clan_battle_boss_damage_rank_1', stat='120 4 1 1' WHERE rowid=135;
UPDATE sqlite_stat1 SET tbl='clan_battle_boss_data', stat='15' WHERE rowid=136;
UPDATE sqlite_stat1 SET tbl='wave_group_data', stat='666' WHERE rowid=137;
UPDATE sqlite_stat1 SET tbl='season_pack', stat='1' WHERE rowid=138;
UPDATE sqlite_stat1 SET tbl='skill_cost', stat='95' WHERE rowid=139;
INSERT INTO sqlite_stat1(rowid,tbl,idx,stat) VALUES(140,'unit_mypage_pos',NULL,'36');
INSERT INTO sqlite_stat1(rowid,tbl,idx,stat) VALUES(141,'resist_data',NULL,'17');
INSERT INTO sqlite_stat1(rowid,tbl,idx,stat) VALUES(142,'story_detail',NULL,'489');
INSERT INTO stationary_mission_data(stationary_mission_id,disp_group,category_icon,description,mission_condition,condition_value_1,condition_value_2,condition_value_3,condition_num,mission_reward_id,system_id,start_time,end_time) VALUES(21003024,40,102,'クリアランクの☆を720個集めよう',1002,0,0,0,720,21003001,101,'2018/05/31 12:00:00','2030/04/01 14:59:59');
INSERT INTO stationary_mission_data(stationary_mission_id,disp_group,category_icon,description,mission_condition,condition_value_1,condition_value_2,condition_value_3,condition_num,mission_reward_id,system_id,start_time,end_time) VALUES(21003025,40,102,'クリアランクの☆を750個集めよう',1002,0,0,0,750,21003001,101,'2018/05/31 12:00:00','2030/04/01 14:59:59');
INSERT INTO still(still_id,story_group_id,story_id,still_group_id,vertical_still_flg,position_y,unit_id_1,unit_id_2,unit_id_3,unit_id_4,unit_id_5,unit_id_6,unit_id_7,unit_id_8,unit_id_9,unit_id_10,facial_id) VALUES(104400101,1044,1044001,0,0,0,104412,0,0,0,0,0,0,0,0,0,1);
INSERT INTO still(still_id,story_group_id,story_id,still_group_id,vertical_still_flg,position_y,unit_id_1,unit_id_2,unit_id_3,unit_id_4,unit_id_5,unit_id_6,unit_id_7,unit_id_8,unit_id_9,unit_id_10,facial_id) VALUES(104400801,1044,1044008,0,1,-900,0,0,0,0,0,0,0,0,0,0,1);
INSERT INTO still(still_id,story_group_id,story_id,still_group_id,vertical_still_flg,position_y,unit_id_1,unit_id_2,unit_id_3,unit_id_4,unit_id_5,unit_id_6,unit_id_7,unit_id_8,unit_id_9,unit_id_10,facial_id) VALUES(500300301,5003,5003003,0,0,0,0,0,0,0,0,101011,101711,104412,0,0,0);
INSERT INTO still(still_id,story_group_id,story_id,still_group_id,vertical_still_flg,position_y,unit_id_1,unit_id_2,unit_id_3,unit_id_4,unit_id_5,unit_id_6,unit_id_7,unit_id_8,unit_id_9,unit_id_10,facial_id) VALUES(500300601,5003,5003006,0,0,0,0,0,0,0,0,101011,101711,104411,0,0,0);
UPDATE story_character_mask SET "offset"=-85.0, size=610.0, softness=40.0 WHERE chara_id=101711;
INSERT INTO story_data(story_group_id,story_type,value,title,thumbnail_id,disp_order,start_time,end_time) VALUES(1044,1,1044,'イリヤ',0,9,'2015/04/01 15:00:00','2099/12/17 14:59:59');
INSERT INTO story_detail(story_id,story_group_id,title,sub_title,visible_type,story_end,pre_story_id,love_level,requirement_id,unlock_quest_id,story_quest_id,reward_type_1,reward_id_1,reward_value_1,reward_type_2,reward_id_2,reward_value_2,reward_type_3,reward_id_3,reward_value_3,start_time,end_time) VALUES(1044001,1044,'イリヤ 第1話','夜を統べる者との出会い',0,0,0,0,104401,0,0,8,91002,20,0,0,0,0,0,0,'2015/04/01 15:00:00','2099/12/17 14:59:59');
INSERT INTO story_detail(story_id,story_group_id,title,sub_title,visible_type,story_end,pre_story_id,love_level,requirement_id,unlock_quest_id,story_quest_id,reward_type_1,reward_id_1,reward_value_1,reward_type_2,reward_id_2,reward_value_2,reward_type_3,reward_id_3,reward_value_3,start_time,end_time) VALUES(1044002,1044,'イリヤ 第2話','大人になりたい少女の悩み',0,0,1044001,2,104401,0,0,8,91002,20,0,0,0,0,0,0,'2015/04/01 15:00:00','2099/12/17 14:59:59');
INSERT INTO story_detail(story_id,story_group_id,title,sub_title,visible_type,story_end,pre_story_id,love_level,requirement_id,unlock_quest_id,story_quest_id,reward_type_1,reward_id_1,reward_value_1,reward_type_2,reward_id_2,reward_value_2,reward_type_3,reward_id_3,reward_value_3,start_time,end_time) VALUES(1044003,1044,'イリヤ 第3話','復活の原因を解き明かせ！',0,0,1044002,3,104401,0,0,8,91002,20,0,0,0,0,0,0,'2015/04/01 15:00:00','2099/12/17 14:59:59');
INSERT INTO story_detail(story_id,story_group_id,title,sub_title,visible_type,story_end,pre_story_id,love_level,requirement_id,unlock_quest_id,story_quest_id,reward_type_1,reward_id_1,reward_value_1,reward_type_2,reward_id_2,reward_value_2,reward_type_3,reward_id_3,reward_value_3,start_time,end_time) VALUES(1044004,1044,'イリヤ 第4話','美しき吸血鬼への献上品',0,0,1044003,4,104401,0,0,8,91002,50,0,0,0,0,0,0,'2015/04/01 15:00:00','2099/12/17 14:59:59');
INSERT INTO story_detail(story_id,story_group_id,title,sub_title,visible_type,story_end,pre_story_id,love_level,requirement_id,unlock_quest_id,story_quest_id,reward_type_1,reward_id_1,reward_value_1,reward_type_2,reward_id_2,reward_value_2,reward_type_3,reward_id_3,reward_value_3,start_time,end_time) VALUES(1044005,1044,'イリヤ 第5話','地下墓地での復活儀礼',0,0,1044004,5,104401,0,0,8,91002,20,0,0,0,0,0,0,'2015/04/01 15:00:00','2099/12/17 14:59:59');
INSERT INTO story_detail(story_id,story_group_id,title,sub_title,visible_type,story_end,pre_story_id,love_level,requirement_id,unlock_quest_id,story_quest_id,reward_type_1,reward_id_1,reward_value_1,reward_type_2,reward_id_2,reward_value_2,reward_type_3,reward_id_3,reward_value_3,start_time,end_time) VALUES(1044006,1044,'イリヤ 第6話','妹吸血鬼と眷属お兄ちゃん',0,0,1044005,6,104401,0,0,8,91002,20,0,0,0,0,0,0,'2015/04/01 15:00:00','2099/12/17 14:59:59');
INSERT INTO story_detail(story_id,story_group_id,title,sub_title,visible_type,story_end,pre_story_id,love_level,requirement_id,unlock_quest_id,story_quest_id,reward_type_1,reward_id_1,reward_value_1,reward_type_2,reward_id_2,reward_value_2,reward_type_3,reward_id_3,reward_value_3,start_time,end_time) VALUES(1044007,1044,'イリヤ 第7話','復活の秘宝を求めて',0,0,1044006,7,104401,0,0,8,91002,20,0,0,0,0,0,0,'2015/04/01 15:00:00','2099/12/17 14:59:59');
INSERT INTO story_detail(story_id,story_group_id,title,sub_title,visible_type,story_end,pre_story_id,love_level,requirement_id,unlock_quest_id,story_quest_id,reward_type_1,reward_id_1,reward_value_1,reward_type_2,reward_id_2,reward_value_2,reward_type_3,reward_id_3,reward_value_3,start_time,end_time) VALUES(1044008,1044,'イリヤ 第8話','夜を統べる者の最期？',0,0,1044007,8,104401,0,0,8,91002,50,0,0,0,0,0,0,'2015/04/01 15:00:00','2099/12/17 14:59:59');
INSERT INTO story_quest_data(story_quest_id,story_id,quest_name,limit_time,background_1,wave_group_id_1,wave_bgm_sheet_id_1,wave_bgm_que_id_1,background_2,wave_group_id_2,wave_bgm_sheet_id_2,wave_bgm_que_id_2,background_3,wave_group_id_3,wave_bgm_sheet_id_3,wave_bgm_que_id_3,guest_unit_1,guest_unit_2,guest_unit_3,guest_unit_4,guest_unit_5) VALUES(55003006,5003006,'ガルグバトル',90,81000305,550030061,'bgm_M109','bgm_M109',0,0,'0','0',0,0,'0','0',901000601,901000701,901000702,901000703,0);
INSERT INTO tips(id,value,tips_index,title) VALUES(4104401,104401,1,'わらしべ世界征服');
UPDATE training_quest_data SET end_time='2030/12/17 14:59:59' WHERE quest_id=21001001;
UPDATE training_quest_data SET end_time='2030/12/17 14:59:59' WHERE quest_id=21001002;
UPDATE training_quest_data SET end_time='2030/12/17 14:59:59' WHERE quest_id=21001003;
UPDATE training_quest_data SET end_time='2030/12/17 14:59:59' WHERE quest_id=21001004;
UPDATE training_quest_data SET end_time='2030/12/17 14:59:59' WHERE quest_id=21001005;
UPDATE training_quest_data SET end_time='2030/12/17 14:59:59' WHERE quest_id=21002001;
UPDATE training_quest_data SET end_time='2030/12/17 14:59:59' WHERE quest_id=21002002;
UPDATE training_quest_data SET end_time='2030/12/17 14:59:59' WHERE quest_id=21002003;
UPDATE training_quest_data SET end_time='2030/12/17 14:59:59' WHERE quest_id=21002004;
UPDATE training_quest_data SET end_time='2030/12/17 14:59:59' WHERE quest_id=21002005;
INSERT INTO unit_attack_pattern(pattern_id,unit_id,loop_start,loop_end,atk_pattern_1,atk_pattern_2,atk_pattern_3,atk_pattern_4,atk_pattern_5,atk_pattern_6,atk_pattern_7,atk_pattern_8,atk_pattern_9,atk_pattern_10,atk_pattern_11,atk_pattern_12,atk_pattern_13,atk_pattern_14,atk_pattern_15,atk_pattern_16,atk_pattern_17,atk_pattern_18,atk_pattern_19,atk_pattern_20) VALUES(10440101,104401,3,12,1001,1002,1,1002,1001,1,1002,1001,1,1,1002,1001,0,0,0,0,0,0,0,0);
INSERT INTO unit_attack_pattern(pattern_id,unit_id,loop_start,loop_end,atk_pattern_1,atk_pattern_2,atk_pattern_3,atk_pattern_4,atk_pattern_5,atk_pattern_6,atk_pattern_7,atk_pattern_8,atk_pattern_9,atk_pattern_10,atk_pattern_11,atk_pattern_12,atk_pattern_13,atk_pattern_14,atk_pattern_15,atk_pattern_16,atk_pattern_17,atk_pattern_18,atk_pattern_19,atk_pattern_20) VALUES(30060201,300602,2,6,1,1,1001,1,1001,1,1,1,1,1,1,1,1,1,1,1,1,1,1,1);
INSERT INTO unit_attack_pattern(pattern_id,unit_id,loop_start,loop_end,atk_pattern_1,atk_pattern_2,atk_pattern_3,atk_pattern_4,atk_pattern_5,atk_pattern_6,atk_pattern_7,atk_pattern_8,atk_pattern_9,atk_pattern_10,atk_pattern_11,atk_pattern_12,atk_pattern_13,atk_pattern_14,atk_pattern_15,atk_pattern_16,atk_pattern_17,atk_pattern_18,atk_pattern_19,atk_pattern_20) VALUES(30200101,302001,2,6,1,1,1,1,1,1,1,1,1,1,1,1,1,1,1,1,1,1,1,1);
INSERT INTO unit_attack_pattern(pattern_id,unit_id,loop_start,loop_end,atk_pattern_1,atk_pattern_2,atk_pattern_3,atk_pattern_4,atk_pattern_5,atk_pattern_6,atk_pattern_7,atk_pattern_8,atk_pattern_9,atk_pattern_10,atk_pattern_11,atk_pattern_12,atk_pattern_13,atk_pattern_14,atk_pattern_15,atk_pattern_16,atk_pattern_17,atk_pattern_18,atk_pattern_19,atk_pattern_20) VALUES(30210101,302101,2,6,1,1,1,1,1,1,1,1,1,1,1,1,1,1,1,1,1,1,1,1);
INSERT INTO unit_attack_pattern(pattern_id,unit_id,loop_start,loop_end,atk_pattern_1,atk_pattern_2,atk_pattern_3,atk_pattern_4,atk_pattern_5,atk_pattern_6,atk_pattern_7,atk_pattern_8,atk_pattern_9,atk_pattern_10,atk_pattern_11,atk_pattern_12,atk_pattern_13,atk_pattern_14,atk_pattern_15,atk_pattern_16,atk_pattern_17,atk_pattern_18,atk_pattern_19,atk_pattern_20) VALUES(30260001,302600,2,6,1,1,1001,1,1,1002,1,1,1,1,1,1,1,1,1,1,1,1,1,1);
INSERT INTO unit_attack_pattern(pattern_id,unit_id,loop_start,loop_end,atk_pattern_1,atk_pattern_2,atk_pattern_3,atk_pattern_4,atk_pattern_5,atk_pattern_6,atk_pattern_7,atk_pattern_8,atk_pattern_9,atk_pattern_10,atk_pattern_11,atk_pattern_12,atk_pattern_13,atk_pattern_14,atk_pattern_15,atk_pattern_16,atk_pattern_17,atk_pattern_18,atk_pattern_19,atk_pattern_20) VALUES(30260002,302600,1,8,1,1002,1,1001,1,1002,1,1001,0,0,0,0,0,0,0,0,0,0,0,0);
INSERT INTO unit_attack_pattern(pattern_id,unit_id,loop_start,loop_end,atk_pattern_1,atk_pattern_2,atk_pattern_3,atk_pattern_4,atk_pattern_5,atk_pattern_6,atk_pattern_7,atk_pattern_8,atk_pattern_9,atk_pattern_10,atk_pattern_11,atk_pattern_12,atk_pattern_13,atk_pattern_14,atk_pattern_15,atk_pattern_16,atk_pattern_17,atk_pattern_18,atk_pattern_19,atk_pattern_20) VALUES(30260101,302601,2,6,1,1,1001,1,1,1002,1,1,1,1,1,1,1,1,1,1,1,1,1,1);
INSERT INTO unit_attack_pattern(pattern_id,unit_id,loop_start,loop_end,atk_pattern_1,atk_pattern_2,atk_pattern_3,atk_pattern_4,atk_pattern_5,atk_pattern_6,atk_pattern_7,atk_pattern_8,atk_pattern_9,atk_pattern_10,atk_pattern_11,atk_pattern_12,atk_pattern_13,atk_pattern_14,atk_pattern_15,atk_pattern_16,atk_pattern_17,atk_pattern_18,atk_pattern_19,atk_pattern_20) VALUES(30260102,302601,1,7,1,1002,1,1001,1,1002,1,1001,0,0,0,0,0,0,0,0,0,0,0,0);
UPDATE unit_attack_pattern SET atk_pattern_2=1001, atk_pattern_3=1, atk_pattern_5=1001 WHERE pattern_id=30390001;
INSERT INTO unit_attack_pattern(pattern_id,unit_id,loop_start,loop_end,atk_pattern_1,atk_pattern_2,atk_pattern_3,atk_pattern_4,atk_pattern_5,atk_pattern_6,atk_pattern_7,atk_pattern_8,atk_pattern_9,atk_pattern_10,atk_pattern_11,atk_pattern_12,atk_pattern_13,atk_pattern_14,atk_pattern_15,atk_pattern_16,atk_pattern_17,atk_pattern_18,atk_pattern_19,atk_pattern_20) VALUES(30390101,303901,2,6,1,1001,1,1,1001,1,1,1,1,1,1,1,1,1,1,1,1,1,1,1);
INSERT INTO unit_attack_pattern(pattern_id,unit_id,loop_start,loop_end,atk_pattern_1,atk_pattern_2,atk_pattern_3,atk_pattern_4,atk_pattern_5,atk_pattern_6,atk_pattern_7,atk_pattern_8,atk_pattern_9,atk_pattern_10,atk_pattern_11,atk_pattern_12,atk_pattern_13,atk_pattern_14,atk_pattern_15,atk_pattern_16,atk_pattern_17,atk_pattern_18,atk_pattern_19,atk_pattern_20) VALUES(30420001,304200,1,7,1,1,1001,1,1,1,1001,0,0,0,0,0,0,0,0,0,0,0,0,0);
INSERT INTO unit_attack_pattern(pattern_id,unit_id,loop_start,loop_end,atk_pattern_1,atk_pattern_2,atk_pattern_3,atk_pattern_4,atk_pattern_5,atk_pattern_6,atk_pattern_7,atk_pattern_8,atk_pattern_9,atk_pattern_10,atk_pattern_11,atk_pattern_12,atk_pattern_13,atk_pattern_14,atk_pattern_15,atk_pattern_16,atk_pattern_17,atk_pattern_18,atk_pattern_19,atk_pattern_20) VALUES(30420101,304201,1,6,1,1002,1,1001,1,1002,0,0,0,0,0,0,0,0,0,0,0,0,0,0);
INSERT INTO unit_attack_pattern(pattern_id,unit_id,loop_start,loop_end,atk_pattern_1,atk_pattern_2,atk_pattern_3,atk_pattern_4,atk_pattern_5,atk_pattern_6,atk_pattern_7,atk_pattern_8,atk_pattern_9,atk_pattern_10,atk_pattern_11,atk_pattern_12,atk_pattern_13,atk_pattern_14,atk_pattern_15,atk_pattern_16,atk_pattern_17,atk_pattern_18,atk_pattern_19,atk_pattern_20) VALUES(30420102,304201,1,7,1002,1001,1,1001,1002,1,1001,0,0,0,0,0,0,0,0,0,0,0,0,0);
INSERT INTO unit_attack_pattern(pattern_id,unit_id,loop_start,loop_end,atk_pattern_1,atk_pattern_2,atk_pattern_3,atk_pattern_4,atk_pattern_5,atk_pattern_6,atk_pattern_7,atk_pattern_8,atk_pattern_9,atk_pattern_10,atk_pattern_11,atk_pattern_12,atk_pattern_13,atk_pattern_14,atk_pattern_15,atk_pattern_16,atk_pattern_17,atk_pattern_18,atk_pattern_19,atk_pattern_20) VALUES(90100101,901001,4,8,1,1,1,0,0,0,0,0,0,0,0,0,0,0,0,0,0,0,0,0);
INSERT INTO unit_attack_pattern(pattern_id,unit_id,loop_start,loop_end,atk_pattern_1,atk_pattern_2,atk_pattern_3,atk_pattern_4,atk_pattern_5,atk_pattern_6,atk_pattern_7,atk_pattern_8,atk_pattern_9,atk_pattern_10,atk_pattern_11,atk_pattern_12,atk_pattern_13,atk_pattern_14,atk_pattern_15,atk_pattern_16,atk_pattern_17,atk_pattern_18,atk_pattern_19,atk_pattern_20) VALUES(90170101,901701,4,8,1,1,1,0,0,0,0,0,0,0,0,0,0,0,0,0,0,0,0,0);
INSERT INTO unit_attack_pattern(pattern_id,unit_id,loop_start,loop_end,atk_pattern_1,atk_pattern_2,atk_pattern_3,atk_pattern_4,atk_pattern_5,atk_pattern_6,atk_pattern_7,atk_pattern_8,atk_pattern_9,atk_pattern_10,atk_pattern_11,atk_pattern_12,atk_pattern_13,atk_pattern_14,atk_pattern_15,atk_pattern_16,atk_pattern_17,atk_pattern_18,atk_pattern_19,atk_pattern_20) VALUES(90440101,904401,2,3,1,1,1,0,0,0,0,0,0,0,0,0,0,0,0,0,0,0,0,0);
UPDATE unit_comments SET description='ゴーヤーにソーキ…\nサーターアンダギー！\n故郷の食べ物が恋しいさ～' WHERE id=1017003;
INSERT INTO unit_comments(id,unit_id,use_type,voice_id,face_id,change_time,change_face,description) VALUES(1044001,104401,1,1,6,5.0,1,'お主…わらわと何処かで\n会ったことはないか？\nお主を見ていると、何故か\nなつかしさを覚えるのじゃが…');
INSERT INTO unit_comments(id,unit_id,use_type,voice_id,face_id,change_time,change_face,description) VALUES(1044002,104401,1,2,4,6.4,1,'むう…どういうわけか\n無性にトマトジュースが\n飲みたい気分じゃの…\nお主、どこぞで求めてまいれ');
INSERT INTO unit_comments(id,unit_id,use_type,voice_id,face_id,change_time,change_face,description) VALUES(1044003,104401,1,3,4,6.9,2,'昼間は思うように動けぬ…\n夜になるまで、じっとしておこう\nそれまでお主は、わらわの\n話し相手になるのじゃぞ');
INSERT INTO unit_comments(id,unit_id,use_type,voice_id,face_id,change_time,change_face,description) VALUES(1044004,104401,1,4,6,4.2,4,'お主はちっとも、わらわを\n恐れないのじゃな？\nな？　可愛らしいじゃと？\n眷属の分際で何を申すー！');
INSERT INTO unit_comments(id,unit_id,use_type,voice_id,face_id,change_time,change_face,description) VALUES(1044005,104401,1,5,2,9.0,5,'お主は、特別な眷属じゃ\n今より「昼を総べる者」を\n名乗るが良いぞ');
INSERT INTO unit_comments(id,unit_id,use_type,voice_id,face_id,change_time,change_face,description) VALUES(1044006,104431,1,1,1,0.0,1,'わらわの真の姿は美しかろう？\nなに？　見慣れてないから\nいつもの方が良い？　なんと\n張り合いのないことを…！');
INSERT INTO unit_comments(id,unit_id,use_type,voice_id,face_id,change_time,change_face,description) VALUES(1044007,104431,1,2,1,0.0,1,'わらわの野望を聞きたいのか？\nもちろん世界征服じゃ！\n女と生まれたからには\n一度は目指したいものよの♪');
INSERT INTO unit_comments(id,unit_id,use_type,voice_id,face_id,change_time,change_face,description) VALUES(1044008,104431,1,3,1,0.0,1,'わらわは伝説の吸血鬼。\nお主の命を奪うなど\nたやすいことじゃが…まあ、\n眷属ゆえ生かしておいてやろうぞ');
INSERT INTO unit_comments(id,unit_id,use_type,voice_id,face_id,change_time,change_face,description) VALUES(1044009,104431,1,4,1,0.0,1,'世界を征服した暁には\nその半分をお主に分け与えよう\nど、どういう意味かわかるな？');
INSERT INTO unit_comments(id,unit_id,use_type,voice_id,face_id,change_time,change_face,description) VALUES(1044010,104431,1,5,1,0.0,1,'昼間にお主と会うために、\n最近は昼夜逆転してしまった…\n昼ふかしは、美容によくないの\nじゃが…');
UPDATE unit_data SET rarity=3, motion_type=3, se_type=3, move_speed=450, search_area_width=425, atk_type=2, normal_atk_cast_time=1.425, cutin_1=104401, guild_id=12, comment='【魔法】中衛で命を削り攻撃する「夜を統べる者」。\n自身のＨＰと引き換えに放つスキルは高い殲滅力を誇り\n範囲攻撃における威力では他の追随を許さない。' WHERE unit_id=104401;
UPDATE unit_data SET move_speed=500, search_area_width=650 WHERE unit_id=900003;
INSERT INTO unit_data(unit_id,unit_name,kana,prefab_id,rarity,motion_type,se_type,move_speed,search_area_width,atk_type,normal_atk_cast_time,cutin_1,cutin_2,guild_id,exskill_display,comment) VALUES(901001,'マホ','まほ',901001,3,7,7,450,650,2,2.27,101001,0,0,0,'');
INSERT INTO unit_data(unit_id,unit_name,kana,prefab_id,rarity,motion_type,se_type,move_speed,search_area_width,atk_type,normal_atk_cast_time,cutin_1,cutin_2,guild_id,exskill_display,comment) VALUES(901701,'カオリ','かおり',901701,2,1,1,450,300,1,2.17,101701,0,0,0,'');
INSERT INTO unit_data(unit_id,unit_name,kana,prefab_id,rarity,motion_type,se_type,move_speed,search_area_width,atk_type,normal_atk_cast_time,cutin_1,cutin_2,guild_id,exskill_display,comment) VALUES(904401,'イリヤ','いりや',904401,3,3,3,450,900,2,1.425,104401,0,0,0,'');
UPDATE unit_enemy_data SET comment='【物理】特異な力で変質したクリーパー。\n無数のトゲを持つ蔓を巻き付け、動きを奪う。\n\n・前方範囲内の敵に物理中ダメージを与え、\n　麻痺状態にする。\n・前方範囲内の敵の物理防御力を下げ、毒\n　状態にする。' WHERE unit_id=300601;
INSERT INTO unit_enemy_data(unit_id,unit_name,prefab_id,motion_type,se_type,move_speed,search_area_width,atk_type,normal_atk_cast_time,cutin,visual_change_flag,comment) VALUES(300602,'ニードルクリーパー',300602,0,2,270,1000,1,1.8,0,0,'【物理】特異な力で変質したクリーパー。\n無数のトゲを持つ蔓を巻き付け、動きを奪う。\n\n・前方範囲内の敵に物理中ダメージを与え、\n　麻痺状態にする。\n・前方範囲内の敵の物理防御力を下げ、毒\n　状態にする。');
UPDATE unit_enemy_data SET comment='【物理】過酷な環境で進化したプチグリフォン。竜巻で獲物を巻き上げ、空で狩りをする。\n\n・前方範囲内の敵に魔法中ダメージ。' WHERE unit_id=302000;
INSERT INTO unit_enemy_data(unit_id,unit_name,prefab_id,motion_type,se_type,move_speed,search_area_width,atk_type,normal_atk_cast_time,cutin,visual_change_flag,comment) VALUES(302001,'ワイルドグリフォン',302001,0,11,270,1000,1,1.6,0,0,'【物理】過酷な環境で進化したプチグリフォン。竜巻で獲物を巻き上げ、空で狩りをする。\n\n・前方範囲内の敵に魔法中ダメージ。');
UPDATE unit_enemy_data SET comment='【物理】大きな皮翼を使い、空を駆ける翼竜。\n巨大な火球を吐き、侵入者の行く手を阻む。\n\n・前方範囲内の敵に物理中ダメージ。' WHERE unit_id=302100;
INSERT INTO unit_enemy_data(unit_id,unit_name,prefab_id,motion_type,se_type,move_speed,search_area_width,atk_type,normal_atk_cast_time,cutin,visual_change_flag,comment) VALUES(302101,'ワイバーン',302101,0,11,270,1000,1,1.6,0,0,'【物理】大きな皮翼を使い、空を駆ける翼竜。\n巨大な火球を吐き、侵入者の行く手を阻む。\n\n・前方範囲内の敵に物理中ダメージ。');
INSERT INTO unit_enemy_data(unit_id,unit_name,prefab_id,motion_type,se_type,move_speed,search_area_width,atk_type,normal_atk_cast_time,cutin,visual_change_flag,comment) VALUES(302600,'ツインピッグス',302600,0,16,270,1000,1,1.6,0,0,'【物理】盗賊行為を重ねる、双子座の魔星獣。\n抜群の連携で、アジトの侵入者に襲い掛かる。\n\n・敵全体に、最大HPに応じた物理\n　大ダメージ。\n・後衛の敵に物理中ダメージを与え、\n　攻撃速度を小ダウン。\n・敵全体に、物理小ダメージ。');
INSERT INTO unit_enemy_data(unit_id,unit_name,prefab_id,motion_type,se_type,move_speed,search_area_width,atk_type,normal_atk_cast_time,cutin,visual_change_flag,comment) VALUES(302601,'ツインピッグス',302601,0,16,270,1000,1,1.9,0,0,'【物理】盗賊行為を重ねる、双子座の魔星獣。\n抜群の連携で、アジトの侵入者に襲い掛かる。\n\n・敵全体に、最大HPに応じた物理\n　大ダメージ。\n・後衛の敵に物理中ダメージを与え、\n　攻撃速度を小ダウン。\n・敵全体に、物理小ダメージ。');
INSERT INTO unit_enemy_data(unit_id,unit_name,prefab_id,motion_type,se_type,move_speed,search_area_width,atk_type,normal_atk_cast_time,cutin,visual_change_flag,comment) VALUES(303900,'サイクロプス',303900,0,13,270,1000,1,2.0,0,0,'【物理】怪力が自慢の、凶暴な一つ目巨人。\n瞳に魔力をみなぎらせ、強力な怪光線を放つ。\n\n・敵全体に魔法大ダメージを与え、暗闇状態に\n　する。\n・残りHPの高い敵に対して最大HPに応じた\n　物理中ダメージを与えさらにTPを下げる。\n');
INSERT INTO unit_enemy_data(unit_id,unit_name,prefab_id,motion_type,se_type,move_speed,search_area_width,atk_type,normal_atk_cast_time,cutin,visual_change_flag,comment) VALUES(303901,'サイクロプス',303901,0,13,270,1000,1,2.0,0,0,'【物理】怪力が自慢の、凶暴な一つ目巨人。\n瞳に魔力をみなぎらせ、強力な怪光線を放つ。\n\n・敵全体に魔法大ダメージを与え、暗闇状態に\n　する。\n・残りHPの高い敵に対して最大HPに応じた\n　物理中ダメージを与えさらにTPを下げる。\n');
INSERT INTO unit_enemy_data(unit_id,unit_name,prefab_id,motion_type,se_type,move_speed,search_area_width,atk_type,normal_atk_cast_time,cutin,visual_change_flag,comment) VALUES(304200,'ガルグ',304200,0,16,270,1000,1,1.8,0,0,'【物理】屍肉を喰らう凶暴な大型魔獣。\n強固な棘を全身に纏い獲物を執念深くつけ狙う。\n・敵全体にキャラの最大HPに応じた\n　物理中ダメージを与える。\n・後方範囲内に物理中ダメージを与えさらに\n　スタンさせる。');
INSERT INTO unit_enemy_data(unit_id,unit_name,prefab_id,motion_type,se_type,move_speed,search_area_width,atk_type,normal_atk_cast_time,cutin,visual_change_flag,comment) VALUES(304201,'ガルグ',304200,0,16,270,1000,1,1.8,0,0,'【物理】屍肉を喰らう凶暴な大型魔獣。\n強固な棘を全身に纏い獲物を執念深くつけ狙う。\n・敵全体にキャラの最大HPに応じた\n　物理中ダメージを与える。\n・後方範囲内に物理中ダメージを与えさらに\n　スタンさせる。\n・前方２番目の敵に物理中ダメージを与える。\n・ガルグ自身のHPが50％を切ると、さらに\n　攻撃が激しく凶暴になる。');
INSERT INTO unit_enemy_data(unit_id,unit_name,prefab_id,motion_type,se_type,move_speed,search_area_width,atk_type,normal_atk_cast_time,cutin,visual_change_flag,comment) VALUES(604401,'イリヤのシャドウ',104401,3,3,450,450,2,1.425,0,1,'イリヤの姿をした特殊な魔物');
INSERT INTO unit_introduction(id,gacha_id,introduction_number,start_time,end_time,maximum_chunk_size_1,maximum_chunk_size_loop_1,maximum_chunk_size_2,maximum_chunk_size_loop_2,maximum_chunk_size_3,maximum_chunk_size_loop_3) VALUES(8,30008,1,'2018/05/31 12:00:00','2018/06/15 14:59:59',380000,380000,0,0,0,0);
UPDATE unit_promotion SET unit_id=104401, equip_slot_1=101251, equip_slot_2=101251, equip_slot_3=101371, equip_slot_4=101521, equip_slot_5=101611, equip_slot_6=101611 WHERE rowid=307;
UPDATE unit_promotion SET unit_id=104401, equip_slot_1=102222, equip_slot_2=102221, equip_slot_4=102461, equip_slot_5=101611, equip_slot_6=101611 WHERE rowid=308;
UPDATE unit_promotion SET unit_id=104401, equip_slot_1=103221, equip_slot_2=102222, equip_slot_4=102521, equip_slot_5=102611, equip_slot_6=102611 WHERE rowid=309;
UPDATE unit_promotion SET unit_id=104401, equip_slot_1=103252, equip_slot_3=103251, equip_slot_4=103611, equip_slot_5=102613, equip_slot_6=102613 WHERE rowid=310;
UPDATE unit_promotion SET unit_id=104401, equip_slot_1=103222, equip_slot_2=103252, equip_slot_4=103522, equip_slot_5=103611, equip_slot_6=103611 WHERE rowid=311;
UPDATE unit_promotion SET unit_id=104401, equip_slot_1=104221, equip_slot_2=103222, equip_slot_4=103522, equip_slot_6=103613 WHERE rowid=312;
UPDATE unit_promotion SET unit_id=104401, equip_slot_1=104222, equip_slot_2=104221, equip_slot_3=104371, equip_slot_4=103614, equip_slot_5=103614, equip_slot_6=103613 WHERE rowid=313;
UPDATE unit_promotion SET unit_id=104401, equip_slot_1=104223, equip_slot_2=104222, equip_slot_3=104522, equip_slot_4=104221, equip_slot_5=104611, equip_slot_6=103614 WHERE rowid=314;
UPDATE unit_promotion SET unit_id=104401, equip_slot_2=104223, equip_slot_4=104222, equip_slot_6=104611 WHERE rowid=315;
UPDATE unit_promotion SET unit_id=104501, equip_slot_2=101521, equip_slot_5=101581, equip_slot_6=101581 WHERE rowid=316;
UPDATE unit_promotion SET unit_id=104501, equip_slot_1=102521, equip_slot_3=102371, equip_slot_5=101581, equip_slot_6=101581 WHERE rowid=317;
UPDATE unit_promotion SET unit_id=104501, equip_slot_2=102521, equip_slot_3=102372, equip_slot_5=102581, equip_slot_6=102581 WHERE rowid=318;
UPDATE unit_promotion SET unit_id=104501, equip_slot_1=103101, equip_slot_2=103521, equip_slot_3=103521, equip_slot_4=103581, equip_slot_5=102582, equip_slot_6=102582 WHERE rowid=319;
UPDATE unit_promotion SET unit_id=104501, equip_slot_2=103522, equip_slot_3=103371, equip_slot_4=103461, equip_slot_5=103581, equip_slot_6=103581 WHERE rowid=320;
UPDATE unit_promotion SET unit_id=104501, equip_slot_2=103583, equip_slot_3=103372, equip_slot_4=103461, equip_slot_5=103371, equip_slot_6=103582 WHERE rowid=321;
UPDATE unit_promotion SET unit_id=104501, equip_slot_2=104371, equip_slot_3=104461, equip_slot_4=103583, equip_slot_5=103583, equip_slot_6=103582 WHERE rowid=322;
UPDATE unit_promotion SET unit_id=104501, equip_slot_3=104372, equip_slot_4=104461, equip_slot_5=104581, equip_slot_6=103583 WHERE rowid=323;
UPDATE unit_promotion SET unit_id=104501, equip_slot_4=104372, equip_slot_6=104581 WHERE rowid=324;
UPDATE unit_promotion SET unit_id=104601, equip_slot_1=101071, equip_slot_2=101071, equip_slot_4=101431, equip_slot_6=101551 WHERE rowid=325;
UPDATE unit_promotion SET unit_id=104601, equip_slot_1=102041, equip_slot_2=102071, equip_slot_3=102431, equip_slot_4=102431, equip_slot_6=101551 WHERE rowid=326;
UPDATE unit_promotion SET unit_id=104601, equip_slot_1=103071, equip_slot_2=102041, equip_slot_3=102342, equip_slot_4=102432, equip_slot_5=102551, equip_slot_6=102551 WHERE rowid=327;
UPDATE unit_promotion SET unit_id=104601, equip_slot_1=103041, equip_slot_3=103341, equip_slot_5=102552, equip_slot_6=102552 WHERE rowid=328;
UPDATE unit_promotion SET unit_id=104601, equip_slot_1=103072, equip_slot_2=103041, equip_slot_3=103342, equip_slot_4=103432, equip_slot_6=103551 WHERE rowid=329;
UPDATE unit_promotion SET unit_id=104601, equip_slot_1=104071, equip_slot_2=103072, equip_slot_3=103343, equip_slot_4=103432, equip_slot_6=103552 WHERE rowid=330;
UPDATE unit_promotion SET unit_id=104601, equip_slot_1=104072, equip_slot_2=104071, equip_slot_3=104341, equip_slot_4=103553, equip_slot_5=103072, equip_slot_6=103552 WHERE rowid=331;
UPDATE unit_promotion SET unit_id=104601, equip_slot_1=104073, equip_slot_2=104072, equip_slot_3=104342, equip_slot_4=104431, equip_slot_5=104551, equip_slot_6=103553 WHERE rowid=332;
UPDATE unit_promotion SET unit_id=104601, equip_slot_2=104073, equip_slot_4=104342, equip_slot_6=104551 WHERE rowid=333;
UPDATE unit_promotion SET unit_id=104701, equip_slot_1=101011, equip_slot_2=101401, equip_slot_4=101401, equip_slot_5=101551 WHERE rowid=334;
UPDATE unit_promotion SET unit_id=104701, equip_slot_1=102014, equip_slot_2=102491, equip_slot_3=102281, equip_slot_5=101551 WHERE rowid=335;
UPDATE unit_promotion SET unit_id=104701, equip_slot_1=103011, equip_slot_2=102401 WHERE rowid=336;
UPDATE unit_promotion SET unit_id=104701, equip_slot_1=103012, equip_slot_2=103431, equip_slot_3=103311 WHERE rowid=337;
UPDATE unit_promotion SET unit_id=104701, equip_slot_1=103013, equip_slot_2=103401, equip_slot_4=103401, equip_slot_5=103551 WHERE rowid=338;
UPDATE unit_promotion SET unit_id=104701, equip_slot_1=104011, equip_slot_2=103583, equip_slot_4=103401, equip_slot_5=103552 WHERE rowid=339;
UPDATE unit_promotion SET unit_id=104701, equip_slot_1=104012, equip_slot_2=104401, equip_slot_4=103583, equip_slot_6=103582 WHERE rowid=340;
UPDATE unit_promotion SET unit_id=104701, equip_slot_1=104013, equip_slot_2=104012, equip_slot_6=103583 WHERE rowid=341;
UPDATE unit_promotion SET unit_id=104701, equip_slot_2=104013, equip_slot_4=104312, equip_slot_6=104581 WHERE rowid=342;
UPDATE unit_promotion SET unit_id=104801, equip_slot_1=101161, equip_slot_2=101191, equip_slot_4=101431, equip_slot_5=101161 WHERE rowid=343;
UPDATE unit_promotion SET unit_id=104801, equip_slot_1=102163, equip_slot_2=102191, equip_slot_3=102311, equip_slot_5=101161, equip_slot_6=101581 WHERE rowid=344;
UPDATE unit_promotion SET unit_id=104801, equip_slot_1=103161, equip_slot_2=102192, equip_slot_5=102162 WHERE rowid=345;
UPDATE unit_promotion SET unit_id=104801, equip_slot_1=103162, equip_slot_2=103191, equip_slot_3=103281, equip_slot_5=102163, equip_slot_6=102582 WHERE rowid=346;
UPDATE unit_promotion SET unit_id=104801, equip_slot_1=103193, equip_slot_2=103162, equip_slot_5=103161 WHERE rowid=347;
UPDATE unit_promotion SET unit_id=104801, equip_slot_1=104161, equip_slot_2=103193, equip_slot_4=103432, equip_slot_5=103162 WHERE rowid=348;
UPDATE unit_promotion SET unit_id=104801, equip_slot_1=104162, equip_slot_2=104191, equip_slot_6=103401 WHERE rowid=349;
UPDATE unit_promotion SET unit_id=104801, equip_slot_1=104163, equip_slot_2=104192, equip_slot_4=104491 WHERE rowid=350;
UPDATE unit_promotion SET unit_id=104801, equip_slot_2=104193 WHERE rowid=351;
UPDATE unit_promotion SET unit_id=104901, equip_slot_1=101011, equip_slot_2=101011, equip_slot_3=101281, equip_slot_4=101401, equip_slot_5=101551, equip_slot_6=101581 WHERE rowid=352;
UPDATE unit_promotion SET unit_id=104901, equip_slot_1=102014, equip_slot_2=102011, equip_slot_3=102281, equip_slot_4=102493, equip_slot_5=101551, equip_slot_6=101551 WHERE rowid=353;
UPDATE unit_promotion SET unit_id=104901, equip_slot_1=103011, equip_slot_2=102014, equip_slot_3=102282, equip_slot_4=102401, equip_slot_5=102551, equip_slot_6=102581 WHERE rowid=354;
UPDATE unit_promotion SET unit_id=104901, equip_slot_1=103012, equip_slot_2=103011, equip_slot_3=103311, equip_slot_4=103431, equip_slot_5=102552, equip_slot_6=102552 WHERE rowid=355;
UPDATE unit_promotion SET unit_id=104901, equip_slot_1=103013, equip_slot_2=103012, equip_slot_3=103282, equip_slot_4=103491, equip_slot_5=103551, equip_slot_6=103581 WHERE rowid=356;
UPDATE unit_promotion SET unit_id=104901, equip_slot_1=104011, equip_slot_2=103013, equip_slot_3=103283, equip_slot_4=103491, equip_slot_5=103552, equip_slot_6=103582 WHERE rowid=357;
UPDATE unit_promotion SET unit_id=104901, equip_slot_1=104012, equip_slot_2=104491, equip_slot_3=104311, equip_slot_4=103553, equip_slot_5=103583, equip_slot_6=103552 WHERE rowid=358;
UPDATE unit_promotion SET unit_id=104901, equip_slot_1=104013, equip_slot_2=104012, equip_slot_3=104432, equip_slot_4=104401, equip_slot_5=104581, equip_slot_6=103553 WHERE rowid=359;
UPDATE unit_promotion SET unit_id=104901, equip_slot_2=104013, equip_slot_4=104432, equip_slot_6=104551 WHERE rowid=360;
UPDATE unit_promotion SET unit_id=105001, equip_slot_1=101251, equip_slot_2=101251, equip_slot_3=101371, equip_slot_4=101521, equip_slot_5=101611, equip_slot_6=101611 WHERE rowid=361;
UPDATE unit_promotion SET unit_id=105001, equip_slot_1=102222, equip_slot_2=102221, equip_slot_3=102371, equip_slot_4=102461, equip_slot_5=101611, equip_slot_6=101611 WHERE rowid=362;
UPDATE unit_promotion SET unit_id=105001, equip_slot_1=103221, equip_slot_2=102222, equip_slot_3=102372, equip_slot_4=102521, equip_slot_5=102611, equip_slot_6=102611 WHERE rowid=363;
UPDATE unit_promotion SET unit_id=105001, equip_slot_1=103252, equip_slot_2=103221, equip_slot_3=103521, equip_slot_4=103611, equip_slot_5=102613, equip_slot_6=102613 WHERE rowid=364;
UPDATE unit_promotion SET unit_id=105001, equip_slot_1=103222, equip_slot_2=103252, equip_slot_3=103371, equip_slot_4=103522, equip_slot_5=103611, equip_slot_6=103611 WHERE rowid=365;
UPDATE unit_promotion SET unit_id=105001, equip_slot_1=104221, equip_slot_2=103222, equip_slot_3=103372, equip_slot_4=103522, equip_slot_5=103371, equip_slot_6=103613 WHERE rowid=366;
UPDATE unit_promotion SET unit_id=105001, equip_slot_1=104222, equip_slot_2=104221, equip_slot_3=104371, equip_slot_4=103614, equip_slot_5=103222, equip_slot_6=103613 WHERE rowid=367;
UPDATE unit_promotion SET unit_id=105001, equip_slot_1=104223, equip_slot_2=104222, equip_slot_3=104522, equip_slot_4=104221, equip_slot_5=104611, equip_slot_6=103614 WHERE rowid=368;
UPDATE unit_promotion SET unit_id=105001, equip_slot_2=104223, equip_slot_4=104222, equip_slot_6=104611 WHERE rowid=369;
UPDATE unit_promotion SET unit_id=105101, equip_slot_2=101011, equip_slot_3=101011, equip_slot_5=101551, equip_slot_6=101551 WHERE rowid=370;
UPDATE unit_promotion SET unit_id=105101, equip_slot_2=102011, equip_slot_3=102281, equip_slot_5=101551, equip_slot_6=101551 WHERE rowid=371;
UPDATE unit_promotion SET unit_id=105101, equip_slot_2=102013, equip_slot_3=102013, equip_slot_5=102551, equip_slot_6=102551 WHERE rowid=372;
UPDATE unit_promotion SET unit_id=105101, equip_slot_2=103011, equip_slot_5=102552, equip_slot_6=102552 WHERE rowid=373;
UPDATE unit_promotion SET unit_id=105101, equip_slot_2=103012, equip_slot_4=103401, equip_slot_5=103551, equip_slot_6=103551 WHERE rowid=374;
UPDATE unit_promotion SET unit_id=105101, equip_slot_2=103013, equip_slot_4=103401, equip_slot_5=103552 WHERE rowid=375;
UPDATE unit_promotion SET unit_id=105101, equip_slot_2=104011, equip_slot_3=104281, equip_slot_4=103553, equip_slot_6=103552 WHERE rowid=376;
UPDATE unit_promotion SET unit_id=105101, equip_slot_2=104012, equip_slot_4=104491, equip_slot_6=103553 WHERE rowid=377;
UPDATE unit_promotion SET unit_id=105101, equip_slot_2=104013, equip_slot_4=104282, equip_slot_6=104551 WHERE rowid=378;
UPDATE unit_promotion SET unit_id=105201, equip_slot_2=101161, equip_slot_5=101431 WHERE rowid=379;
UPDATE unit_promotion SET unit_id=105201, equip_slot_2=102162, equip_slot_3=102311, equip_slot_4=102493, equip_slot_5=101401 WHERE rowid=380;
UPDATE unit_promotion SET unit_id=105201, equip_slot_1=103011, equip_slot_2=102163, equip_slot_3=102312 WHERE rowid=381;
UPDATE unit_promotion SET unit_id=105201, equip_slot_2=103161, equip_slot_3=103311, equip_slot_5=102401 WHERE rowid=382;
UPDATE unit_promotion SET unit_id=105201, equip_slot_1=103013, equip_slot_2=103162, equip_slot_4=103491, equip_slot_5=103581 WHERE rowid=383;
UPDATE unit_promotion SET unit_id=105201, equip_slot_2=103193, equip_slot_3=103283, equip_slot_4=103491, equip_slot_5=103401, equip_slot_6=103552 WHERE rowid=384;
UPDATE unit_promotion SET unit_id=105201, equip_slot_2=104161, equip_slot_3=104311, equip_slot_4=103583, equip_slot_5=103583, equip_slot_6=103491 WHERE rowid=385;
UPDATE unit_promotion SET unit_id=105201, equip_slot_2=104162, equip_slot_3=104312, equip_slot_5=104581 WHERE rowid=386;
UPDATE unit_promotion SET unit_id=105201, equip_slot_2=104163, equip_slot_4=104312 WHERE rowid=387;
UPDATE unit_promotion SET unit_id=105301, equip_slot_2=101071, equip_slot_6=101581 WHERE rowid=388;
UPDATE unit_promotion SET unit_id=105301, equip_slot_2=102071, equip_slot_4=102491, equip_slot_5=101011, equip_slot_6=101581 WHERE rowid=389;
UPDATE unit_promotion SET unit_id=105301, equip_slot_1=103071, equip_slot_5=102581, equip_slot_6=102581 WHERE rowid=390;
UPDATE unit_promotion SET unit_id=105301, equip_slot_5=102013, equip_slot_6=102582 WHERE rowid=391;
UPDATE unit_promotion SET unit_id=105301, equip_slot_1=103072, equip_slot_5=103011, equip_slot_6=103581 WHERE rowid=392;
UPDATE unit_promotion SET unit_id=105301, equip_slot_2=103072, equip_slot_3=103343, equip_slot_5=103012, equip_slot_6=103582 WHERE rowid=393;
UPDATE unit_promotion SET unit_id=105301, equip_slot_2=104071, equip_slot_6=103582 WHERE rowid=394;
UPDATE unit_promotion SET unit_id=105301, equip_slot_2=104072, equip_slot_3=104342, equip_slot_4=104401, equip_slot_6=103583 WHERE rowid=395;
UPDATE unit_promotion SET unit_id=105301, equip_slot_2=104073, equip_slot_4=104342, equip_slot_6=104581 WHERE rowid=396;
UPDATE unit_promotion SET unit_id=105701, equip_slot_2=101011, equip_slot_5=101011, equip_slot_6=101551 WHERE rowid=397;
UPDATE unit_promotion SET unit_id=105701, equip_slot_3=102281, equip_slot_5=101551, equip_slot_6=101551 WHERE rowid=398;
UPDATE unit_promotion SET unit_id=105701, equip_slot_2=102013 WHERE rowid=399;
UPDATE unit_promotion SET unit_id=105701, equip_slot_3=103281, equip_slot_4=103431, equip_slot_5=102552, equip_slot_6=102552 WHERE rowid=400;
UPDATE unit_promotion SET unit_id=105701, equip_slot_2=103012, equip_slot_4=103401, equip_slot_5=103071 WHERE rowid=401;
UPDATE unit_promotion SET unit_id=105701, equip_slot_4=103401, equip_slot_5=103552, equip_slot_6=103552 WHERE rowid=402;
UPDATE unit_promotion SET unit_id=105701, equip_slot_2=104011, equip_slot_3=104281, equip_slot_4=103553, equip_slot_5=103013, equip_slot_6=103552 WHERE rowid=403;
UPDATE unit_promotion SET unit_id=105701, equip_slot_3=104282, equip_slot_4=104011, equip_slot_5=104551, equip_slot_6=103553 WHERE rowid=404;
UPDATE unit_promotion SET unit_id=105701, equip_slot_4=104012, equip_slot_6=104551 WHERE rowid=405;
UPDATE unit_promotion SET unit_id=105801, equip_slot_1=101011, equip_slot_2=101071, equip_slot_4=101401, equip_slot_5=101551, equip_slot_6=101581 WHERE rowid=406;
UPDATE unit_promotion SET unit_id=105801, equip_slot_1=102013, equip_slot_2=102011, equip_slot_3=102311, equip_slot_4=102493, equip_slot_5=101431, equip_slot_6=101581 WHERE rowid=407;
UPDATE unit_promotion SET unit_id=105801, equip_slot_1=103011, equip_slot_2=102401, equip_slot_3=102282, equip_slot_4=102401, equip_slot_5=102011 WHERE rowid=408;
UPDATE unit_promotion SET unit_id=105801, equip_slot_1=103012, equip_slot_2=103011, equip_slot_3=103311, equip_slot_4=103581, equip_slot_5=102401, equip_slot_6=102582 WHERE rowid=409;
UPDATE unit_promotion SET unit_id=105801, equip_slot_1=103013, equip_slot_2=103401, equip_slot_3=103282 WHERE rowid=410;
UPDATE unit_promotion SET unit_id=105801, equip_slot_1=104011, equip_slot_2=103013, equip_slot_3=103283, equip_slot_4=103491, equip_slot_5=103401, equip_slot_6=103582 WHERE rowid=411;
UPDATE unit_promotion SET unit_id=105801, equip_slot_1=104012, equip_slot_2=104491, equip_slot_3=104311, equip_slot_5=103583, equip_slot_6=103401 WHERE rowid=412;
UPDATE unit_promotion SET unit_id=105801, equip_slot_1=104013, equip_slot_2=104012 WHERE rowid=413;
UPDATE unit_promotion SET unit_id=105801, equip_slot_2=104013, equip_slot_4=104282 WHERE rowid=414;
UPDATE unit_promotion SET unit_id=105901, equip_slot_1=101161, equip_slot_2=101161, equip_slot_3=101281, equip_slot_4=101431, equip_slot_5=101581, equip_slot_6=101551 WHERE rowid=415;
UPDATE unit_promotion SET unit_id=105901, equip_slot_1=102163, equip_slot_2=102162, equip_slot_3=102341, equip_slot_4=102491, equip_slot_5=101581, equip_slot_6=101551 WHERE rowid=416;
UPDATE unit_promotion SET unit_id=105901, equip_slot_1=103161, equip_slot_2=102163, equip_slot_3=102342, equip_slot_4=102432, equip_slot_5=102581, equip_slot_6=102551 WHERE rowid=417;
UPDATE unit_promotion SET unit_id=105901, equip_slot_1=103162, equip_slot_2=103161, equip_slot_3=103341, equip_slot_4=103431, equip_slot_5=102582, equip_slot_6=102552 WHERE rowid=418;
UPDATE unit_promotion SET unit_id=105901, equip_slot_1=103193, equip_slot_2=103162, equip_slot_3=103342, equip_slot_4=103432, equip_slot_5=103581, equip_slot_6=103551 WHERE rowid=419;
UPDATE unit_promotion SET unit_id=105901, equip_slot_1=104161, equip_slot_2=103193, equip_slot_3=103343, equip_slot_4=103401, equip_slot_5=103552, equip_slot_6=103342 WHERE rowid=420;
UPDATE unit_promotion SET unit_id=105901, equip_slot_1=104162, equip_slot_2=104161, equip_slot_3=104341, equip_slot_4=103583, equip_slot_5=103553, equip_slot_6=103582 WHERE rowid=421;
UPDATE unit_promotion SET unit_id=105901, equip_slot_1=104163, equip_slot_2=104162, equip_slot_3=104432, equip_slot_4=104491, equip_slot_5=104581, equip_slot_6=103583 WHERE rowid=422;
UPDATE unit_promotion SET unit_id=105901, equip_slot_2=104163, equip_slot_4=104342, equip_slot_6=104581 WHERE rowid=423;
UPDATE unit_promotion SET unit_id=106001, equip_slot_1=101251, equip_slot_2=101251, equip_slot_3=101371, equip_slot_4=101521, equip_slot_5=101611, equip_slot_6=101611 WHERE rowid=424;
UPDATE unit_promotion SET unit_id=106001, equip_slot_1=102222, equip_slot_2=102221, equip_slot_3=102371, equip_slot_4=102461, equip_slot_5=101611, equip_slot_6=101611 WHERE rowid=425;
UPDATE unit_promotion SET unit_id=106001, equip_slot_1=103221, equip_slot_2=102222, equip_slot_3=102372, equip_slot_4=102521, equip_slot_5=102611, equip_slot_6=102611 WHERE rowid=426;
UPDATE unit_promotion SET unit_id=106001, equip_slot_1=103252, equip_slot_2=103221, equip_slot_3=103521, equip_slot_4=103521, equip_slot_5=102613, equip_slot_6=102613 WHERE rowid=427;
UPDATE unit_promotion SET unit_id=106001, equip_slot_1=103222, equip_slot_2=103252, equip_slot_3=103371, equip_slot_4=103522, equip_slot_5=103611, equip_slot_6=103611 WHERE rowid=428;
UPDATE unit_promotion SET unit_id=106001, equip_slot_1=104221, equip_slot_2=103222, equip_slot_3=103372, equip_slot_4=103522, equip_slot_5=103371, equip_slot_6=103613 WHERE rowid=429;
UPDATE unit_promotion SET unit_id=106001, equip_slot_1=104222, equip_slot_2=104221, equip_slot_3=104371, equip_slot_4=103614, equip_slot_5=103222, equip_slot_6=103613 WHERE rowid=430;
UPDATE unit_promotion SET unit_id=106001, equip_slot_1=104223, equip_slot_2=104222, equip_slot_3=104522, equip_slot_4=104221, equip_slot_5=104611, equip_slot_6=103614 WHERE rowid=431;
UPDATE unit_promotion SET unit_id=106001, equip_slot_2=104223, equip_slot_4=104222, equip_slot_6=104611 WHERE rowid=432;
UPDATE unit_promotion SET unit_id=106301, equip_slot_1=101131, equip_slot_2=101131, equip_slot_3=101281, equip_slot_4=101551, equip_slot_5=101131, equip_slot_6=101551 WHERE rowid=433;
UPDATE unit_promotion SET unit_id=106301, equip_slot_1=102131, equip_slot_2=102071, equip_slot_3=102341, equip_slot_4=102551, equip_slot_5=101131, equip_slot_6=101551 WHERE rowid=434;
UPDATE unit_promotion SET unit_id=106301, equip_slot_1=103071, equip_slot_2=102131, equip_slot_3=102342, equip_slot_4=102552, equip_slot_5=102071, equip_slot_6=102551 WHERE rowid=435;
UPDATE unit_promotion SET unit_id=106301, equip_slot_1=103131, equip_slot_2=103071, equip_slot_3=103341, equip_slot_4=103431, equip_slot_5=102131, equip_slot_6=102552 WHERE rowid=436;
UPDATE unit_promotion SET unit_id=106301, equip_slot_1=103132, equip_slot_2=103131, equip_slot_3=103342, equip_slot_4=103342, equip_slot_5=103071, equip_slot_6=103551 WHERE rowid=437;
UPDATE unit_promotion SET unit_id=106301, equip_slot_1=104131, equip_slot_2=103132, equip_slot_3=103343, equip_slot_4=103432, equip_slot_5=103131, equip_slot_6=103552 WHERE rowid=438;
UPDATE unit_promotion SET unit_id=106301, equip_slot_1=104132, equip_slot_2=104131, equip_slot_3=104341, equip_slot_4=103553, equip_slot_5=103132, equip_slot_6=103582 WHERE rowid=439;
UPDATE unit_promotion SET unit_id=106301, equip_slot_1=104133, equip_slot_2=104132, equip_slot_3=104342, equip_slot_4=104131, equip_slot_5=104551, equip_slot_6=103553 WHERE rowid=440;
UPDATE unit_promotion SET unit_id=106301, equip_slot_1=999999, equip_slot_2=104133, equip_slot_3=999999, equip_slot_4=104132, equip_slot_5=999999, equip_slot_6=104551 WHERE rowid=441;
UPDATE unit_promotion SET unit_id=400401 WHERE rowid=442;
UPDATE unit_promotion SET unit_id=400401 WHERE rowid=443;
UPDATE unit_promotion SET unit_id=400401 WHERE rowid=444;
UPDATE unit_promotion SET unit_id=400401 WHERE rowid=445;
UPDATE unit_promotion SET unit_id=400401 WHERE rowid=446;
UPDATE unit_promotion SET unit_id=400401 WHERE rowid=447;
UPDATE unit_promotion SET unit_id=400401 WHERE rowid=448;
UPDATE unit_promotion SET unit_id=400401 WHERE rowid=449;
UPDATE unit_promotion SET unit_id=400401 WHERE rowid=450;
UPDATE unit_promotion SET unit_id=400402 WHERE rowid=451;
UPDATE unit_promotion SET unit_id=400402 WHERE rowid=452;
UPDATE unit_promotion SET unit_id=400402 WHERE rowid=453;
UPDATE unit_promotion SET unit_id=400402 WHERE rowid=454;
UPDATE unit_promotion SET unit_id=400402 WHERE rowid=455;
UPDATE unit_promotion SET unit_id=400402 WHERE rowid=456;
UPDATE unit_promotion SET unit_id=400402 WHERE rowid=457;
UPDATE unit_promotion SET unit_id=400402 WHERE rowid=458;
UPDATE unit_promotion SET unit_id=400402 WHERE rowid=459;
UPDATE unit_promotion SET unit_id=400802 WHERE rowid=460;
UPDATE unit_promotion SET unit_id=400802 WHERE rowid=461;
UPDATE unit_promotion SET unit_id=400802 WHERE rowid=462;
UPDATE unit_promotion SET unit_id=400802 WHERE rowid=463;
UPDATE unit_promotion SET unit_id=400802 WHERE rowid=464;
UPDATE unit_promotion SET unit_id=400802 WHERE rowid=465;
UPDATE unit_promotion SET unit_id=400802 WHERE rowid=466;
UPDATE unit_promotion SET unit_id=400802 WHERE rowid=467;
UPDATE unit_promotion SET unit_id=400802 WHERE rowid=468;
UPDATE unit_promotion SET unit_id=402702, equip_slot_1=0, equip_slot_2=0, equip_slot_3=0, equip_slot_4=0, equip_slot_5=0, equip_slot_6=0 WHERE rowid=469;
UPDATE unit_promotion SET unit_id=402702, equip_slot_1=0, equip_slot_2=0, equip_slot_3=0, equip_slot_4=0, equip_slot_5=0, equip_slot_6=0 WHERE rowid=470;
UPDATE unit_promotion SET unit_id=402702, equip_slot_1=0, equip_slot_2=0, equip_slot_3=0, equip_slot_4=0, equip_slot_5=0, equip_slot_6=0 WHERE rowid=471;
UPDATE unit_promotion SET unit_id=402702, equip_slot_1=0, equip_slot_2=0, equip_slot_3=0, equip_slot_4=0, equip_slot_5=0, equip_slot_6=0 WHERE rowid=472;
UPDATE unit_promotion SET unit_id=402702, equip_slot_1=0, equip_slot_2=0, equip_slot_3=0, equip_slot_4=0, equip_slot_5=0, equip_slot_6=0 WHERE rowid=473;
UPDATE unit_promotion SET unit_id=402702, equip_slot_1=0, equip_slot_2=0, equip_slot_3=0, equip_slot_4=0, equip_slot_5=0, equip_slot_6=0 WHERE rowid=474;
UPDATE unit_promotion SET unit_id=402702, equip_slot_1=0, equip_slot_2=0, equip_slot_3=0, equip_slot_4=0, equip_slot_5=0, equip_slot_6=0 WHERE rowid=475;
UPDATE unit_promotion SET unit_id=402702, equip_slot_1=0, equip_slot_2=0, equip_slot_3=0, equip_slot_4=0, equip_slot_5=0, equip_slot_6=0 WHERE rowid=476;
UPDATE unit_promotion SET unit_id=402702, equip_slot_1=0, equip_slot_2=0, equip_slot_3=0, equip_slot_4=0, equip_slot_5=0, equip_slot_6=0 WHERE rowid=477;
UPDATE unit_promotion SET unit_id=403001 WHERE rowid=478;
UPDATE unit_promotion SET unit_id=403001 WHERE rowid=479;
UPDATE unit_promotion SET unit_id=403001 WHERE rowid=480;
UPDATE unit_promotion SET unit_id=403001 WHERE rowid=481;
UPDATE unit_promotion SET unit_id=403001 WHERE rowid=482;
UPDATE unit_promotion SET unit_id=403001 WHERE rowid=483;
UPDATE unit_promotion SET unit_id=403001 WHERE rowid=484;
UPDATE unit_promotion SET unit_id=403001 WHERE rowid=485;
UPDATE unit_promotion SET unit_id=403001 WHERE rowid=486;
UPDATE unit_promotion SET unit_id=403002, equip_slot_1=101011, equip_slot_2=101011, equip_slot_3=101281, equip_slot_4=101401, equip_slot_5=101551, equip_slot_6=101611 WHERE rowid=487;
UPDATE unit_promotion SET unit_id=403002, equip_slot_1=102041, equip_slot_2=102011, equip_slot_3=102281, equip_slot_4=101401, equip_slot_5=101011, equip_slot_6=102581 WHERE rowid=488;
UPDATE unit_promotion SET unit_id=403002, equip_slot_1=103011, equip_slot_2=102041, equip_slot_3=102282, equip_slot_4=102493, equip_slot_5=102551, equip_slot_6=102582 WHERE rowid=489;
UPDATE unit_promotion SET unit_id=403002, equip_slot_1=103041, equip_slot_2=103401, equip_slot_3=103281, equip_slot_4=103011, equip_slot_5=102041, equip_slot_6=102582 WHERE rowid=490;
UPDATE unit_promotion SET unit_id=403002, equip_slot_1=103042, equip_slot_2=103012, equip_slot_3=103282, equip_slot_4=103401, equip_slot_5=103551, equip_slot_6=103581 WHERE rowid=491;
UPDATE unit_promotion SET unit_id=403002, equip_slot_1=104011, equip_slot_2=103042, equip_slot_3=103283, equip_slot_4=103401, equip_slot_5=103041, equip_slot_6=103581 WHERE rowid=492;
UPDATE unit_promotion SET unit_id=403002, equip_slot_1=999999, equip_slot_2=104041, equip_slot_3=104281, equip_slot_4=103553, equip_slot_5=103401, equip_slot_6=103582 WHERE rowid=493;
UPDATE unit_promotion SET unit_id=403002, equip_slot_1=999999, equip_slot_2=104041, equip_slot_3=104281, equip_slot_4=103553, equip_slot_5=103401, equip_slot_6=103582 WHERE rowid=494;
UPDATE unit_promotion SET unit_id=403002, equip_slot_1=999999, equip_slot_2=104041, equip_slot_3=104281, equip_slot_4=103553, equip_slot_5=103401, equip_slot_6=103582 WHERE rowid=495;
UPDATE unit_promotion SET unit_id=403101 WHERE rowid=496;
UPDATE unit_promotion SET unit_id=403101 WHERE rowid=497;
UPDATE unit_promotion SET unit_id=403101 WHERE rowid=498;
UPDATE unit_promotion SET unit_id=403101 WHERE rowid=499;
UPDATE unit_promotion SET unit_id=403101 WHERE rowid=500;
UPDATE unit_promotion SET unit_id=403101 WHERE rowid=501;
UPDATE unit_promotion SET unit_id=403101 WHERE rowid=502;
UPDATE unit_promotion SET unit_id=403101 WHERE rowid=503;
UPDATE unit_promotion SET unit_id=403101 WHERE rowid=504;
UPDATE unit_promotion SET unit_id=404201 WHERE rowid=505;
UPDATE unit_promotion SET unit_id=404201 WHERE rowid=506;
UPDATE unit_promotion SET unit_id=404201 WHERE rowid=507;
UPDATE unit_promotion SET unit_id=404201 WHERE rowid=508;
UPDATE unit_promotion SET unit_id=404201 WHERE rowid=509;
UPDATE unit_promotion SET unit_id=404201 WHERE rowid=510;
UPDATE unit_promotion SET unit_id=404201 WHERE rowid=511;
UPDATE unit_promotion SET unit_id=404201 WHERE rowid=512;
UPDATE unit_promotion SET unit_id=404201 WHERE rowid=513;
UPDATE unit_promotion SET unit_id=404202 WHERE rowid=514;
UPDATE unit_promotion SET unit_id=404202 WHERE rowid=515;
UPDATE unit_promotion SET unit_id=404202 WHERE rowid=516;
UPDATE unit_promotion SET unit_id=404202 WHERE rowid=517;
UPDATE unit_promotion SET unit_id=404202 WHERE rowid=518;
UPDATE unit_promotion SET unit_id=404202 WHERE rowid=519;
UPDATE unit_promotion SET unit_id=404202 WHERE rowid=520;
UPDATE unit_promotion SET unit_id=404202 WHERE rowid=521;
UPDATE unit_promotion SET unit_id=404202 WHERE rowid=522;
UPDATE unit_promotion SET unit_id=501200 WHERE rowid=523;
UPDATE unit_promotion SET unit_id=501200 WHERE rowid=524;
UPDATE unit_promotion SET unit_id=501200 WHERE rowid=525;
UPDATE unit_promotion SET unit_id=501200 WHERE rowid=526;
UPDATE unit_promotion SET unit_id=501200 WHERE rowid=527;
UPDATE unit_promotion SET unit_id=501200 WHERE rowid=528;
UPDATE unit_promotion SET unit_id=501200 WHERE rowid=529;
UPDATE unit_promotion SET unit_id=501200 WHERE rowid=530;
UPDATE unit_promotion SET unit_id=501200 WHERE rowid=531;
UPDATE unit_promotion SET unit_id=900102 WHERE rowid=532;
UPDATE unit_promotion SET unit_id=900102 WHERE rowid=533;
UPDATE unit_promotion SET unit_id=900102 WHERE rowid=534;
UPDATE unit_promotion SET unit_id=900102 WHERE rowid=535;
UPDATE unit_promotion SET unit_id=900102 WHERE rowid=536;
UPDATE unit_promotion SET unit_id=900102 WHERE rowid=537;
UPDATE unit_promotion SET unit_id=900102 WHERE rowid=538;
UPDATE unit_promotion SET unit_id=900102 WHERE rowid=539;
UPDATE unit_promotion SET unit_id=900102 WHERE rowid=540;
UPDATE unit_promotion SET unit_id=900001 WHERE rowid=541;
UPDATE unit_promotion SET unit_id=900001 WHERE rowid=542;
UPDATE unit_promotion SET unit_id=900001 WHERE rowid=543;
UPDATE unit_promotion SET unit_id=900001 WHERE rowid=544;
UPDATE unit_promotion SET unit_id=900001 WHERE rowid=545;
UPDATE unit_promotion SET unit_id=900001 WHERE rowid=546;
UPDATE unit_promotion SET unit_id=900001 WHERE rowid=547;
UPDATE unit_promotion SET unit_id=900001 WHERE rowid=548;
UPDATE unit_promotion SET unit_id=900001 WHERE rowid=549;
UPDATE unit_promotion SET unit_id=900201 WHERE rowid=550;
UPDATE unit_promotion SET unit_id=900201 WHERE rowid=551;
UPDATE unit_promotion SET unit_id=900201 WHERE rowid=552;
UPDATE unit_promotion SET unit_id=900201 WHERE rowid=553;
UPDATE unit_promotion SET unit_id=900201 WHERE rowid=554;
UPDATE unit_promotion SET unit_id=900201 WHERE rowid=555;
UPDATE unit_promotion SET unit_id=900201 WHERE rowid=556;
UPDATE unit_promotion SET unit_id=900201 WHERE rowid=557;
UPDATE unit_promotion SET unit_id=900201 WHERE rowid=558;
UPDATE unit_promotion SET unit_id=900202 WHERE rowid=559;
UPDATE unit_promotion SET unit_id=900202 WHERE rowid=560;
UPDATE unit_promotion SET unit_id=900202 WHERE rowid=561;
UPDATE unit_promotion SET unit_id=900202 WHERE rowid=562;
UPDATE unit_promotion SET unit_id=900202 WHERE rowid=563;
UPDATE unit_promotion SET unit_id=900202 WHERE rowid=564;
UPDATE unit_promotion SET unit_id=900202 WHERE rowid=565;
UPDATE unit_promotion SET unit_id=900202 WHERE rowid=566;
UPDATE unit_promotion SET unit_id=900202 WHERE rowid=567;
UPDATE unit_promotion SET unit_id=900302 WHERE rowid=568;
UPDATE unit_promotion SET unit_id=900302 WHERE rowid=569;
UPDATE unit_promotion SET unit_id=900302 WHERE rowid=570;
UPDATE unit_promotion SET unit_id=900302 WHERE rowid=571;
UPDATE unit_promotion SET unit_id=900302 WHERE rowid=572;
UPDATE unit_promotion SET unit_id=900302 WHERE rowid=573;
UPDATE unit_promotion SET unit_id=900302 WHERE rowid=574;
UPDATE unit_promotion SET unit_id=900302 WHERE rowid=575;
UPDATE unit_promotion SET unit_id=900302 WHERE rowid=576;
UPDATE unit_promotion SET unit_id=905801 WHERE rowid=577;
UPDATE unit_promotion SET unit_id=905801 WHERE rowid=578;
UPDATE unit_promotion SET unit_id=905801 WHERE rowid=579;
UPDATE unit_promotion SET unit_id=905801 WHERE rowid=580;
UPDATE unit_promotion SET unit_id=905801 WHERE rowid=581;
UPDATE unit_promotion SET unit_id=905801 WHERE rowid=582;
UPDATE unit_promotion SET unit_id=905801 WHERE rowid=583;
UPDATE unit_promotion SET unit_id=905801 WHERE rowid=584;
UPDATE unit_promotion SET unit_id=905801 WHERE rowid=585;
UPDATE unit_promotion SET unit_id=905901 WHERE rowid=586;
UPDATE unit_promotion SET unit_id=905901 WHERE rowid=587;
UPDATE unit_promotion SET unit_id=905901 WHERE rowid=588;
UPDATE unit_promotion SET unit_id=905901 WHERE rowid=589;
UPDATE unit_promotion SET unit_id=905901 WHERE rowid=590;
UPDATE unit_promotion SET unit_id=905901 WHERE rowid=591;
UPDATE unit_promotion SET unit_id=905901 WHERE rowid=592;
UPDATE unit_promotion SET unit_id=905901 WHERE rowid=593;
UPDATE unit_promotion SET unit_id=905901 WHERE rowid=594;
UPDATE unit_promotion SET unit_id=905902 WHERE rowid=595;
UPDATE unit_promotion SET unit_id=905902 WHERE rowid=596;
UPDATE unit_promotion SET unit_id=905902 WHERE rowid=597;
UPDATE unit_promotion SET unit_id=905902 WHERE rowid=598;
UPDATE unit_promotion SET unit_id=905902 WHERE rowid=599;
UPDATE unit_promotion SET unit_id=905902 WHERE rowid=600;
UPDATE unit_promotion SET unit_id=905902 WHERE rowid=601;
UPDATE unit_promotion SET unit_id=905902 WHERE rowid=602;
UPDATE unit_promotion SET unit_id=905902 WHERE rowid=603;
UPDATE unit_promotion SET unit_id=902501 WHERE rowid=604;
UPDATE unit_promotion SET unit_id=902501 WHERE rowid=605;
UPDATE unit_promotion SET unit_id=902501 WHERE rowid=606;
UPDATE unit_promotion SET unit_id=902501 WHERE rowid=607;
UPDATE unit_promotion SET unit_id=902501 WHERE rowid=608;
UPDATE unit_promotion SET unit_id=902501 WHERE rowid=609;
UPDATE unit_promotion SET unit_id=902501 WHERE rowid=610;
UPDATE unit_promotion SET unit_id=902501 WHERE rowid=611;
UPDATE unit_promotion SET unit_id=902501 WHERE rowid=612;
INSERT INTO unit_promotion(rowid,unit_id,promotion_level,equip_slot_1,equip_slot_2,equip_slot_3,equip_slot_4,equip_slot_5,equip_slot_6) VALUES(613,900002,1,0,0,0,0,0,0);
INSERT INTO unit_promotion(rowid,unit_id,promotion_level,equip_slot_1,equip_slot_2,equip_slot_3,equip_slot_4,equip_slot_5,equip_slot_6) VALUES(614,900002,2,0,0,0,0,0,0);
INSERT INTO unit_promotion(rowid,unit_id,promotion_level,equip_slot_1,equip_slot_2,equip_slot_3,equip_slot_4,equip_slot_5,equip_slot_6) VALUES(615,900002,3,0,0,0,0,0,0);
INSERT INTO unit_promotion(rowid,unit_id,promotion_level,equip_slot_1,equip_slot_2,equip_slot_3,equip_slot_4,equip_slot_5,equip_slot_6) VALUES(616,900002,4,0,0,0,0,0,0);
INSERT INTO unit_promotion(rowid,unit_id,promotion_level,equip_slot_1,equip_slot_2,equip_slot_3,equip_slot_4,equip_slot_5,equip_slot_6) VALUES(617,900002,5,0,0,0,0,0,0);
INSERT INTO unit_promotion(rowid,unit_id,promotion_level,equip_slot_1,equip_slot_2,equip_slot_3,equip_slot_4,equip_slot_5,equip_slot_6) VALUES(618,900002,6,0,0,0,0,0,0);
INSERT INTO unit_promotion(rowid,unit_id,promotion_level,equip_slot_1,equip_slot_2,equip_slot_3,equip_slot_4,equip_slot_5,equip_slot_6) VALUES(619,900002,7,0,0,0,0,0,0);
INSERT INTO unit_promotion(rowid,unit_id,promotion_level,equip_slot_1,equip_slot_2,equip_slot_3,equip_slot_4,equip_slot_5,equip_slot_6) VALUES(620,900002,8,0,0,0,0,0,0);
INSERT INTO unit_promotion(rowid,unit_id,promotion_level,equip_slot_1,equip_slot_2,equip_slot_3,equip_slot_4,equip_slot_5,equip_slot_6) VALUES(621,900002,9,0,0,0,0,0,0);
UPDATE unit_promotion_status SET unit_id=104401, hp=55.0, atk=0.0, magic_str=26.0, def=0.0, magic_def=3.0, wave_hp_recovery=50.0, dodge=0.0 WHERE rowid=273;
UPDATE unit_promotion_status SET unit_id=104401, hp=150.0, atk=0.0, magic_str=94.0, def=0.0, magic_def=7.0, wave_hp_recovery=100.0, wave_energy_recovery=0.0, dodge=0.0, hp_recovery_rate=0.0 WHERE rowid=274;
UPDATE unit_promotion_status SET unit_id=104401, hp=270.0, atk=0.0, magic_str=214.0, def=2.0, magic_def=14.0, wave_hp_recovery=100.0, wave_energy_recovery=0.0, dodge=0.0, hp_recovery_rate=10.0 WHERE rowid=275;
UPDATE unit_promotion_status SET unit_id=104401, hp=360.0, atk=0.0, magic_str=405.0, def=2.0, magic_def=27.0, wave_hp_recovery=100.0, wave_energy_recovery=25.0, dodge=0.0, hp_recovery_rate=10.0 WHERE rowid=276;
UPDATE unit_promotion_status SET unit_id=104401, hp=710.0, atk=0.0, magic_str=634.0, def=4.0, magic_def=40.0, wave_hp_recovery=100.0, wave_energy_recovery=75.0, dodge=0.0, life_steal=0.0, hp_recovery_rate=10.0 WHERE rowid=277;
UPDATE unit_promotion_status SET unit_id=104401, hp=1305.0, atk=0.0, magic_str=894.0, def=8.0, magic_def=54.0, wave_hp_recovery=100.0, wave_energy_recovery=110.0, dodge=0.0, life_steal=0.0, hp_recovery_rate=15.0 WHERE rowid=278;
UPDATE unit_promotion_status SET unit_id=104401, hp=1470.0, atk=0.0, magic_str=1245.0, def=10.0, magic_def=64.0, wave_hp_recovery=100.0, wave_energy_recovery=145.0, dodge=0.0, life_steal=1.0, hp_recovery_rate=45.0 WHERE rowid=279;
UPDATE unit_promotion_status SET unit_id=104401, hp=1660.0, atk=0.0, magic_str=1683.0, def=10.0, magic_def=71.0, magic_critical=16.0, wave_hp_recovery=100.0, wave_energy_recovery=190.0, dodge=0.0, life_steal=2.0, hp_recovery_rate=60.0 WHERE rowid=280;
UPDATE unit_promotion_status SET unit_id=104501, atk=8.0, magic_str=3.0, magic_def=1.0, wave_hp_recovery=125.0 WHERE rowid=281;
UPDATE unit_promotion_status SET unit_id=104501, atk=23.0, magic_str=14.0, magic_def=5.0, wave_hp_recovery=225.0, dodge=2.0, hp_recovery_rate=10.0 WHERE rowid=282;
UPDATE unit_promotion_status SET unit_id=104501, hp=450.0, atk=66.0, magic_str=28.0, def=12.0, magic_def=13.0, wave_hp_recovery=275.0, wave_energy_recovery=20.0, dodge=4.0, hp_recovery_rate=20.0 WHERE rowid=283;
UPDATE unit_promotion_status SET unit_id=104501, hp=1050.0, atk=119.0, magic_str=68.0, def=19.0, magic_def=28.0, wave_hp_recovery=275.0, wave_energy_recovery=35.0, dodge=4.0, hp_recovery_rate=20.0 WHERE rowid=284;
UPDATE unit_promotion_status SET unit_id=104501, hp=1875.0, atk=180.0, magic_str=127.0, def=30.0, magic_def=48.0, wave_hp_recovery=275.0, wave_energy_recovery=35.0, dodge=4.0, hp_recovery_rate=20.0 WHERE rowid=285;
UPDATE unit_promotion_status SET unit_id=104501, hp=2740.0, atk=279.0, magic_str=174.0, def=47.0, magic_def=69.0, wave_hp_recovery=275.0, wave_energy_recovery=60.0, dodge=4.0, life_steal=3.0, hp_recovery_rate=25.0 WHERE rowid=286;
UPDATE unit_promotion_status SET unit_id=104501, hp=3660.0, atk=380.0, magic_str=238.0, def=68.0, magic_def=93.0, wave_hp_recovery=575.0, wave_energy_recovery=60.0, dodge=4.0, life_steal=3.0, hp_recovery_rate=25.0, energy_recovery_rate=5.0 WHERE rowid=287;
UPDATE unit_promotion_status SET unit_id=104501, hp=4625.0, atk=535.0, magic_str=312.0, def=84.0, magic_def=119.0, physical_critical=0.0, wave_hp_recovery=1225.0, wave_energy_recovery=60.0, dodge=4.0, life_steal=3.0, hp_recovery_rate=30.0 WHERE rowid=288;
UPDATE unit_promotion_status SET unit_id=104601, hp=65.0, atk=20.0, def=2.0, wave_hp_recovery=100.0, dodge=1.0 WHERE rowid=289;
UPDATE unit_promotion_status SET unit_id=104601, hp=160.0, atk=73.0, def=6.0, magic_def=0.0, wave_energy_recovery=5.0, dodge=3.0 WHERE rowid=290;
UPDATE unit_promotion_status SET unit_id=104601, hp=375.0, atk=175.0, def=9.0, magic_def=2.0, wave_hp_recovery=320.0, wave_energy_recovery=30.0, dodge=5.0 WHERE rowid=291;
UPDATE unit_promotion_status SET unit_id=104601, hp=800.0, atk=293.0, def=16.0, magic_def=5.0, wave_hp_recovery=480.0, wave_energy_recovery=50.0, dodge=11.0, hp_recovery_rate=10.0 WHERE rowid=292;
UPDATE unit_promotion_status SET unit_id=104601, hp=1215.0, atk=517.0, def=24.0, magic_def=6.0, wave_hp_recovery=870.0, wave_energy_recovery=50.0, dodge=15.0, life_steal=3.0, hp_recovery_rate=10.0 WHERE rowid=293;
UPDATE unit_promotion_status SET unit_id=104601, hp=1535.0, atk=780.0, def=30.0, magic_def=8.0, wave_hp_recovery=1710.0, wave_energy_recovery=75.0, dodge=19.0, life_steal=6.0, hp_recovery_rate=10.0 WHERE rowid=294;
UPDATE unit_promotion_status SET unit_id=104601, hp=2015.0, atk=1097.0, def=38.0, magic_def=10.0, wave_hp_recovery=2570.0, wave_energy_recovery=100.0, dodge=19.0, life_steal=9.0, hp_recovery_rate=10.0 WHERE rowid=295;
UPDATE unit_promotion_status SET unit_id=104601, hp=2480.0, atk=1416.0, magic_str=0.0, def=53.0, magic_def=20.0, wave_hp_recovery=3020.0, wave_energy_recovery=100.0, dodge=26.0, life_steal=9.0, hp_recovery_rate=10.0 WHERE rowid=296;
UPDATE unit_promotion_status SET unit_id=104701, hp=95.0, atk=15.0, def=4.0, wave_hp_recovery=75.0, dodge=0.0 WHERE rowid=297;
UPDATE unit_promotion_status SET unit_id=104701, hp=365.0, atk=53.0, def=9.0, magic_def=2.0, wave_hp_recovery=150.0, dodge=0.0 WHERE rowid=298;
UPDATE unit_promotion_status SET unit_id=104701, hp=930.0, atk=126.0, def=18.0, magic_def=4.0, wave_hp_recovery=175.0, dodge=0.0 WHERE rowid=299;
UPDATE unit_promotion_status SET unit_id=104701, hp=1590.0, atk=209.0, def=30.0, magic_def=10.0, wave_hp_recovery=175.0, dodge=6.0 WHERE rowid=300;
UPDATE unit_promotion_status SET unit_id=104701, hp=2810.0, atk=334.0, magic_def=15.0, wave_hp_recovery=265.0, dodge=6.0 WHERE rowid=301;
UPDATE unit_promotion_status SET unit_id=104701, hp=3915.0, atk=502.0, def=70.0, magic_def=26.0, wave_hp_recovery=500.0, dodge=6.0 WHERE rowid=302;
UPDATE unit_promotion_status SET unit_id=104701, hp=5140.0, atk=626.0, def=94.0, magic_def=48.0, wave_hp_recovery=500.0, wave_energy_recovery=15.0, dodge=6.0, life_steal=4.0 WHERE rowid=303;
UPDATE unit_promotion_status SET unit_id=104701, hp=6430.0, atk=809.0, def=111.0, magic_def=62.0, physical_critical=10.0, wave_hp_recovery=700.0, wave_energy_recovery=30.0, dodge=11.0, life_steal=4.0, energy_recovery_rate=5.0 WHERE rowid=304;
UPDATE unit_promotion_status SET unit_id=104801, hp=65.0, atk=18.0, wave_hp_recovery=50.0, dodge=1.0 WHERE rowid=305;
UPDATE unit_promotion_status SET unit_id=104801, hp=250.0, atk=58.0, def=10.0, magic_def=1.0, wave_hp_recovery=100.0, dodge=1.0 WHERE rowid=306;
UPDATE unit_promotion_status SET unit_id=104801, hp=590.0, atk=153.0, def=19.0, magic_def=3.0, wave_hp_recovery=125.0, wave_energy_recovery=0.0, dodge=1.0 WHERE rowid=307;
UPDATE unit_promotion_status SET unit_id=104801, hp=1045.0, atk=285.0, def=32.0, magic_def=7.0, wave_hp_recovery=125.0, wave_energy_recovery=0.0, dodge=4.0, hp_recovery_rate=0.0 WHERE rowid=308;
UPDATE unit_promotion_status SET unit_id=104801, hp=1785.0, atk=458.0, def=50.0, magic_def=16.0, wave_hp_recovery=125.0, wave_energy_recovery=0.0, dodge=4.0, hp_recovery_rate=0.0 WHERE rowid=309;
UPDATE unit_promotion_status SET unit_id=104801, hp=2280.0, atk=714.0, def=68.0, magic_def=22.0, wave_hp_recovery=125.0, wave_energy_recovery=0.0, dodge=8.0, hp_recovery_rate=0.0 WHERE rowid=310;
UPDATE unit_promotion_status SET unit_id=104801, hp=3360.0, atk=935.0, def=93.0, magic_def=33.0, wave_hp_recovery=125.0, wave_energy_recovery=0.0, dodge=8.0, hp_recovery_rate=0.0 WHERE rowid=311;
UPDATE unit_promotion_status SET unit_id=104801, hp=4380.0, atk=1189.0, def=112.0, magic_def=44.0, physical_critical=5.0, wave_hp_recovery=325.0, wave_energy_recovery=0.0, dodge=13.0, life_steal=0.0, hp_recovery_rate=15.0, energy_recovery_rate=0.0 WHERE rowid=312;
UPDATE unit_promotion_status SET unit_id=104901, hp=95.0, atk=19.0, magic_str=0.0, def=3.0, magic_def=0.0, wave_hp_recovery=75.0 WHERE rowid=313;
UPDATE unit_promotion_status SET unit_id=104901, hp=305.0, atk=70.0, magic_str=0.0, def=7.0, magic_def=2.0, wave_hp_recovery=125.0 WHERE rowid=314;
UPDATE unit_promotion_status SET unit_id=104901, hp=735.0, atk=162.0, magic_str=0.0, def=13.0, magic_def=5.0, wave_hp_recovery=180.0, wave_energy_recovery=5.0, hp_recovery_rate=0.0 WHERE rowid=315;
UPDATE unit_promotion_status SET unit_id=104901, hp=1275.0, atk=300.0, magic_str=0.0, def=20.0, magic_def=8.0, wave_hp_recovery=180.0, dodge=3.0 WHERE rowid=316;
UPDATE unit_promotion_status SET unit_id=104901, hp=2265.0, atk=462.0, magic_str=0.0, def=33.0, magic_def=17.0, wave_hp_recovery=270.0, wave_energy_recovery=25.0, dodge=3.0 WHERE rowid=317;
UPDATE unit_promotion_status SET unit_id=104901, hp=3180.0, atk=683.0, magic_str=0.0, def=47.0, magic_def=27.0, wave_hp_recovery=505.0, wave_energy_recovery=25.0, dodge=3.0, hp_recovery_rate=10.0 WHERE rowid=318;
UPDATE unit_promotion_status SET unit_id=104901, hp=4530.0, atk=879.0, magic_str=0.0, def=67.0, magic_def=36.0, wave_hp_recovery=740.0, wave_energy_recovery=40.0, dodge=3.0, life_steal=0.0, hp_recovery_rate=10.0, energy_recovery_rate=0.0 WHERE rowid=319;
UPDATE unit_promotion_status SET unit_id=104901, hp=5295.0, atk=1116.0, magic_str=10.0, def=83.0, magic_def=49.0, physical_critical=10.0, magic_critical=0.0, wave_hp_recovery=940.0, wave_energy_recovery=55.0, dodge=8.0, life_steal=4.0, hp_recovery_rate=25.0 WHERE rowid=320;
UPDATE unit_promotion_status SET unit_id=105001, hp=55.0, atk=0.0, magic_str=26.0, def=0.0, magic_def=3.0 WHERE rowid=321;
UPDATE unit_promotion_status SET unit_id=105001, hp=150.0, atk=0.0, magic_str=94.0, def=0.0, magic_def=7.0 WHERE rowid=322;
UPDATE unit_promotion_status SET unit_id=105001, hp=270.0, atk=0.0, magic_str=214.0, def=2.0, magic_def=14.0, wave_hp_recovery=100.0, wave_energy_recovery=0.0, hp_recovery_rate=10.0 WHERE rowid=323;
UPDATE unit_promotion_status SET unit_id=105001, hp=360.0, atk=0.0, magic_str=415.0, def=2.0, magic_def=25.0, wave_hp_recovery=100.0, wave_energy_recovery=25.0, dodge=0.0 WHERE rowid=324;
UPDATE unit_promotion_status SET unit_id=105001, hp=710.0, atk=0.0, magic_str=644.0, def=4.0, magic_def=38.0, wave_hp_recovery=100.0, wave_energy_recovery=75.0, dodge=0.0 WHERE rowid=325;
UPDATE unit_promotion_status SET unit_id=105001, hp=1305.0, atk=0.0, magic_str=904.0, def=8.0, magic_def=52.0, wave_hp_recovery=100.0, wave_energy_recovery=110.0, dodge=0.0, hp_recovery_rate=15.0 WHERE rowid=326;
UPDATE unit_promotion_status SET unit_id=105001, hp=1470.0, atk=0.0, magic_str=1286.0, def=10.0, magic_def=59.0, wave_hp_recovery=100.0, wave_energy_recovery=145.0, dodge=0.0, life_steal=1.0, hp_recovery_rate=30.0, energy_recovery_rate=5.0 WHERE rowid=327;
UPDATE unit_promotion_status SET unit_id=105001, hp=1660.0, atk=0.0, magic_str=1724.0, def=10.0, magic_def=66.0, physical_critical=0.0, magic_critical=16.0, wave_hp_recovery=100.0, wave_energy_recovery=190.0, dodge=0.0, life_steal=2.0, hp_recovery_rate=45.0 WHERE rowid=328;
UPDATE unit_promotion_status SET unit_id=105101, hp=60.0, atk=26.0, dodge=0.0 WHERE rowid=329;
UPDATE unit_promotion_status SET unit_id=105101, hp=330.0, atk=77.0, def=6.0, dodge=0.0 WHERE rowid=330;
UPDATE unit_promotion_status SET unit_id=105101, hp=675.0, atk=200.0, def=9.0, magic_def=1.0, wave_hp_recovery=160.0, wave_energy_recovery=10.0, dodge=0.0 WHERE rowid=331;
UPDATE unit_promotion_status SET unit_id=105101, hp=1215.0, atk=338.0, def=16.0, magic_def=4.0, wave_hp_recovery=160.0, wave_energy_recovery=30.0, dodge=3.0, hp_recovery_rate=10.0 WHERE rowid=332;
UPDATE unit_promotion_status SET unit_id=105101, hp=2080.0, atk=541.0, def=30.0, magic_def=6.0, wave_hp_recovery=340.0, wave_energy_recovery=30.0, dodge=3.0, hp_recovery_rate=10.0 WHERE rowid=333;
UPDATE unit_promotion_status SET unit_id=105101, hp=3050.0, atk=788.0, def=42.0, magic_def=8.0, wave_hp_recovery=810.0, wave_energy_recovery=30.0, dodge=3.0, hp_recovery_rate=10.0 WHERE rowid=334;
UPDATE unit_promotion_status SET unit_id=105101, hp=4075.0, atk=1059.0, def=55.0, magic_def=15.0, wave_hp_recovery=1045.0, wave_energy_recovery=45.0, dodge=3.0, hp_recovery_rate=10.0 WHERE rowid=335;
UPDATE unit_promotion_status SET unit_id=105101, hp=5245.0, atk=1296.0, def=72.0, magic_def=25.0, wave_hp_recovery=1645.0, wave_energy_recovery=60.0, dodge=3.0, life_steal=0.0, hp_recovery_rate=10.0 WHERE rowid=336;
UPDATE unit_promotion_status SET unit_id=105201, atk=14.0, def=3.0, wave_hp_recovery=50.0, dodge=1.0 WHERE rowid=337;
UPDATE unit_promotion_status SET unit_id=105201, hp=355.0, atk=55.0, def=8.0, magic_def=1.0, wave_hp_recovery=100.0, wave_energy_recovery=0.0, dodge=1.0 WHERE rowid=338;
UPDATE unit_promotion_status SET unit_id=105201, hp=870.0, atk=122.0, def=18.0, magic_def=4.0, wave_hp_recovery=150.0, wave_energy_recovery=0.0, dodge=1.0 WHERE rowid=339;
UPDATE unit_promotion_status SET unit_id=105201, hp=1575.0, atk=222.0, def=31.0, magic_def=9.0, wave_hp_recovery=150.0, wave_energy_recovery=0.0, dodge=4.0 WHERE rowid=340;
UPDATE unit_promotion_status SET unit_id=105201, hp=2630.0, atk=344.0, def=49.0, magic_def=21.0, wave_hp_recovery=150.0, wave_energy_recovery=0.0, dodge=4.0, life_steal=0.0 WHERE rowid=341;
UPDATE unit_promotion_status SET unit_id=105201, hp=3700.0, atk=563.0, def=64.0, magic_def=27.0, wave_hp_recovery=385.0, wave_energy_recovery=0.0, dodge=4.0, life_steal=0.0 WHERE rowid=342;
UPDATE unit_promotion_status SET unit_id=105201, hp=4995.0, atk=707.0, def=90.0, magic_def=45.0, wave_hp_recovery=385.0, wave_energy_recovery=15.0, dodge=4.0, life_steal=0.0 WHERE rowid=343;
UPDATE unit_promotion_status SET unit_id=105201, hp=5970.0, atk=878.0, magic_str=10.0, def=113.0, magic_def=66.0, physical_critical=10.0, wave_hp_recovery=985.0, wave_energy_recovery=15.0, life_steal=4.0, energy_recovery_rate=5.0 WHERE rowid=344;
UPDATE unit_promotion_status SET unit_id=105301, hp=95.0, atk=22.0, wave_hp_recovery=75.0 WHERE rowid=345;
UPDATE unit_promotion_status SET unit_id=105301, hp=350.0, def=4.0, magic_def=0.0, wave_hp_recovery=125.0, wave_energy_recovery=5.0 WHERE rowid=346;
UPDATE unit_promotion_status SET unit_id=105301, hp=805.0, atk=157.0, def=10.0, magic_def=3.0, wave_hp_recovery=175.0, wave_energy_recovery=20.0 WHERE rowid=347;
UPDATE unit_promotion_status SET unit_id=105301, hp=1525.0, atk=293.0, def=15.0, magic_def=7.0, wave_hp_recovery=175.0, wave_energy_recovery=20.0, hp_recovery_rate=0.0 WHERE rowid=348;
UPDATE unit_promotion_status SET unit_id=105301, hp=2525.0, atk=470.0, def=26.0, magic_def=12.0, wave_hp_recovery=175.0, wave_energy_recovery=20.0, life_steal=3.0, hp_recovery_rate=0.0 WHERE rowid=349;
UPDATE unit_promotion_status SET unit_id=105301, hp=3300.0, atk=706.0, def=39.0, magic_def=18.0, wave_hp_recovery=545.0, wave_energy_recovery=20.0, life_steal=6.0, hp_recovery_rate=0.0 WHERE rowid=350;
UPDATE unit_promotion_status SET unit_id=105301, hp=4025.0, atk=1020.0, def=50.0, magic_def=24.0, wave_hp_recovery=545.0, wave_energy_recovery=60.0, life_steal=6.0, hp_recovery_rate=0.0 WHERE rowid=351;
UPDATE unit_promotion_status SET unit_id=105301, hp=4690.0, atk=1299.0, def=66.0, magic_def=36.0, wave_hp_recovery=845.0, wave_energy_recovery=60.0, dodge=4.0, life_steal=10.0, hp_recovery_rate=0.0 WHERE rowid=352;
UPDATE unit_promotion_status SET unit_id=105701, hp=110.0, atk=25.0, def=2.0, wave_hp_recovery=25.0 WHERE rowid=353;
UPDATE unit_promotion_status SET unit_id=105701, hp=380.0, atk=76.0, def=5.0, wave_hp_recovery=75.0, dodge=0.0 WHERE rowid=354;
UPDATE unit_promotion_status SET unit_id=105701, hp=845.0, atk=181.0, def=9.0, wave_hp_recovery=105.0, dodge=0.0 WHERE rowid=355;
UPDATE unit_promotion_status SET unit_id=105701, hp=1385.0, atk=330.0, def=14.0, magic_def=4.0, wave_hp_recovery=105.0, wave_energy_recovery=25.0, dodge=3.0, hp_recovery_rate=10.0 WHERE rowid=356;
UPDATE unit_promotion_status SET unit_id=105701, hp=2250.0, atk=540.0, def=25.0, magic_def=6.0, wave_hp_recovery=195.0, wave_energy_recovery=40.0, dodge=3.0, hp_recovery_rate=10.0 WHERE rowid=357;
UPDATE unit_promotion_status SET unit_id=105701, hp=3220.0, atk=787.0, def=37.0, magic_def=8.0, wave_hp_recovery=665.0, wave_energy_recovery=40.0, dodge=3.0, hp_recovery_rate=10.0 WHERE rowid=358;
UPDATE unit_promotion_status SET unit_id=105701, hp=4110.0, atk=1119.0, def=45.0, magic_def=10.0, wave_hp_recovery=900.0, wave_energy_recovery=55.0, dodge=3.0, hp_recovery_rate=10.0 WHERE rowid=359;
UPDATE unit_promotion_status SET unit_id=105701, hp=4665.0, atk=1502.0, magic_str=0.0, def=54.0, magic_def=12.0, physical_critical=20.0, wave_hp_recovery=900.0, wave_energy_recovery=95.0, dodge=3.0, hp_recovery_rate=10.0, energy_recovery_rate=10.0 WHERE rowid=360;
UPDATE unit_promotion_status SET unit_id=105801, hp=80.0, atk=19.0, def=3.0, wave_hp_recovery=100.0, dodge=0.0 WHERE rowid=361;
UPDATE unit_promotion_status SET unit_id=105801, hp=370.0, atk=59.0, def=6.0, magic_def=1.0 WHERE rowid=362;
UPDATE unit_promotion_status SET unit_id=105801, hp=910.0, atk=144.0, def=13.0, magic_def=2.0, wave_hp_recovery=180.0, dodge=1.0 WHERE rowid=363;
UPDATE unit_promotion_status SET unit_id=105801, hp=1795.0, atk=244.0, def=24.0, magic_def=9.0, wave_hp_recovery=180.0, wave_energy_recovery=5.0, dodge=1.0, hp_recovery_rate=0.0 WHERE rowid=364;
UPDATE unit_promotion_status SET unit_id=105801, hp=2840.0, atk=387.0, def=38.0, magic_def=14.0, wave_hp_recovery=270.0, wave_energy_recovery=5.0, dodge=5.0, hp_recovery_rate=0.0 WHERE rowid=365;
UPDATE unit_promotion_status SET unit_id=105801, hp=4045.0, atk=572.0, def=56.0, magic_def=24.0, wave_hp_recovery=270.0, wave_energy_recovery=5.0, dodge=5.0, hp_recovery_rate=0.0 WHERE rowid=366;
UPDATE unit_promotion_status SET unit_id=105801, hp=5885.0, atk=678.0, def=81.0, magic_def=38.0, wave_hp_recovery=270.0, wave_energy_recovery=20.0, dodge=5.0, hp_recovery_rate=0.0 WHERE rowid=367;
UPDATE unit_promotion_status SET unit_id=105801, hp=7175.0, atk=861.0, def=98.0, magic_def=52.0, physical_critical=10.0, wave_hp_recovery=470.0, wave_energy_recovery=35.0, dodge=10.0, hp_recovery_rate=15.0, energy_recovery_rate=5.0 WHERE rowid=368;
UPDATE unit_promotion_status SET unit_id=105901, hp=65.0, atk=13.0, magic_str=0.0, def=4.0, magic_def=0.0, wave_hp_recovery=75.0, dodge=1.0 WHERE rowid=369;
UPDATE unit_promotion_status SET unit_id=105901, hp=245.0, atk=57.0, magic_str=0.0, def=11.0, magic_def=0.0, wave_hp_recovery=150.0, dodge=1.0 WHERE rowid=370;
UPDATE unit_promotion_status SET unit_id=105901, hp=480.0, atk=133.0, magic_str=0.0, def=21.0, magic_def=3.0, wave_hp_recovery=315.0, wave_energy_recovery=5.0, dodge=3.0, hp_recovery_rate=0.0 WHERE rowid=371;
UPDATE unit_promotion_status SET unit_id=105901, hp=870.0, atk=249.0, magic_str=0.0, def=35.0, magic_def=7.0, wave_hp_recovery=475.0, wave_energy_recovery=15.0, dodge=6.0, hp_recovery_rate=5.0 WHERE rowid=372;
UPDATE unit_promotion_status SET unit_id=105901, hp=1400.0, atk=444.0, magic_str=0.0, def=48.0, magic_def=11.0, wave_hp_recovery=775.0, wave_energy_recovery=15.0, dodge=10.0, hp_recovery_rate=5.0 WHERE rowid=373;
UPDATE unit_promotion_status SET unit_id=105901, hp=2130.0, atk=665.0, magic_str=0.0, def=66.0, magic_def=14.0, wave_hp_recovery=1590.0, wave_energy_recovery=15.0, dodge=10.0, hp_recovery_rate=5.0 WHERE rowid=374;
UPDATE unit_promotion_status SET unit_id=105901, hp=2830.0, atk=887.0, magic_str=0.0, def=93.0, magic_def=27.0, wave_hp_recovery=1915.0, wave_energy_recovery=15.0, dodge=10.0, life_steal=0.0, hp_recovery_rate=5.0, energy_recovery_rate=0.0 WHERE rowid=375;
UPDATE unit_promotion_status SET unit_id=105901, hp=4050.0, atk=1058.0, magic_str=10.0, def=118.0, magic_def=45.0, physical_critical=5.0, magic_critical=0.0, wave_hp_recovery=2115.0, wave_energy_recovery=15.0, dodge=15.0, life_steal=0.0, hp_recovery_rate=20.0, energy_recovery_rate=0.0 WHERE rowid=376;
UPDATE unit_promotion_status SET unit_id=106001, hp=55.0, atk=0.0, magic_str=26.0, def=0.0 WHERE rowid=377;
UPDATE unit_promotion_status SET unit_id=106001, hp=150.0, atk=0.0, magic_str=94.0, def=0.0, magic_def=7.0, wave_hp_recovery=100.0, wave_energy_recovery=0.0 WHERE rowid=378;
UPDATE unit_promotion_status SET unit_id=106001, hp=270.0, atk=0.0, magic_str=214.0, def=2.0, magic_def=14.0, wave_hp_recovery=100.0, wave_energy_recovery=0.0, hp_recovery_rate=10.0 WHERE rowid=379;
UPDATE unit_promotion_status SET unit_id=106001, hp=450.0, atk=0.0, magic_str=405.0, def=2.0, magic_def=29.0, wave_hp_recovery=100.0, wave_energy_recovery=0.0, dodge=0.0 WHERE rowid=380;
UPDATE unit_promotion_status SET unit_id=106001, hp=800.0, atk=0.0, magic_str=634.0, def=4.0, magic_def=42.0, wave_hp_recovery=100.0, wave_energy_recovery=50.0, dodge=0.0 WHERE rowid=381;
UPDATE unit_promotion_status SET unit_id=106001, hp=1395.0, atk=0.0, magic_str=894.0, def=8.0, magic_def=56.0, wave_hp_recovery=100.0, dodge=0.0, hp_recovery_rate=15.0 WHERE rowid=382;
UPDATE unit_promotion_status SET unit_id=106001, hp=1560.0, atk=0.0, magic_str=1276.0, def=10.0, magic_def=63.0, wave_hp_recovery=100.0, wave_energy_recovery=120.0, dodge=0.0, life_steal=1.0, hp_recovery_rate=30.0 WHERE rowid=383;
UPDATE unit_promotion_status SET unit_id=106001, hp=1750.0, atk=0.0, magic_str=1714.0, def=10.0, magic_def=70.0, physical_critical=0.0, magic_critical=16.0, wave_hp_recovery=100.0, wave_energy_recovery=165.0, dodge=0.0, life_steal=2.0, hp_recovery_rate=45.0, energy_recovery_rate=5.0 WHERE rowid=384;
UPDATE unit_promotion_status SET unit_id=106301, hp=50.0, atk=17.0, def=2.0, magic_def=3.0, wave_hp_recovery=50.0 WHERE rowid=385;
UPDATE unit_promotion_status SET unit_id=106301, hp=140.0, atk=80.0, def=3.0, magic_def=5.0, wave_hp_recovery=105.0, wave_energy_recovery=10.0 WHERE rowid=386;
UPDATE unit_promotion_status SET unit_id=106301, hp=260.0, atk=198.0, def=5.0, magic_def=7.0, wave_hp_recovery=245.0, wave_energy_recovery=45.0, hp_recovery_rate=5.0 WHERE rowid=387;
UPDATE unit_promotion_status SET unit_id=106301, hp=530.0, atk=353.0, def=9.0, magic_def=13.0, wave_hp_recovery=405.0, wave_energy_recovery=70.0, dodge=3.0, hp_recovery_rate=10.0 WHERE rowid=388;
UPDATE unit_promotion_status SET unit_id=106301, hp=1000.0, atk=566.0, def=16.0, magic_def=21.0, wave_hp_recovery=915.0, wave_energy_recovery=85.0, dodge=3.0, hp_recovery_rate=10.0 WHERE rowid=389;
UPDATE unit_promotion_status SET unit_id=106301, hp=1320.0, atk=838.0, def=20.0, magic_def=33.0, wave_hp_recovery=1520.0, wave_energy_recovery=85.0, dodge=7.0, hp_recovery_rate=10.0 WHERE rowid=390;
UPDATE unit_promotion_status SET unit_id=106301, hp=1750.0, atk=1127.0, def=31.0, magic_def=50.0, wave_hp_recovery=1965.0, wave_energy_recovery=85.0, dodge=7.0, hp_recovery_rate=10.0, energy_recovery_rate=5.0 WHERE rowid=391;
UPDATE unit_promotion_status SET unit_id=106301, hp=2000.0, atk=1495.0, def=42.0, magic_def=67.0, physical_critical=25.0, wave_hp_recovery=2085.0, wave_energy_recovery=85.0, dodge=8.0, hp_recovery_rate=10.0, energy_recovery_rate=15.0 WHERE rowid=392;
UPDATE unit_promotion_status SET unit_id=400401 WHERE rowid=393;
UPDATE unit_promotion_status SET unit_id=400401 WHERE rowid=394;
UPDATE unit_promotion_status SET unit_id=400401 WHERE rowid=395;
UPDATE unit_promotion_status SET unit_id=400401 WHERE rowid=396;
UPDATE unit_promotion_status SET unit_id=400401 WHERE rowid=397;
UPDATE unit_promotion_status SET unit_id=400401 WHERE rowid=398;
UPDATE unit_promotion_status SET unit_id=400401 WHERE rowid=399;
UPDATE unit_promotion_status SET unit_id=400401 WHERE rowid=400;
UPDATE unit_promotion_status SET unit_id=403101 WHERE rowid=401;
UPDATE unit_promotion_status SET unit_id=403101 WHERE rowid=402;
UPDATE unit_promotion_status SET unit_id=403101 WHERE rowid=403;
UPDATE unit_promotion_status SET unit_id=403101 WHERE rowid=404;
UPDATE unit_promotion_status SET unit_id=403101 WHERE rowid=405;
UPDATE unit_promotion_status SET unit_id=403101 WHERE rowid=406;
UPDATE unit_promotion_status SET unit_id=403101 WHERE rowid=407;
UPDATE unit_promotion_status SET unit_id=403101 WHERE rowid=408;
INSERT INTO unit_promotion_status(rowid,unit_id,promotion_level,hp,atk,magic_str,def,magic_def,physical_critical,magic_critical,wave_hp_recovery,wave_energy_recovery,dodge,physical_penetrate,magic_penetrate,life_steal,hp_recovery_rate,energy_recovery_rate,energy_reduce_rate) VALUES(409,404201,2,0.0,0.0,0.0,0.0,0.0,0.0,0.0,0.0,0.0,0.0,0.0,0.0,0.0,0.0,0.0,0.0);
INSERT INTO unit_promotion_status(rowid,unit_id,promotion_level,hp,atk,magic_str,def,magic_def,physical_critical,magic_critical,wave_hp_recovery,wave_energy_recovery,dodge,physical_penetrate,magic_penetrate,life_steal,hp_recovery_rate,energy_recovery_rate,energy_reduce_rate) VALUES(410,404201,3,0.0,0.0,0.0,0.0,0.0,0.0,0.0,0.0,0.0,0.0,0.0,0.0,0.0,0.0,0.0,0.0);
INSERT INTO unit_promotion_status(rowid,unit_id,promotion_level,hp,atk,magic_str,def,magic_def,physical_critical,magic_critical,wave_hp_recovery,wave_energy_recovery,dodge,physical_penetrate,magic_penetrate,life_steal,hp_recovery_rate,energy_recovery_rate,energy_reduce_rate) VALUES(411,404201,4,0.0,0.0,0.0,0.0,0.0,0.0,0.0,0.0,0.0,0.0,0.0,0.0,0.0,0.0,0.0,0.0);
INSERT INTO unit_promotion_status(rowid,unit_id,promotion_level,hp,atk,magic_str,def,magic_def,physical_critical,magic_critical,wave_hp_recovery,wave_energy_recovery,dodge,physical_penetrate,magic_penetrate,life_steal,hp_recovery_rate,energy_recovery_rate,energy_reduce_rate) VALUES(412,404201,5,0.0,0.0,0.0,0.0,0.0,0.0,0.0,0.0,0.0,0.0,0.0,0.0,0.0,0.0,0.0,0.0);
INSERT INTO unit_promotion_status(rowid,unit_id,promotion_level,hp,atk,magic_str,def,magic_def,physical_critical,magic_critical,wave_hp_recovery,wave_energy_recovery,dodge,physical_penetrate,magic_penetrate,life_steal,hp_recovery_rate,energy_recovery_rate,energy_reduce_rate) VALUES(413,404201,6,0.0,0.0,0.0,0.0,0.0,0.0,0.0,0.0,0.0,0.0,0.0,0.0,0.0,0.0,0.0,0.0);
INSERT INTO unit_promotion_status(rowid,unit_id,promotion_level,hp,atk,magic_str,def,magic_def,physical_critical,magic_critical,wave_hp_recovery,wave_energy_recovery,dodge,physical_penetrate,magic_penetrate,life_steal,hp_recovery_rate,energy_recovery_rate,energy_reduce_rate) VALUES(414,404201,7,0.0,0.0,0.0,0.0,0.0,0.0,0.0,0.0,0.0,0.0,0.0,0.0,0.0,0.0,0.0,0.0);
INSERT INTO unit_promotion_status(rowid,unit_id,promotion_level,hp,atk,magic_str,def,magic_def,physical_critical,magic_critical,wave_hp_recovery,wave_energy_recovery,dodge,physical_penetrate,magic_penetrate,life_steal,hp_recovery_rate,energy_recovery_rate,energy_reduce_rate) VALUES(415,404201,8,0.0,0.0,0.0,0.0,0.0,0.0,0.0,0.0,0.0,0.0,0.0,0.0,0.0,0.0,0.0,0.0);
INSERT INTO unit_promotion_status(rowid,unit_id,promotion_level,hp,atk,magic_str,def,magic_def,physical_critical,magic_critical,wave_hp_recovery,wave_energy_recovery,dodge,physical_penetrate,magic_penetrate,life_steal,hp_recovery_rate,energy_recovery_rate,energy_reduce_rate) VALUES(416,404201,9,0.0,0.0,0.0,0.0,0.0,0.0,0.0,0.0,0.0,0.0,0.0,0.0,0.0,0.0,0.0,0.0);
UPDATE unit_rarity SET unit_id=104401, hp=323.8, hp_growth=35.97, atk=0.0, atk_growth=0.0, magic_str=54.68, magic_str_growth=6.08, def=2.28, def_growth=0.25, magic_def=2.05, magic_def_growth=0.23, physical_critical=0.0, unit_material_id=31044 WHERE rowid=171;
UPDATE unit_rarity SET unit_id=104401, hp=388.6, hp_growth=53.96, atk=0.0, atk_growth=0.0, magic_str=65.62, magic_str_growth=9.12, def=2.74, def_growth=0.38, magic_def=2.46, magic_def_growth=0.35, physical_critical=0.0, unit_material_id=31044 WHERE rowid=172;
UPDATE unit_rarity SET unit_id=104401, hp=453.3, hp_growth=71.94, atk=0.0, atk_growth=0.0, magic_str=76.55, magic_str_growth=12.16, def=3.19, def_growth=0.5, magic_def=2.87, magic_def_growth=0.46, physical_critical=0.0, unit_material_id=31044 WHERE rowid=173;
UPDATE unit_rarity SET unit_id=104401, hp=518.1, hp_growth=89.93, atk=0.0, atk_growth=0.0, magic_str=87.49, magic_str_growth=15.2, def=3.65, def_growth=0.63, magic_def=3.28, magic_def_growth=0.58, physical_critical=0.0, unit_material_id=31044 WHERE rowid=174;
UPDATE unit_rarity SET unit_id=104401, hp=582.8, hp_growth=108.0, atk=0.0, atk_growth=0.0, magic_str=98.42, magic_str_growth=18.24, def=4.1, def_growth=0.75, magic_def=3.69, magic_def_growth=0.69, physical_critical=0.0, unit_material_id=31044 WHERE rowid=175;
UPDATE unit_rarity SET unit_id=104501, hp=496.2, hp_growth=55.13, atk=31.9, atk_growth=3.54, def=2.85, def_growth=0.32, magic_def=3.42, magic_def_growth=0.38, physical_critical=5.0, unit_material_id=31045 WHERE rowid=176;
UPDATE unit_rarity SET unit_id=104501, hp=595.4, hp_growth=82.69, atk=38.28, atk_growth=5.31, def=3.42, def_growth=0.48, magic_def=4.1, magic_def_growth=0.57, physical_critical=5.0, unit_material_id=31045 WHERE rowid=177;
UPDATE unit_rarity SET unit_id=104501, hp=694.6, hp_growth=110.3, atk=44.66, atk_growth=7.08, def=3.99, def_growth=0.64, magic_def=4.78, magic_def_growth=0.76, physical_critical=5.0, unit_material_id=31045 WHERE rowid=178;
UPDATE unit_rarity SET unit_id=104501, hp=793.9, hp_growth=137.9, atk=51.04, atk_growth=8.85, def=4.56, def_growth=0.8, magic_def=5.47, magic_def_growth=0.95, physical_critical=5.0, unit_material_id=31045 WHERE rowid=179;
UPDATE unit_rarity SET unit_id=104501, hp=893.1, hp_growth=165.4, atk=57.42, atk_growth=10.62, def=5.13, def_growth=0.96, magic_def=6.15, magic_def_growth=1.14, physical_critical=5.0, unit_material_id=31045 WHERE rowid=180;
UPDATE unit_rarity SET unit_id=104601, hp=338.5, hp_growth=37.61, atk=47.85, atk_growth=5.32, def=2.05, def_growth=0.23, magic_def=2.85, magic_def_growth=0.32, physical_critical=15.0, unit_material_id=31046 WHERE rowid=181;
UPDATE unit_rarity SET unit_id=104601, hp=406.2, hp_growth=56.41, atk=57.42, atk_growth=7.98, def=2.46, def_growth=0.34, magic_def=3.42, magic_def_growth=0.48, physical_critical=15.0, unit_material_id=31046 WHERE rowid=182;
UPDATE unit_rarity SET unit_id=104601, hp=473.9, hp_growth=75.22, atk=66.99, atk_growth=10.64, def=2.87, def_growth=0.46, magic_def=3.99, magic_def_growth=0.64, physical_critical=15.0, unit_material_id=31046 WHERE rowid=183;
UPDATE unit_rarity SET unit_id=104601, hp=541.6, hp_growth=94.02, atk=76.56, atk_growth=13.3, def=3.28, def_growth=0.57, magic_def=4.56, magic_def_growth=0.8, physical_critical=15.0, unit_material_id=31046 WHERE rowid=184;
UPDATE unit_rarity SET unit_id=104601, hp=609.3, hp_growth=112.9, atk=86.13, atk_growth=15.96, def=3.69, def_growth=0.69, magic_def=5.13, magic_def_growth=0.96, physical_critical=15.0, unit_material_id=31046 WHERE rowid=185;
UPDATE unit_rarity SET unit_id=104701, hp=506.6, hp_growth=56.28, atk=33.04, atk_growth=3.67, def=3.53, def_growth=0.39, magic_def=2.28, magic_def_growth=0.25, physical_critical=5.0, unit_material_id=31047 WHERE rowid=186;
UPDATE unit_rarity SET unit_id=104701, hp=607.9, hp_growth=84.42, atk=39.64, atk_growth=5.5, def=4.23, def_growth=0.58, magic_def=2.73, magic_def_growth=0.37, physical_critical=5.0, unit_material_id=31047 WHERE rowid=187;
UPDATE unit_rarity SET unit_id=104701, hp=709.2, hp_growth=112.6, atk=46.25, atk_growth=7.34, def=4.94, def_growth=0.78, magic_def=3.19, magic_def_growth=0.5, physical_critical=5.0, unit_material_id=31047 WHERE rowid=188;
UPDATE unit_rarity SET unit_id=104701, hp=810.5, hp_growth=140.7, atk=52.86, atk_growth=9.17, def=5.64, def_growth=0.97, magic_def=3.64, magic_def_growth=0.62, physical_critical=5.0, unit_material_id=31047 WHERE rowid=189;
UPDATE unit_rarity SET unit_id=104701, hp=911.8, hp_growth=168.9, atk=59.47, atk_growth=11.01, def=6.35, def_growth=1.17, magic_def=4.1, magic_def_growth=0.75, physical_critical=5.0, unit_material_id=31047 WHERE rowid=190;
UPDATE unit_rarity SET unit_id=104801, hp=338.5, hp_growth=37.61, atk=47.39, atk_growth=5.27, def=2.85, def_growth=0.32, magic_def=2.39, magic_def_growth=0.27, unit_material_id=31048 WHERE rowid=191;
UPDATE unit_rarity SET unit_id=104801, hp=406.2, hp_growth=56.41, atk=56.86, atk_growth=7.9, def=3.42, def_growth=0.48, magic_def=2.86, magic_def_growth=0.4, unit_material_id=31048 WHERE rowid=192;
UPDATE unit_rarity SET unit_id=104801, hp=473.9, hp_growth=75.22, atk=66.34, atk_growth=10.54, def=3.99, def_growth=0.64, magic_def=3.34, magic_def_growth=0.54, unit_material_id=31048 WHERE rowid=193;
UPDATE unit_rarity SET unit_id=104801, hp=541.6, hp_growth=94.02, atk=75.82, atk_growth=13.17, def=4.56, def_growth=0.8, magic_def=3.82, magic_def_growth=0.67, unit_material_id=31048 WHERE rowid=194;
UPDATE unit_rarity SET unit_id=104801, hp=609.3, hp_growth=112.9, atk=85.3, atk_growth=15.81, def=5.13, def_growth=0.96, magic_def=4.3, magic_def_growth=0.81, unit_material_id=31048 WHERE rowid=195;
UPDATE unit_rarity SET unit_id=104901, hp=459.6, hp_growth=51.06, atk=37.94, atk_growth=4.22, magic_str=0.0, magic_str_growth=0.0, def=3.42, def_growth=0.38, magic_def=2.51, magic_def_growth=0.28, physical_critical=10.0, unit_material_id=31049 WHERE rowid=196;
UPDATE unit_rarity SET unit_id=104901, hp=551.5, hp_growth=76.59, atk=45.52, atk_growth=6.33, magic_str=0.0, magic_str_growth=0.0, def=4.1, def_growth=0.57, magic_def=3.01, magic_def_growth=0.42, physical_critical=10.0, unit_material_id=31049 WHERE rowid=197;
UPDATE unit_rarity SET unit_id=104901, hp=643.4, hp_growth=102.2, atk=53.11, atk_growth=8.44, magic_str=0.0, magic_str_growth=0.0, def=4.78, def_growth=0.76, magic_def=3.51, magic_def_growth=0.56, physical_critical=10.0, unit_material_id=31049 WHERE rowid=198;
UPDATE unit_rarity SET unit_id=104901, hp=735.4, hp_growth=127.7, atk=60.7, atk_growth=10.55, magic_str=0.0, magic_str_growth=0.0, def=5.47, def_growth=0.95, magic_def=4.01, magic_def_growth=0.7, physical_critical=10.0, unit_material_id=31049 WHERE rowid=199;
UPDATE unit_rarity SET unit_id=104901, hp=827.3, hp_growth=153.2, atk=68.29, atk_growth=12.66, magic_str=0.0, magic_str_growth=0.0, def=6.15, def_growth=1.14, magic_def=4.51, magic_def_growth=0.84, physical_critical=10.0, unit_material_id=31049 WHERE rowid=200;
UPDATE unit_rarity SET unit_id=105001, hp=304.7, hp_growth=33.85, atk=0.0, atk_growth=0.0, magic_str=45.11, magic_str_growth=5.01, def=2.16, def_growth=0.24, magic_def=2.05, magic_def_growth=0.23, physical_critical=0.0, unit_material_id=31050 WHERE rowid=201;
UPDATE unit_rarity SET unit_id=105001, hp=365.6, hp_growth=50.77, atk=0.0, atk_growth=0.0, magic_str=54.13, magic_str_growth=7.51, def=2.59, def_growth=0.36, magic_def=2.46, magic_def_growth=0.34, physical_critical=0.0, unit_material_id=31050 WHERE rowid=202;
UPDATE unit_rarity SET unit_id=105001, hp=426.5, hp_growth=67.7, atk=0.0, atk_growth=0.0, magic_str=63.15, magic_str_growth=10.02, def=3.02, def_growth=0.48, magic_def=2.87, magic_def_growth=0.46, physical_critical=0.0, unit_material_id=31050 WHERE rowid=203;
UPDATE unit_rarity SET unit_id=105001, hp=487.4, hp_growth=84.62, atk=0.0, atk_growth=0.0, magic_str=72.17, magic_str_growth=12.52, def=3.45, def_growth=0.6, magic_def=3.28, magic_def_growth=0.57, physical_critical=0.0, unit_material_id=31050 WHERE rowid=204;
UPDATE unit_rarity SET unit_id=105001, hp=548.4, hp_growth=101.6, atk=0.0, atk_growth=0.0, magic_str=81.19, magic_str_growth=15.03, def=3.88, def_growth=0.72, magic_def=3.69, magic_def_growth=0.69, physical_critical=0.0, unit_material_id=31050 WHERE rowid=205;
UPDATE unit_rarity SET unit_id=105101, hp=376.0, hp_growth=41.77, atk=49.9, atk_growth=5.54, def=2.73, def_growth=0.3, magic_def=2.51, magic_def_growth=0.28, physical_critical=10.0, unit_material_id=31051 WHERE rowid=206;
UPDATE unit_rarity SET unit_id=105101, hp=451.2, hp_growth=62.65, atk=59.88, atk_growth=8.31, def=3.27, def_growth=0.45, magic_def=3.01, magic_def_growth=0.42, physical_critical=10.0, unit_material_id=31051 WHERE rowid=207;
UPDATE unit_rarity SET unit_id=105101, hp=526.4, hp_growth=83.54, atk=69.86, atk_growth=11.08, def=3.82, def_growth=0.6, magic_def=3.51, magic_def_growth=0.56, physical_critical=10.0, unit_material_id=31051 WHERE rowid=208;
UPDATE unit_rarity SET unit_id=105101, hp=601.6, hp_growth=104.5, atk=79.84, atk_growth=13.85, def=4.36, def_growth=0.75, magic_def=4.01, magic_def_growth=0.7, physical_critical=10.0, unit_material_id=31051 WHERE rowid=209;
UPDATE unit_rarity SET unit_id=105101, hp=676.8, hp_growth=125.4, atk=89.82, atk_growth=16.62, def=4.91, def_growth=0.9, magic_def=4.51, magic_def_growth=0.84, physical_critical=10.0, unit_material_id=31051 WHERE rowid=210;
UPDATE unit_rarity SET unit_id=105201, hp=496.2, hp_growth=55.13, atk=32.35, atk_growth=3.59, def=3.65, def_growth=0.41, magic_def=2.73, magic_def_growth=0.3, physical_critical=5.0, unit_material_id=31052 WHERE rowid=211;
UPDATE unit_rarity SET unit_id=105201, hp=595.4, hp_growth=82.69, atk=38.82, atk_growth=5.38, def=4.38, def_growth=0.61, magic_def=3.27, magic_def_growth=0.45, physical_critical=5.0, unit_material_id=31052 WHERE rowid=212;
UPDATE unit_rarity SET unit_id=105201, hp=694.6, hp_growth=110.3, atk=45.29, atk_growth=7.18, def=5.11, def_growth=0.82, magic_def=3.82, magic_def_growth=0.6, physical_critical=5.0, unit_material_id=31052 WHERE rowid=213;
UPDATE unit_rarity SET unit_id=105201, hp=793.9, hp_growth=137.9, atk=51.76, atk_growth=8.97, def=5.84, def_growth=1.02, magic_def=4.36, magic_def_growth=0.75, physical_critical=5.0, unit_material_id=31052 WHERE rowid=214;
UPDATE unit_rarity SET unit_id=105201, hp=893.1, hp_growth=165.4, atk=58.23, atk_growth=10.77, def=6.57, def_growth=1.23, magic_def=4.91, magic_def_growth=0.9, physical_critical=5.0, unit_material_id=31052 WHERE rowid=215;
UPDATE unit_rarity SET unit_id=105301, hp=392.5, hp_growth=43.61, atk=42.61, atk_growth=4.73, physical_critical=10.0, unit_material_id=31053 WHERE rowid=216;
UPDATE unit_rarity SET unit_id=105301, hp=471.0, hp_growth=65.41, atk=51.13, atk_growth=7.09, physical_critical=10.0, unit_material_id=31053 WHERE rowid=217;
UPDATE unit_rarity SET unit_id=105301, hp=549.5, hp_growth=87.22, atk=59.65, atk_growth=9.46, physical_critical=10.0, unit_material_id=31053 WHERE rowid=218;
UPDATE unit_rarity SET unit_id=105301, hp=628.0, hp_growth=109.1, atk=68.17, atk_growth=11.82, physical_critical=10.0, unit_material_id=31053 WHERE rowid=219;
UPDATE unit_rarity SET unit_id=105301, hp=706.5, hp_growth=130.9, atk=76.69, atk_growth=14.19, physical_critical=10.0, unit_material_id=31053 WHERE rowid=220;
UPDATE unit_rarity SET unit_id=105701, hp=355.1, hp_growth=39.46, atk=53.32, atk_growth=5.92, def=2.62, def_growth=0.29, magic_def=2.39, magic_def_growth=0.27, physical_critical=15.0, unit_material_id=31057 WHERE rowid=221;
UPDATE unit_rarity SET unit_id=105701, hp=426.2, hp_growth=59.19, atk=63.98, atk_growth=8.88, def=3.14, def_growth=0.43, magic_def=2.86, magic_def_growth=0.4, physical_critical=15.0, unit_material_id=31057 WHERE rowid=222;
UPDATE unit_rarity SET unit_id=105701, hp=497.2, hp_growth=78.92, atk=74.64, atk_growth=11.84, def=3.66, def_growth=0.58, magic_def=3.34, magic_def_growth=0.54, physical_critical=15.0, unit_material_id=31057 WHERE rowid=223;
UPDATE unit_rarity SET unit_id=105701, hp=568.2, hp_growth=98.65, atk=85.31, atk_growth=14.8, def=4.19, def_growth=0.72, magic_def=3.82, magic_def_growth=0.67, physical_critical=15.0, unit_material_id=31057 WHERE rowid=224;
UPDATE unit_rarity SET unit_id=105701, hp=639.2, hp_growth=118.4, atk=95.97, atk_growth=17.76, def=4.71, def_growth=0.87, magic_def=4.3, magic_def_growth=0.81, physical_critical=15.0, unit_material_id=31057 WHERE rowid=225;
UPDATE unit_rarity SET unit_id=105801, hp=417.8, hp_growth=46.42, atk=44.2, atk_growth=4.91, def=2.96, def_growth=0.33, magic_def=2.51, magic_def_growth=0.28, unit_material_id=31058 WHERE rowid=226;
UPDATE unit_rarity SET unit_id=105801, hp=501.4, hp_growth=69.63, atk=53.04, atk_growth=7.36, def=3.55, def_growth=0.49, magic_def=3.01, magic_def_growth=0.42, unit_material_id=31058 WHERE rowid=227;
UPDATE unit_rarity SET unit_id=105801, hp=584.9, hp_growth=92.84, atk=61.88, atk_growth=9.82, def=4.14, def_growth=0.66, magic_def=3.51, magic_def_growth=0.56, unit_material_id=31058 WHERE rowid=228;
UPDATE unit_rarity SET unit_id=105801, hp=668.5, hp_growth=116.1, atk=70.72, atk_growth=12.27, def=4.73, def_growth=0.82, magic_def=4.01, magic_def_growth=0.7, unit_material_id=31058 WHERE rowid=229;
UPDATE unit_rarity SET unit_id=105801, hp=752.0, hp_growth=139.3, atk=79.56, atk_growth=14.73, def=5.32, def_growth=0.99, magic_def=4.51, magic_def_growth=0.84, unit_material_id=31058 WHERE rowid=230;
UPDATE unit_rarity SET unit_id=105901, hp=372.9, hp_growth=41.43, atk=45.23, atk_growth=5.03, magic_str=0.0, magic_str_growth=0.0, def=2.62, def_growth=0.29, magic_def=2.39, magic_def_growth=0.27, physical_critical=10.0, unit_material_id=31059 WHERE rowid=231;
UPDATE unit_rarity SET unit_id=105901, hp=447.5, hp_growth=62.14, atk=54.27, atk_growth=7.54, magic_str=0.0, magic_str_growth=0.0, def=3.14, def_growth=0.43, magic_def=2.86, magic_def_growth=0.4, physical_critical=10.0, unit_material_id=31059 WHERE rowid=232;
UPDATE unit_rarity SET unit_id=105901, hp=522.1, hp_growth=82.86, atk=63.32, atk_growth=10.06, magic_str=0.0, magic_str_growth=0.0, def=3.66, def_growth=0.58, magic_def=3.34, magic_def_growth=0.54, physical_critical=10.0, unit_material_id=31059 WHERE rowid=233;
UPDATE unit_rarity SET unit_id=105901, hp=596.6, hp_growth=103.6, atk=72.36, atk_growth=12.57, magic_str=0.0, magic_str_growth=0.0, def=4.19, def_growth=0.72, magic_def=3.82, magic_def_growth=0.67, physical_critical=10.0, unit_material_id=31059 WHERE rowid=234;
UPDATE unit_rarity SET unit_id=105901, hp=671.2, hp_growth=124.3, atk=81.41, atk_growth=15.09, magic_str=0.0, magic_str_growth=0.0, def=4.71, def_growth=0.87, magic_def=4.3, magic_def_growth=0.81, physical_critical=10.0, unit_material_id=31059 WHERE rowid=235;
UPDATE unit_rarity SET unit_id=106001, hp=304.7, hp_growth=33.85, atk=0.0, atk_growth=0.0, magic_str=44.09, magic_str_growth=4.9, def=2.28, def_growth=0.25, magic_def=2.16, magic_def_growth=0.24, physical_critical=0.0, unit_material_id=31060 WHERE rowid=236;
UPDATE unit_rarity SET unit_id=106001, hp=365.6, hp_growth=50.77, atk=0.0, atk_growth=0.0, magic_str=52.9, magic_str_growth=7.35, def=2.73, def_growth=0.37, magic_def=2.59, magic_def_growth=0.36, physical_critical=0.0, unit_material_id=31060 WHERE rowid=237;
UPDATE unit_rarity SET unit_id=106001, hp=426.5, hp_growth=67.7, atk=0.0, atk_growth=0.0, magic_str=61.72, magic_str_growth=9.8, def=3.19, def_growth=0.5, magic_def=3.02, magic_def_growth=0.48, physical_critical=0.0, unit_material_id=31060 WHERE rowid=238;
UPDATE unit_rarity SET unit_id=106001, hp=487.4, hp_growth=84.62, atk=0.0, atk_growth=0.0, magic_str=70.54, magic_str_growth=12.25, def=3.64, def_growth=0.62, magic_def=3.45, magic_def_growth=0.6, physical_critical=0.0, unit_material_id=31060 WHERE rowid=239;
UPDATE unit_rarity SET unit_id=106001, hp=548.4, hp_growth=101.6, atk=0.0, atk_growth=0.0, magic_str=79.36, magic_str_growth=14.7, def=4.1, def_growth=0.75, magic_def=3.88, magic_def_growth=0.72, physical_critical=0.0, unit_material_id=31060 WHERE rowid=240;
UPDATE unit_rarity SET unit_id=106301, hp=277.7, hp_growth=30.86, atk=47.16, atk_growth=5.24, def=1.94, def_growth=0.22, magic_def=2.05, magic_def_growth=0.23, physical_critical=20.0, unit_material_id=31063 WHERE rowid=241;
UPDATE unit_rarity SET unit_id=106301, hp=333.2, hp_growth=46.29, atk=56.59, atk_growth=7.86, def=2.33, def_growth=0.33, magic_def=2.46, magic_def_growth=0.35, physical_critical=20.0, unit_material_id=31063 WHERE rowid=242;
UPDATE unit_rarity SET unit_id=106301, hp=388.8, hp_growth=61.72, atk=66.02, atk_growth=10.48, def=2.72, def_growth=0.44, magic_def=2.87, magic_def_growth=0.46, physical_critical=20.0, unit_material_id=31063 WHERE rowid=243;
UPDATE unit_rarity SET unit_id=106301, hp=444.3, hp_growth=77.15, atk=75.46, atk_growth=13.1, def=3.1, def_growth=0.55, magic_def=3.28, magic_def_growth=0.58, physical_critical=20.0, unit_material_id=31063 WHERE rowid=244;
UPDATE unit_rarity SET unit_id=106301, hp=499.9, hp_growth=92.58, atk=84.89, atk_growth=15.72, def=3.49, def_growth=0.66, magic_def=3.69, magic_def_growth=0.69, physical_critical=20.0, unit_material_id=31063 WHERE rowid=245;
UPDATE unit_rarity SET unit_id=403101, hp=69.72, hp_growth=7.75, atk=78.38, atk_growth=8.71, magic_str=0.0, magic_str_growth=0.0, def=5.35, def_growth=0.59, magic_def=3.99, magic_def_growth=0.44 WHERE rowid=246;
UPDATE unit_rarity SET unit_id=403101, hp=83.66, hp_growth=11.62, atk=94.05, atk_growth=13.06, magic_str=0.0, magic_str_growth=0.0, def=6.42, def_growth=0.88, magic_def=4.78, magic_def_growth=0.66 WHERE rowid=247;
UPDATE unit_rarity SET unit_id=403101, hp=97.6, hp_growth=15.5, atk=109.8, atk_growth=17.42, magic_str=0.0, magic_str_growth=0.0, def=7.49, def_growth=1.18, magic_def=5.58, magic_def_growth=0.88 WHERE rowid=248;
UPDATE unit_rarity SET unit_id=403101, hp=111.6, hp_growth=19.37, atk=125.4, atk_growth=21.77, magic_str=0.0, magic_str_growth=0.0, def=8.56, def_growth=1.47, magic_def=6.38, magic_def_growth=1.1 WHERE rowid=249;
UPDATE unit_rarity SET unit_id=403101, hp=125.5, hp_growth=23.25, atk=141.1, atk_growth=26.13, magic_str=0.0, magic_str_growth=0.0, def=9.63, def_growth=1.77, magic_def=7.18, magic_def_growth=1.32 WHERE rowid=250;
UPDATE unit_rarity SET unit_id=404201, hp=174.1, hp_growth=19.34, atk=0.0, atk_growth=0.0, magic_str=78.38, magic_str_growth=8.71, def=0.0, def_growth=0.0, magic_def=0.0, magic_def_growth=0.0, physical_critical=0.0, physical_critical_growth=0.0, unit_material_id=31008 WHERE rowid=251;
UPDATE unit_rarity SET unit_id=404201, hp=208.9, hp_growth=29.01, atk=0.0, atk_growth=0.0, magic_str=94.05, magic_str_growth=13.06, def=0.0, def_growth=0.0, magic_def=0.0, magic_def_growth=0.0, physical_critical=0.0, physical_critical_growth=0.0, unit_material_id=31008 WHERE rowid=252;
UPDATE unit_rarity SET unit_id=404201, hp=243.8, hp_growth=38.68, atk=0.0, atk_growth=0.0, magic_str=109.8, magic_str_growth=17.42, def=0.0, def_growth=0.0, magic_def=0.0, magic_def_growth=0.0, physical_critical=0.0, physical_critical_growth=0.0, unit_material_id=31008 WHERE rowid=253;
UPDATE unit_rarity SET unit_id=404201, hp=278.6, hp_growth=48.35, atk=0.0, atk_growth=0.0, magic_str=125.4, magic_str_growth=21.77, def=0.0, def_growth=0.0, magic_def=0.0, magic_def_growth=0.0, physical_critical=0.0, physical_critical_growth=0.0, unit_material_id=31008 WHERE rowid=254;
UPDATE unit_rarity SET unit_id=404201, hp=313.4, hp_growth=58.02, atk=0.0, atk_growth=0.0, magic_str=141.1, magic_str_growth=26.13, def=0.0, def_growth=0.0, magic_def=0.0, magic_def_growth=0.0, physical_critical=0.0, physical_critical_growth=0.0, unit_material_id=31008 WHERE rowid=255;
UPDATE unit_rarity SET unit_id=501200, hp=343.0, hp_growth=58.0, magic_str=18.0, magic_str_growth=3.0, def=16.0, unit_material_id=31027 WHERE rowid=256;
UPDATE unit_rarity SET unit_id=501200, hp=371.0, hp_growth=86.0, atk=22.0, magic_str=20.0, magic_str_growth=5.0, physical_critical=22.0, unit_material_id=31027 WHERE rowid=257;
UPDATE unit_rarity SET unit_id=501200, hp=400.0, hp_growth=115.0, atk_growth=2.0, magic_str=22.0, magic_str_growth=6.0, physical_critical_growth=2.0, unit_material_id=31027 WHERE rowid=258;
UPDATE unit_rarity SET unit_id=501200, hp=429.0, hp_growth=144.0, atk=23.0, magic_str=23.0, magic_str_growth=8.0, magic_def=15.0, physical_critical=23.0, unit_material_id=31027 WHERE rowid=259;
UPDATE unit_rarity SET unit_id=501200, hp=458.0, hp_growth=173.0, atk=23.0, atk_growth=3.0, magic_str=25.0, magic_str_growth=10.0, def=17.0, magic_def=15.0, physical_critical=23.0, physical_critical_growth=3.0, unit_material_id=31027 WHERE rowid=260;
UPDATE unit_rarity SET unit_id=900001 WHERE rowid=261;
UPDATE unit_rarity SET unit_id=900001 WHERE rowid=262;
UPDATE unit_rarity SET unit_id=900001 WHERE rowid=263;
UPDATE unit_rarity SET unit_id=900001 WHERE rowid=264;
UPDATE unit_rarity SET unit_id=900001 WHERE rowid=265;
UPDATE unit_rarity SET unit_id=900002 WHERE rowid=266;
UPDATE unit_rarity SET unit_id=900002 WHERE rowid=267;
UPDATE unit_rarity SET unit_id=900002 WHERE rowid=268;
UPDATE unit_rarity SET unit_id=900002 WHERE rowid=269;
UPDATE unit_rarity SET unit_id=900002 WHERE rowid=270;
UPDATE unit_rarity SET unit_id=900102 WHERE rowid=271;
UPDATE unit_rarity SET unit_id=900102 WHERE rowid=272;
UPDATE unit_rarity SET unit_id=900102 WHERE rowid=273;
UPDATE unit_rarity SET unit_id=900102 WHERE rowid=274;
UPDATE unit_rarity SET unit_id=900102 WHERE rowid=275;
UPDATE unit_rarity SET unit_id=900201 WHERE rowid=276;
UPDATE unit_rarity SET unit_id=900201 WHERE rowid=277;
UPDATE unit_rarity SET unit_id=900201 WHERE rowid=278;
UPDATE unit_rarity SET unit_id=900201 WHERE rowid=279;
UPDATE unit_rarity SET unit_id=900201 WHERE rowid=280;
UPDATE unit_rarity SET unit_id=900202 WHERE rowid=281;
UPDATE unit_rarity SET unit_id=900202 WHERE rowid=282;
UPDATE unit_rarity SET unit_id=900202 WHERE rowid=283;
UPDATE unit_rarity SET unit_id=900202 WHERE rowid=284;
UPDATE unit_rarity SET unit_id=900202 WHERE rowid=285;
UPDATE unit_rarity SET unit_id=900302 WHERE rowid=286;
UPDATE unit_rarity SET unit_id=900302 WHERE rowid=287;
UPDATE unit_rarity SET unit_id=900302 WHERE rowid=288;
UPDATE unit_rarity SET unit_id=900302 WHERE rowid=289;
UPDATE unit_rarity SET unit_id=900302 WHERE rowid=290;
UPDATE unit_rarity SET unit_id=901201, hp=319.0, hp_growth=34.0, atk=22.0, atk_growth=1.0, magic_str=20.0, magic_str_growth=5.0, def=15.0, def_growth=1.0, magic_def=15.0, magic_def_growth=1.0, physical_critical=22.0, physical_critical_growth=1.0, unit_material_id=31001 WHERE rowid=291;
UPDATE unit_rarity SET unit_id=901201, hp=336.0, hp_growth=51.0, atk=23.0, atk_growth=2.0, magic_str=23.0, def=16.0, def_growth=1.0, magic_def=15.0, magic_def_growth=1.0, physical_critical=23.0, physical_critical_growth=2.0, unit_material_id=31001 WHERE rowid=292;
UPDATE unit_rarity SET unit_id=901201, hp=353.0, hp_growth=68.0, atk=23.0, atk_growth=3.0, magic_str=25.0, magic_str_growth=10.0, def=16.0, def_growth=1.0, magic_def=15.0, magic_def_growth=1.0, physical_critical=23.0, physical_critical_growth=3.0, unit_material_id=31001 WHERE rowid=293;
UPDATE unit_rarity SET unit_id=901201, hp=371.0, hp_growth=86.0, atk=24.0, atk_growth=3.0, magic_str=28.0, def=16.0, def_growth=1.0, magic_def=16.0, physical_critical=24.0, physical_critical_growth=3.0, unit_material_id=31001 WHERE rowid=294;
UPDATE unit_rarity SET unit_id=901201, hp=388.0, hp_growth=103.0, atk=24.0, atk_growth=4.0, magic_str=30.0, def=16.0, def_growth=1.0, magic_def=16.0, physical_critical=24.0, physical_critical_growth=4.0, unit_material_id=31001 WHERE rowid=295;
UPDATE unit_rarity SET unit_id=902501, unit_material_id=39025 WHERE rowid=296;
UPDATE unit_rarity SET unit_id=902501, unit_material_id=39025 WHERE rowid=297;
UPDATE unit_rarity SET unit_id=902501, unit_material_id=39025 WHERE rowid=298;
UPDATE unit_rarity SET unit_id=902501, unit_material_id=39025 WHERE rowid=299;
UPDATE unit_rarity SET unit_id=902501, unit_material_id=39025 WHERE rowid=300;
UPDATE unit_rarity SET unit_id=902601, hp=271.0, hp_growth=33.0, atk=19.0, atk_growth=2.0, magic_str=38.0, magic_str_growth=4.0, def=1.0, def_growth=0.0, magic_def=3.0, magic_def_growth=0.0, physical_critical=2.0, physical_critical_growth=0.0, unit_material_id=39026 WHERE rowid=301;
UPDATE unit_rarity SET unit_id=902601, hp=285.0, hp_growth=50.0, atk=20.0, atk_growth=3.0, magic_str=40.0, magic_str_growth=7.0, def=1.0, def_growth=0.0, magic_def=3.0, magic_def_growth=0.0, physical_critical=3.0, physical_critical_growth=0.0, unit_material_id=39026 WHERE rowid=302;
UPDATE unit_rarity SET unit_id=902601, hp=298.0, hp_growth=67.0, atk=21.0, atk_growth=4.0, magic_str=42.0, magic_str_growth=9.0, def=1.0, def_growth=0.0, magic_def=3.0, magic_def_growth=0.0, physical_critical=3.0, physical_critical_growth=0.0, unit_material_id=39026 WHERE rowid=303;
UPDATE unit_rarity SET unit_id=902601, hp=312.0, hp_growth=84.0, atk_growth=6.0, magic_str=44.0, magic_str_growth=12.0, def=1.0, def_growth=0.0, magic_def=3.0, physical_critical=3.0, physical_critical_growth=0.0, unit_material_id=39026 WHERE rowid=304;
UPDATE unit_rarity SET unit_id=902601, hp=326.0, hp_growth=101.0, atk_growth=7.0, magic_str=46.0, magic_str_growth=14.0, def=1.0, def_growth=0.0, magic_def=3.0, physical_critical=3.0, physical_critical_growth=1.0, unit_material_id=39026 WHERE rowid=305;
UPDATE unit_rarity SET unit_id=905801, hp=344.0, hp_growth=59.0, unit_material_id=31003 WHERE rowid=306;
UPDATE unit_rarity SET unit_id=905801, hp=374.0, hp_growth=89.0, atk=22.0, atk_growth=1.0, magic_str_growth=8.0, physical_critical=22.0, physical_critical_growth=1.0, unit_material_id=31003 WHERE rowid=307;
UPDATE unit_rarity SET unit_id=905801, hp=404.0, hp_growth=119.0, atk=22.0, atk_growth=1.0, magic_str=26.0, physical_critical=22.0, physical_critical_growth=1.0, unit_material_id=31003 WHERE rowid=308;
UPDATE unit_rarity SET unit_id=905801, hp=434.0, hp_growth=149.0, atk=22.0, atk_growth=2.0, magic_str_growth=13.0, physical_critical=22.0, physical_critical_growth=2.0, unit_material_id=31003 WHERE rowid=309;
UPDATE unit_rarity SET unit_id=905801, hp=463.0, hp_growth=178.0, atk=23.0, atk_growth=2.0, magic_str=31.0, magic_str_growth=15.0, physical_critical=23.0, physical_critical_growth=2.0, unit_material_id=31003 WHERE rowid=310;
UPDATE unit_rarity SET unit_id=905901 WHERE rowid=311;
UPDATE unit_rarity SET unit_id=905901 WHERE rowid=312;
UPDATE unit_rarity SET unit_id=905901 WHERE rowid=313;
UPDATE unit_rarity SET unit_id=905901 WHERE rowid=314;
UPDATE unit_rarity SET unit_id=905901 WHERE rowid=315;
INSERT INTO unit_rarity(rowid,unit_id,rarity,hp,hp_growth,atk,atk_growth,magic_str,magic_str_growth,def,def_growth,magic_def,magic_def_growth,physical_critical,physical_critical_growth,magic_critical,magic_critical_growth,wave_hp_recovery,wave_hp_recovery_growth,wave_energy_recovery,wave_energy_recovery_growth,dodge,dodge_growth,physical_penetrate,physical_penetrate_growth,magic_penetrate,magic_penetrate_growth,life_steal,life_steal_growth,hp_recovery_rate,hp_recovery_rate_growth,energy_recovery_rate,energy_recovery_rate_growth,energy_reduce_rate,energy_reduce_rate_growth,unit_material_id,consume_num,consume_gold) VALUES(316,905902,1,319.0,34.0,22.0,1.0,20.0,5.0,15.0,1.0,15.0,1.0,22.0,1.0,0.0,0.0,0.0,0.0,0.0,0.0,0.0,0.0,0.0,0.0,0.0,0.0,0.0,0.0,0.0,0.0,0.0,0.0,0.0,0.0,31001,15,10000);
INSERT INTO unit_rarity(rowid,unit_id,rarity,hp,hp_growth,atk,atk_growth,magic_str,magic_str_growth,def,def_growth,magic_def,magic_def_growth,physical_critical,physical_critical_growth,magic_critical,magic_critical_growth,wave_hp_recovery,wave_hp_recovery_growth,wave_energy_recovery,wave_energy_recovery_growth,dodge,dodge_growth,physical_penetrate,physical_penetrate_growth,magic_penetrate,magic_penetrate_growth,life_steal,life_steal_growth,hp_recovery_rate,hp_recovery_rate_growth,energy_recovery_rate,energy_recovery_rate_growth,energy_reduce_rate,energy_reduce_rate_growth,unit_material_id,consume_num,consume_gold) VALUES(317,905902,2,336.0,51.0,23.0,2.0,23.0,7.0,16.0,1.0,15.0,1.0,23.0,2.0,0.0,0.0,0.0,0.0,0.0,0.0,0.0,0.0,0.0,0.0,0.0,0.0,0.0,0.0,0.0,0.0,0.0,0.0,0.0,0.0,31001,30,20000);
INSERT INTO unit_rarity(rowid,unit_id,rarity,hp,hp_growth,atk,atk_growth,magic_str,magic_str_growth,def,def_growth,magic_def,magic_def_growth,physical_critical,physical_critical_growth,magic_critical,magic_critical_growth,wave_hp_recovery,wave_hp_recovery_growth,wave_energy_recovery,wave_energy_recovery_growth,dodge,dodge_growth,physical_penetrate,physical_penetrate_growth,magic_penetrate,magic_penetrate_growth,life_steal,life_steal_growth,hp_recovery_rate,hp_recovery_rate_growth,energy_recovery_rate,energy_recovery_rate_growth,energy_reduce_rate,energy_reduce_rate_growth,unit_material_id,consume_num,consume_gold) VALUES(318,905902,3,353.0,68.0,23.0,3.0,25.0,10.0,16.0,1.0,15.0,1.0,23.0,3.0,0.0,0.0,0.0,0.0,0.0,0.0,0.0,0.0,0.0,0.0,0.0,0.0,0.0,0.0,0.0,0.0,0.0,0.0,0.0,0.0,31001,100,30000);
INSERT INTO unit_rarity(rowid,unit_id,rarity,hp,hp_growth,atk,atk_growth,magic_str,magic_str_growth,def,def_growth,magic_def,magic_def_growth,physical_critical,physical_critical_growth,magic_critical,magic_critical_growth,wave_hp_recovery,wave_hp_recovery_growth,wave_energy_recovery,wave_energy_recovery_growth,dodge,dodge_growth,physical_penetrate,physical_penetrate_growth,magic_penetrate,magic_penetrate_growth,life_steal,life_steal_growth,hp_recovery_rate,hp_recovery_rate_growth,energy_recovery_rate,energy_recovery_rate_growth,energy_reduce_rate,energy_reduce_rate_growth,unit_material_id,consume_num,consume_gold) VALUES(319,905902,4,371.0,86.0,24.0,3.0,28.0,12.0,16.0,1.0,16.0,1.0,24.0,3.0,0.0,0.0,0.0,0.0,0.0,0.0,0.0,0.0,0.0,0.0,0.0,0.0,0.0,0.0,0.0,0.0,0.0,0.0,0.0,0.0,31001,120,40000);
INSERT INTO unit_rarity(rowid,unit_id,rarity,hp,hp_growth,atk,atk_growth,magic_str,magic_str_growth,def,def_growth,magic_def,magic_def_growth,physical_critical,physical_critical_growth,magic_critical,magic_critical_growth,wave_hp_recovery,wave_hp_recovery_growth,wave_energy_recovery,wave_energy_recovery_growth,dodge,dodge_growth,physical_penetrate,physical_penetrate_growth,magic_penetrate,magic_penetrate_growth,life_steal,life_steal_growth,hp_recovery_rate,hp_recovery_rate_growth,energy_recovery_rate,energy_recovery_rate_growth,energy_reduce_rate,energy_reduce_rate_growth,unit_material_id,consume_num,consume_gold) VALUES(320,905902,5,388.0,103.0,24.0,4.0,30.0,14.0,16.0,1.0,16.0,1.0,24.0,4.0,0.0,0.0,0.0,0.0,0.0,0.0,0.0,0.0,0.0,0.0,0.0,0.0,0.0,0.0,0.0,0.0,0.0,0.0,0.0,0.0,31001,150,50000);
INSERT INTO unit_skill_data(unit_id,union_burst,main_skill_1,main_skill_2,main_skill_3,main_skill_4,main_skill_5,main_skill_6,main_skill_7,main_skill_8,main_skill_9,main_skill_10,ex_skill_1,ex_skill_evolution_1,ex_skill_2,ex_skill_evolution_2,ex_skill_3,ex_skill_evolution_3,ex_skill_4,ex_skill_evolution_4,ex_skill_5,ex_skill_evolution_5,sp_skill_1,sp_skill_2,sp_skill_3,sp_skill_4,sp_skill_5) VALUES(104401,1044001,1044002,1044003,0,0,0,0,0,0,0,0,1044501,1044511,0,0,0,0,0,0,0,0,0,0,0,0,0);
INSERT INTO unit_skill_data(unit_id,union_burst,main_skill_1,main_skill_2,main_skill_3,main_skill_4,main_skill_5,main_skill_6,main_skill_7,main_skill_8,main_skill_9,main_skill_10,ex_skill_1,ex_skill_evolution_1,ex_skill_2,ex_skill_evolution_2,ex_skill_3,ex_skill_evolution_3,ex_skill_4,ex_skill_evolution_4,ex_skill_5,ex_skill_evolution_5,sp_skill_1,sp_skill_2,sp_skill_3,sp_skill_4,sp_skill_5) VALUES(300602,3006021,3006022,0,0,0,0,0,0,0,0,0,0,0,0,0,0,0,0,0,0,0,0,0,0,0,0);
INSERT INTO unit_skill_data(unit_id,union_burst,main_skill_1,main_skill_2,main_skill_3,main_skill_4,main_skill_5,main_skill_6,main_skill_7,main_skill_8,main_skill_9,main_skill_10,ex_skill_1,ex_skill_evolution_1,ex_skill_2,ex_skill_evolution_2,ex_skill_3,ex_skill_evolution_3,ex_skill_4,ex_skill_evolution_4,ex_skill_5,ex_skill_evolution_5,sp_skill_1,sp_skill_2,sp_skill_3,sp_skill_4,sp_skill_5) VALUES(302001,3020011,0,0,0,0,0,0,0,0,0,0,0,0,0,0,0,0,0,0,0,0,0,0,0,0,0);
INSERT INTO unit_skill_data(unit_id,union_burst,main_skill_1,main_skill_2,main_skill_3,main_skill_4,main_skill_5,main_skill_6,main_skill_7,main_skill_8,main_skill_9,main_skill_10,ex_skill_1,ex_skill_evolution_1,ex_skill_2,ex_skill_evolution_2,ex_skill_3,ex_skill_evolution_3,ex_skill_4,ex_skill_evolution_4,ex_skill_5,ex_skill_evolution_5,sp_skill_1,sp_skill_2,sp_skill_3,sp_skill_4,sp_skill_5) VALUES(302101,3021011,0,0,0,0,0,0,0,0,0,0,0,0,0,0,0,0,0,0,0,0,0,0,0,0,0);
INSERT INTO unit_skill_data(unit_id,union_burst,main_skill_1,main_skill_2,main_skill_3,main_skill_4,main_skill_5,main_skill_6,main_skill_7,main_skill_8,main_skill_9,main_skill_10,ex_skill_1,ex_skill_evolution_1,ex_skill_2,ex_skill_evolution_2,ex_skill_3,ex_skill_evolution_3,ex_skill_4,ex_skill_evolution_4,ex_skill_5,ex_skill_evolution_5,sp_skill_1,sp_skill_2,sp_skill_3,sp_skill_4,sp_skill_5) VALUES(302600,3026001,3026002,3026003,3026004,3026005,3026006,0,0,0,0,0,0,0,0,0,0,0,0,0,0,0,0,0,0,0,0);
INSERT INTO unit_skill_data(unit_id,union_burst,main_skill_1,main_skill_2,main_skill_3,main_skill_4,main_skill_5,main_skill_6,main_skill_7,main_skill_8,main_skill_9,main_skill_10,ex_skill_1,ex_skill_evolution_1,ex_skill_2,ex_skill_evolution_2,ex_skill_3,ex_skill_evolution_3,ex_skill_4,ex_skill_evolution_4,ex_skill_5,ex_skill_evolution_5,sp_skill_1,sp_skill_2,sp_skill_3,sp_skill_4,sp_skill_5) VALUES(302601,3026011,3026012,3026013,3026014,3026015,3026016,0,0,0,0,0,0,0,0,0,0,0,0,0,0,0,0,0,0,0,0);
INSERT INTO unit_skill_data(unit_id,union_burst,main_skill_1,main_skill_2,main_skill_3,main_skill_4,main_skill_5,main_skill_6,main_skill_7,main_skill_8,main_skill_9,main_skill_10,ex_skill_1,ex_skill_evolution_1,ex_skill_2,ex_skill_evolution_2,ex_skill_3,ex_skill_evolution_3,ex_skill_4,ex_skill_evolution_4,ex_skill_5,ex_skill_evolution_5,sp_skill_1,sp_skill_2,sp_skill_3,sp_skill_4,sp_skill_5) VALUES(303900,3039001,3039002,0,0,0,0,0,0,0,0,0,0,0,0,0,0,0,0,0,0,0,0,0,0,0,0);
INSERT INTO unit_skill_data(unit_id,union_burst,main_skill_1,main_skill_2,main_skill_3,main_skill_4,main_skill_5,main_skill_6,main_skill_7,main_skill_8,main_skill_9,main_skill_10,ex_skill_1,ex_skill_evolution_1,ex_skill_2,ex_skill_evolution_2,ex_skill_3,ex_skill_evolution_3,ex_skill_4,ex_skill_evolution_4,ex_skill_5,ex_skill_evolution_5,sp_skill_1,sp_skill_2,sp_skill_3,sp_skill_4,sp_skill_5) VALUES(303901,3039011,3039012,0,0,0,0,0,0,0,0,0,0,0,0,0,0,0,0,0,0,0,0,0,0,0,0);
INSERT INTO unit_skill_data(unit_id,union_burst,main_skill_1,main_skill_2,main_skill_3,main_skill_4,main_skill_5,main_skill_6,main_skill_7,main_skill_8,main_skill_9,main_skill_10,ex_skill_1,ex_skill_evolution_1,ex_skill_2,ex_skill_evolution_2,ex_skill_3,ex_skill_evolution_3,ex_skill_4,ex_skill_evolution_4,ex_skill_5,ex_skill_evolution_5,sp_skill_1,sp_skill_2,sp_skill_3,sp_skill_4,sp_skill_5) VALUES(304200,3042001,3042002,0,0,0,0,0,0,0,0,0,0,0,0,0,0,0,0,0,0,0,0,0,0,0,0);
INSERT INTO unit_skill_data(unit_id,union_burst,main_skill_1,main_skill_2,main_skill_3,main_skill_4,main_skill_5,main_skill_6,main_skill_7,main_skill_8,main_skill_9,main_skill_10,ex_skill_1,ex_skill_evolution_1,ex_skill_2,ex_skill_evolution_2,ex_skill_3,ex_skill_evolution_3,ex_skill_4,ex_skill_evolution_4,ex_skill_5,ex_skill_evolution_5,sp_skill_1,sp_skill_2,sp_skill_3,sp_skill_4,sp_skill_5) VALUES(304201,3042011,3042012,3042013,3042014,0,0,0,0,0,0,0,0,0,0,0,0,0,0,0,0,0,0,0,0,0,0);
UPDATE unit_skill_data SET main_skill_7=9000008 WHERE unit_id=900003;
INSERT INTO unit_skill_data(unit_id,union_burst,main_skill_1,main_skill_2,main_skill_3,main_skill_4,main_skill_5,main_skill_6,main_skill_7,main_skill_8,main_skill_9,main_skill_10,ex_skill_1,ex_skill_evolution_1,ex_skill_2,ex_skill_evolution_2,ex_skill_3,ex_skill_evolution_3,ex_skill_4,ex_skill_evolution_4,ex_skill_5,ex_skill_evolution_5,sp_skill_1,sp_skill_2,sp_skill_3,sp_skill_4,sp_skill_5) VALUES(901001,1010001,1010002,1010003,9010004,0,0,0,0,0,0,0,0,0,0,0,0,0,0,0,0,0,0,0,0,0,0);
INSERT INTO unit_skill_data(unit_id,union_burst,main_skill_1,main_skill_2,main_skill_3,main_skill_4,main_skill_5,main_skill_6,main_skill_7,main_skill_8,main_skill_9,main_skill_10,ex_skill_1,ex_skill_evolution_1,ex_skill_2,ex_skill_evolution_2,ex_skill_3,ex_skill_evolution_3,ex_skill_4,ex_skill_evolution_4,ex_skill_5,ex_skill_evolution_5,sp_skill_1,sp_skill_2,sp_skill_3,sp_skill_4,sp_skill_5) VALUES(901701,1017001,1017002,1017003,9017004,0,0,0,0,0,0,0,0,0,0,0,0,0,0,0,0,0,0,0,0,0,0);
INSERT INTO unit_skill_data(unit_id,union_burst,main_skill_1,main_skill_2,main_skill_3,main_skill_4,main_skill_5,main_skill_6,main_skill_7,main_skill_8,main_skill_9,main_skill_10,ex_skill_1,ex_skill_evolution_1,ex_skill_2,ex_skill_evolution_2,ex_skill_3,ex_skill_evolution_3,ex_skill_4,ex_skill_evolution_4,ex_skill_5,ex_skill_evolution_5,sp_skill_1,sp_skill_2,sp_skill_3,sp_skill_4,sp_skill_5) VALUES(904401,1044001,1044002,1044003,9044004,0,0,0,0,0,0,0,0,0,0,0,0,0,0,0,0,0,0,0,0,0,0);
INSERT INTO unlock_unit_condition(unit_id,unit_name,class_id,pre_unit_id,condition_type_1,condition_type_detail_1,condition_id_1,count_1,condition_type_2,condition_type_detail_2,condition_id_2,count_2,condition_type_3,condition_type_detail_3,condition_id_3,count_3,condition_type_4,condition_type_detail_4,condition_id_4,count_4,condition_type_5,condition_type_detail_5,condition_id_5,count_5,release_effect_type) VALUES(104401,'イリヤ',1,0,1,2,31044,145,0,0,0,0,0,0,0,0,0,0,0,0,0,0,0,0,2);
DELETE FROM wave_group_data WHERE id=201000036;
DELETE FROM wave_group_data WHERE id=201000037;
DELETE FROM wave_group_data WHERE id=201000038;
DELETE FROM wave_group_data WHERE id=201000039;
DELETE FROM wave_group_data WHERE id=201000040;
DELETE FROM wave_group_data WHERE id=201000041;
DELETE FROM wave_group_data WHERE id=201000042;
UPDATE wave_group_data SET wave_group_id=210020011, enemy_id_1=202020101, drop_reward_id_1=0, enemy_id_2=202020102, enemy_id_3=0 WHERE id=201000043;
UPDATE wave_group_data SET wave_group_id=210020012, enemy_id_1=202020101, drop_reward_id_1=21002011, enemy_id_2=202020101, enemy_id_3=202020103, enemy_id_4=0 WHERE id=201000044;
UPDATE wave_group_data SET wave_group_id=210020013, enemy_id_1=202020104, drop_reward_id_1=21002012, enemy_id_2=202020101, enemy_id_3=202020105, enemy_id_4=202020102 WHERE id=201000045;
UPDATE wave_group_data SET wave_group_id=210020021, enemy_id_1=202020201, drop_reward_id_1=21002021, enemy_id_2=202020202, enemy_id_3=202020202, enemy_id_4=0 WHERE id=201000046;
UPDATE wave_group_data SET wave_group_id=210020022, enemy_id_1=202020201, drop_reward_id_1=21002022, enemy_id_2=202020202, enemy_id_3=202020203, enemy_id_4=202020205 WHERE id=201000047;
UPDATE wave_group_data SET wave_group_id=210020023, enemy_id_1=202020204, drop_reward_id_1=21002023, enemy_id_2=202020201, enemy_id_3=202020202, enemy_id_4=202020205, enemy_id_5=202020206 WHERE id=201000048;
UPDATE wave_group_data SET wave_group_id=210020031, enemy_id_1=202020305, drop_reward_id_1=21002031, enemy_id_2=202020302, enemy_id_3=202020303, enemy_id_4=0 WHERE id=201000049;
UPDATE wave_group_data SET wave_group_id=210020032, enemy_id_1=202020304, drop_reward_id_1=21002032, enemy_id_2=202020305, enemy_id_3=202020305, enemy_id_4=0, enemy_id_5=0 WHERE id=201000050;
INSERT INTO wave_group_data(id,wave_group_id,odds,enemy_id_1,drop_gold_1,drop_reward_id_1,enemy_id_2,drop_gold_2,drop_reward_id_2,enemy_id_3,drop_gold_3,drop_reward_id_3,enemy_id_4,drop_gold_4,drop_reward_id_4,enemy_id_5,drop_gold_5,drop_reward_id_5) VALUES(201000051,210020033,100,202020304,0,21002033,202020305,0,0,202020306,0,0,202020307,0,0,0,0,0);
INSERT INTO wave_group_data(id,wave_group_id,odds,enemy_id_1,drop_gold_1,drop_reward_id_1,enemy_id_2,drop_gold_2,drop_reward_id_2,enemy_id_3,drop_gold_3,drop_reward_id_3,enemy_id_4,drop_gold_4,drop_reward_id_4,enemy_id_5,drop_gold_5,drop_reward_id_5) VALUES(201000052,210020041,100,202020401,0,21002041,202020405,0,0,202020402,0,0,0,0,0,0,0,0);
INSERT INTO wave_group_data(id,wave_group_id,odds,enemy_id_1,drop_gold_1,drop_reward_id_1,enemy_id_2,drop_gold_2,drop_reward_id_2,enemy_id_3,drop_gold_3,drop_reward_id_3,enemy_id_4,drop_gold_4,drop_reward_id_4,enemy_id_5,drop_gold_5,drop_reward_id_5) VALUES(201000053,210020042,100,202020401,0,21002042,202020405,0,0,202020406,0,0,202020403,0,0,0,0,0);
INSERT INTO wave_group_data(id,wave_group_id,odds,enemy_id_1,drop_gold_1,drop_reward_id_1,enemy_id_2,drop_gold_2,drop_reward_id_2,enemy_id_3,drop_gold_3,drop_reward_id_3,enemy_id_4,drop_gold_4,drop_reward_id_4,enemy_id_5,drop_gold_5,drop_reward_id_5) VALUES(201000054,210020043,100,202020404,0,21002043,202020406,0,0,202020401,0,0,202020402,0,0,0,0,0);
INSERT INTO wave_group_data(id,wave_group_id,odds,enemy_id_1,drop_gold_1,drop_reward_id_1,enemy_id_2,drop_gold_2,drop_reward_id_2,enemy_id_3,drop_gold_3,drop_reward_id_3,enemy_id_4,drop_gold_4,drop_reward_id_4,enemy_id_5,drop_gold_5,drop_reward_id_5) VALUES(201000055,210020051,100,202020501,0,21002051,202020502,0,0,202020503,0,0,202020508,0,0,0,0,0);
INSERT INTO wave_group_data(id,wave_group_id,odds,enemy_id_1,drop_gold_1,drop_reward_id_1,enemy_id_2,drop_gold_2,drop_reward_id_2,enemy_id_3,drop_gold_3,drop_reward_id_3,enemy_id_4,drop_gold_4,drop_reward_id_4,enemy_id_5,drop_gold_5,drop_reward_id_5) VALUES(201000056,210020052,100,202020504,0,21002052,202020505,0,0,202020506,0,0,202020506,0,0,0,0,0);
INSERT INTO wave_group_data(id,wave_group_id,odds,enemy_id_1,drop_gold_1,drop_reward_id_1,enemy_id_2,drop_gold_2,drop_reward_id_2,enemy_id_3,drop_gold_3,drop_reward_id_3,enemy_id_4,drop_gold_4,drop_reward_id_4,enemy_id_5,drop_gold_5,drop_reward_id_5) VALUES(201000057,210020053,100,202020504,0,21002053,202020507,0,0,202020502,0,0,202020508,0,0,202020506,0,0);
INSERT INTO wave_group_data(id,wave_group_id,odds,enemy_id_1,drop_gold_1,drop_reward_id_1,enemy_id_2,drop_gold_2,drop_reward_id_2,enemy_id_3,drop_gold_3,drop_reward_id_3,enemy_id_4,drop_gold_4,drop_reward_id_4,enemy_id_5,drop_gold_5,drop_reward_id_5) VALUES(401000016,401030011,100,401010301,0,0,0,0,0,0,0,0,0,0,0,0,0,0);
INSERT INTO wave_group_data(id,wave_group_id,odds,enemy_id_1,drop_gold_1,drop_reward_id_1,enemy_id_2,drop_gold_2,drop_reward_id_2,enemy_id_3,drop_gold_3,drop_reward_id_3,enemy_id_4,drop_gold_4,drop_reward_id_4,enemy_id_5,drop_gold_5,drop_reward_id_5) VALUES(401000017,401030021,100,401010302,0,0,0,0,0,0,0,0,0,0,0,0,0,0);
INSERT INTO wave_group_data(id,wave_group_id,odds,enemy_id_1,drop_gold_1,drop_reward_id_1,enemy_id_2,drop_gold_2,drop_reward_id_2,enemy_id_3,drop_gold_3,drop_reward_id_3,enemy_id_4,drop_gold_4,drop_reward_id_4,enemy_id_5,drop_gold_5,drop_reward_id_5) VALUES(401000018,401030031,100,401010303,0,0,0,0,0,0,0,0,0,0,0,0,0,0);
INSERT INTO wave_group_data(id,wave_group_id,odds,enemy_id_1,drop_gold_1,drop_reward_id_1,enemy_id_2,drop_gold_2,drop_reward_id_2,enemy_id_3,drop_gold_3,drop_reward_id_3,enemy_id_4,drop_gold_4,drop_reward_id_4,enemy_id_5,drop_gold_5,drop_reward_id_5) VALUES(401000019,401030041,100,401010304,0,0,0,0,0,0,0,0,0,0,0,0,0,0);
INSERT INTO wave_group_data(id,wave_group_id,odds,enemy_id_1,drop_gold_1,drop_reward_id_1,enemy_id_2,drop_gold_2,drop_reward_id_2,enemy_id_3,drop_gold_3,drop_reward_id_3,enemy_id_4,drop_gold_4,drop_reward_id_4,enemy_id_5,drop_gold_5,drop_reward_id_5) VALUES(401000020,401030051,100,401010305,0,0,0,0,0,0,0,0,0,0,0,0,0,0);
INSERT INTO wave_group_data(id,wave_group_id,odds,enemy_id_1,drop_gold_1,drop_reward_id_1,enemy_id_2,drop_gold_2,drop_reward_id_2,enemy_id_3,drop_gold_3,drop_reward_id_3,enemy_id_4,drop_gold_4,drop_reward_id_4,enemy_id_5,drop_gold_5,drop_reward_id_5) VALUES(401000021,401030061,100,401011301,0,0,0,0,0,0,0,0,0,0,0,0,0,0);
INSERT INTO wave_group_data(id,wave_group_id,odds,enemy_id_1,drop_gold_1,drop_reward_id_1,enemy_id_2,drop_gold_2,drop_reward_id_2,enemy_id_3,drop_gold_3,drop_reward_id_3,enemy_id_4,drop_gold_4,drop_reward_id_4,enemy_id_5,drop_gold_5,drop_reward_id_5) VALUES(401000022,401030071,100,401011302,0,0,0,0,0,0,0,0,0,0,0,0,0,0);
INSERT INTO wave_group_data(id,wave_group_id,odds,enemy_id_1,drop_gold_1,drop_reward_id_1,enemy_id_2,drop_gold_2,drop_reward_id_2,enemy_id_3,drop_gold_3,drop_reward_id_3,enemy_id_4,drop_gold_4,drop_reward_id_4,enemy_id_5,drop_gold_5,drop_reward_id_5) VALUES(401000023,401030081,100,401011303,0,0,0,0,0,0,0,0,0,0,0,0,0,0);
INSERT INTO wave_group_data(id,wave_group_id,odds,enemy_id_1,drop_gold_1,drop_reward_id_1,enemy_id_2,drop_gold_2,drop_reward_id_2,enemy_id_3,drop_gold_3,drop_reward_id_3,enemy_id_4,drop_gold_4,drop_reward_id_4,enemy_id_5,drop_gold_5,drop_reward_id_5) VALUES(401000024,401030091,100,401011304,0,0,0,0,0,0,0,0,0,0,0,0,0,0);
INSERT INTO wave_group_data(id,wave_group_id,odds,enemy_id_1,drop_gold_1,drop_reward_id_1,enemy_id_2,drop_gold_2,drop_reward_id_2,enemy_id_3,drop_gold_3,drop_reward_id_3,enemy_id_4,drop_gold_4,drop_reward_id_4,enemy_id_5,drop_gold_5,drop_reward_id_5) VALUES(401000025,401030101,100,401011305,0,0,0,0,0,0,0,0,0,0,0,0,0,0);
INSERT INTO wave_group_data(id,wave_group_id,odds,enemy_id_1,drop_gold_1,drop_reward_id_1,enemy_id_2,drop_gold_2,drop_reward_id_2,enemy_id_3,drop_gold_3,drop_reward_id_3,enemy_id_4,drop_gold_4,drop_reward_id_4,enemy_id_5,drop_gold_5,drop_reward_id_5) VALUES(610003001,610003001,100,610003101,0,61000301,0,0,0,0,0,0,0,0,0,0,0,0);
INSERT INTO wave_group_data(id,wave_group_id,odds,enemy_id_1,drop_gold_1,drop_reward_id_1,enemy_id_2,drop_gold_2,drop_reward_id_2,enemy_id_3,drop_gold_3,drop_reward_id_3,enemy_id_4,drop_gold_4,drop_reward_id_4,enemy_id_5,drop_gold_5,drop_reward_id_5) VALUES(610003002,610003002,100,610003201,0,61000302,0,0,0,0,0,0,0,0,0,0,0,0);
INSERT INTO wave_group_data(id,wave_group_id,odds,enemy_id_1,drop_gold_1,drop_reward_id_1,enemy_id_2,drop_gold_2,drop_reward_id_2,enemy_id_3,drop_gold_3,drop_reward_id_3,enemy_id_4,drop_gold_4,drop_reward_id_4,enemy_id_5,drop_gold_5,drop_reward_id_5) VALUES(901000007,550030061,100,901000704,0,0,0,0,0,0,0,0,0,0,0,0,0,0);
