INSERT INTO actual_unit_background(unit_id,unit_name,bg_id,face_type) VALUES(107531,'ユースティアナ・フォン・アストライア',510360,4);
INSERT INTO actual_unit_background(unit_id,unit_name,bg_id,face_type) VALUES(107631,'棗 こころ',510190,4);
INSERT INTO album_production_list(id,unit_id,type,title,description) VALUES(10750101,107501,201,'解放演出1','');
INSERT INTO album_production_list(id,unit_id,type,title,description) VALUES(10750102,107501,101,'絆ランク演出1','');
INSERT INTO album_production_list(id,unit_id,type,title,description) VALUES(10750103,107501,102,'絆ランク演出2','');
INSERT INTO album_production_list(id,unit_id,type,title,description) VALUES(10750104,107501,103,'絆ランク演出3','');
INSERT INTO album_production_list(id,unit_id,type,title,description) VALUES(10750105,107501,104,'絆ランク演出4','');
INSERT INTO album_production_list(id,unit_id,type,title,description) VALUES(10750106,107501,105,'絆ランク演出5','');
INSERT INTO album_production_list(id,unit_id,type,title,description) VALUES(10750107,107501,106,'絆ランク演出6','');
INSERT INTO album_production_list(id,unit_id,type,title,description) VALUES(10750108,107501,107,'絆ランク演出7','');
INSERT INTO album_production_list(id,unit_id,type,title,description) VALUES(10760101,107601,201,'解放演出1','');
INSERT INTO album_production_list(id,unit_id,type,title,description) VALUES(10760102,107601,101,'絆ランク演出1','');
INSERT INTO album_production_list(id,unit_id,type,title,description) VALUES(10760103,107601,102,'絆ランク演出2','');
INSERT INTO album_production_list(id,unit_id,type,title,description) VALUES(10760104,107601,103,'絆ランク演出3','');
INSERT INTO album_production_list(id,unit_id,type,title,description) VALUES(10760105,107601,104,'絆ランク演出4','');
INSERT INTO album_production_list(id,unit_id,type,title,description) VALUES(10760106,107601,105,'絆ランク演出5','');
INSERT INTO album_production_list(id,unit_id,type,title,description) VALUES(10760107,107601,106,'絆ランク演出6','');
INSERT INTO album_production_list(id,unit_id,type,title,description) VALUES(10760108,107601,107,'絆ランク演出7','');
INSERT INTO banner(banner_id,type,system_id,priority,start_date,end_date) VALUES(10009,1,302,1,'2018/06/30 12:00:00','2018/07/17 14:59:59');
INSERT INTO chara_identity(unit_id,chara_type) VALUES(107501,58);
INSERT INTO chara_identity(unit_id,chara_type) VALUES(107601,59);
UPDATE chara_story_status SET chara_id_2=1075 WHERE story_id=1058002;
UPDATE chara_story_status SET chara_id_2=1075 WHERE story_id=1058003;
UPDATE chara_story_status SET chara_id_2=1075 WHERE story_id=1058004;
UPDATE chara_story_status SET chara_id_2=1075 WHERE story_id=1058005;
UPDATE chara_story_status SET chara_id_2=1075 WHERE story_id=1058006;
UPDATE chara_story_status SET chara_id_2=1075 WHERE story_id=1058007;
UPDATE chara_story_status SET chara_id_2=1075 WHERE story_id=1058008;
UPDATE chara_story_status SET chara_id_2=1076 WHERE story_id=1059002;
UPDATE chara_story_status SET chara_id_2=1076 WHERE story_id=1059003;
UPDATE chara_story_status SET chara_id_2=1076 WHERE story_id=1059004;
UPDATE chara_story_status SET chara_id_2=1076 WHERE story_id=1059005;
UPDATE chara_story_status SET chara_id_2=1076 WHERE story_id=1059006;
UPDATE chara_story_status SET chara_id_2=1076 WHERE story_id=1059007;
UPDATE chara_story_status SET chara_id_2=1076 WHERE story_id=1059008;
INSERT INTO chara_story_status(story_id,unlock_story_name,status_type_1,status_rate_1,status_type_2,status_rate_2,status_type_3,status_rate_3,status_type_4,status_rate_4,status_type_5,status_rate_5,chara_id_1,chara_id_2,chara_id_3,chara_id_4,chara_id_5,chara_id_6,chara_id_7,chara_id_8,chara_id_9,chara_id_10) VALUES(1075002,'ペコリーヌ（サマー）のエピソード第2話',2,10,0,0,0,0,0,0,0,0,1075,1058,0,0,0,0,0,0,0,0);
INSERT INTO chara_story_status(story_id,unlock_story_name,status_type_1,status_rate_1,status_type_2,status_rate_2,status_type_3,status_rate_3,status_type_4,status_rate_4,status_type_5,status_rate_5,chara_id_1,chara_id_2,chara_id_3,chara_id_4,chara_id_5,chara_id_6,chara_id_7,chara_id_8,chara_id_9,chara_id_10) VALUES(1075003,'ペコリーヌ（サマー）のエピソード第3話',2,30,0,0,0,0,0,0,0,0,1075,1058,0,0,0,0,0,0,0,0);
INSERT INTO chara_story_status(story_id,unlock_story_name,status_type_1,status_rate_1,status_type_2,status_rate_2,status_type_3,status_rate_3,status_type_4,status_rate_4,status_type_5,status_rate_5,chara_id_1,chara_id_2,chara_id_3,chara_id_4,chara_id_5,chara_id_6,chara_id_7,chara_id_8,chara_id_9,chara_id_10) VALUES(1075004,'ペコリーヌ（サマー）のエピソード第4話',2,50,0,0,0,0,0,0,0,0,1075,1058,0,0,0,0,0,0,0,0);
INSERT INTO chara_story_status(story_id,unlock_story_name,status_type_1,status_rate_1,status_type_2,status_rate_2,status_type_3,status_rate_3,status_type_4,status_rate_4,status_type_5,status_rate_5,chara_id_1,chara_id_2,chara_id_3,chara_id_4,chara_id_5,chara_id_6,chara_id_7,chara_id_8,chara_id_9,chara_id_10) VALUES(1076002,'コッコロ（サマー）のエピソード第2話',2,10,0,0,0,0,0,0,0,0,1076,1059,0,0,0,0,0,0,0,0);
INSERT INTO chara_story_status(story_id,unlock_story_name,status_type_1,status_rate_1,status_type_2,status_rate_2,status_type_3,status_rate_3,status_type_4,status_rate_4,status_type_5,status_rate_5,chara_id_1,chara_id_2,chara_id_3,chara_id_4,chara_id_5,chara_id_6,chara_id_7,chara_id_8,chara_id_9,chara_id_10) VALUES(1076003,'コッコロ（サマー）のエピソード第3話',2,30,0,0,0,0,0,0,0,0,1076,1059,0,0,0,0,0,0,0,0);
INSERT INTO chara_story_status(story_id,unlock_story_name,status_type_1,status_rate_1,status_type_2,status_rate_2,status_type_3,status_rate_3,status_type_4,status_rate_4,status_type_5,status_rate_5,chara_id_1,chara_id_2,chara_id_3,chara_id_4,chara_id_5,chara_id_6,chara_id_7,chara_id_8,chara_id_9,chara_id_10) VALUES(1076004,'コッコロ（サマー）のエピソード第4話',2,30,15,2,0,0,0,0,0,0,1076,1059,0,0,0,0,0,0,0,0);
UPDATE clan_battle_period SET interval_end='2018/07/22 4:59:59', result_end='2018/07/22 4:59:59' WHERE rowid=4;
UPDATE clan_battle_schedule SET end_time='2018/07/22 4:59:59' WHERE clan_battle_id=1004;
UPDATE clan_invite_level_group SET team_level_to=100 WHERE level_group_id=18;
UPDATE clan_invite_level_group SET team_level_from=101 WHERE level_group_id=19;
INSERT INTO enemy_parameter(enemy_id,unit_id,name,level,rarity,promotion_level,hp,atk,magic_str,def,magic_def,physical_critical,magic_critical,wave_hp_recovery,wave_energy_recovery,dodge,physical_penetrate,magic_penetrate,life_steal,hp_recovery_rate,energy_recovery_rate,energy_reduce_rate,union_burst_level,main_skill_lv_1,main_skill_lv_2,main_skill_lv_3,main_skill_lv_4,main_skill_lv_5,main_skill_lv_6,main_skill_lv_7,main_skill_lv_8,main_skill_lv_9,main_skill_lv_10,ex_skill_lv_1,ex_skill_lv_2,ex_skill_lv_3,ex_skill_lv_4,ex_skill_lv_5,resist_status_id) VALUES(610004101,304301,'テンタパス',25,1,1,35000,600,150,40,40,10,10,0,0,0,0,0,0,0,30,0,10,5,1,0,25,0,0,0,0,0,0,0,0,0,0,0,300000001);
INSERT INTO enemy_parameter(enemy_id,unit_id,name,level,rarity,promotion_level,hp,atk,magic_str,def,magic_def,physical_critical,magic_critical,wave_hp_recovery,wave_energy_recovery,dodge,physical_penetrate,magic_penetrate,life_steal,hp_recovery_rate,energy_recovery_rate,energy_reduce_rate,union_burst_level,main_skill_lv_1,main_skill_lv_2,main_skill_lv_3,main_skill_lv_4,main_skill_lv_5,main_skill_lv_6,main_skill_lv_7,main_skill_lv_8,main_skill_lv_9,main_skill_lv_10,ex_skill_lv_1,ex_skill_lv_2,ex_skill_lv_3,ex_skill_lv_4,ex_skill_lv_5,resist_status_id) VALUES(610004201,304302,'テンタパス',50,1,1,190000,4000,600,100,100,30,30,0,0,0,0,0,0,0,30,0,20,10,1,10,50,0,0,0,0,0,0,0,0,0,0,0,300000001);
INSERT INTO enemy_parameter(enemy_id,unit_id,name,level,rarity,promotion_level,hp,atk,magic_str,def,magic_def,physical_critical,magic_critical,wave_hp_recovery,wave_energy_recovery,dodge,physical_penetrate,magic_penetrate,life_steal,hp_recovery_rate,energy_recovery_rate,energy_reduce_rate,union_burst_level,main_skill_lv_1,main_skill_lv_2,main_skill_lv_3,main_skill_lv_4,main_skill_lv_5,main_skill_lv_6,main_skill_lv_7,main_skill_lv_8,main_skill_lv_9,main_skill_lv_10,ex_skill_lv_1,ex_skill_lv_2,ex_skill_lv_3,ex_skill_lv_4,ex_skill_lv_5,resist_status_id) VALUES(610004301,304303,'テンタパス',90,1,1,1150000,8000,7000,100,100,30,30,0,0,0,0,0,0,0,30,0,20,20,1,3,65,1,1,1,1,0,0,0,0,0,0,0,300000001);
INSERT INTO enemy_parameter(enemy_id,unit_id,name,level,rarity,promotion_level,hp,atk,magic_str,def,magic_def,physical_critical,magic_critical,wave_hp_recovery,wave_energy_recovery,dodge,physical_penetrate,magic_penetrate,life_steal,hp_recovery_rate,energy_recovery_rate,energy_reduce_rate,union_burst_level,main_skill_lv_1,main_skill_lv_2,main_skill_lv_3,main_skill_lv_4,main_skill_lv_5,main_skill_lv_6,main_skill_lv_7,main_skill_lv_8,main_skill_lv_9,main_skill_lv_10,ex_skill_lv_1,ex_skill_lv_2,ex_skill_lv_3,ex_skill_lv_4,ex_skill_lv_5,resist_status_id) VALUES(901000801,107501,'ペコリーヌ(ev4)',2,1,1,500,150,60,10,10,7,0,95,1000,0,0,0,0,0,0,0,2,0,0,0,0,0,0,0,0,0,0,0,0,0,0,0,900000001);
INSERT INTO enemy_parameter(enemy_id,unit_id,name,level,rarity,promotion_level,hp,atk,magic_str,def,magic_def,physical_critical,magic_critical,wave_hp_recovery,wave_energy_recovery,dodge,physical_penetrate,magic_penetrate,life_steal,hp_recovery_rate,energy_recovery_rate,energy_reduce_rate,union_burst_level,main_skill_lv_1,main_skill_lv_2,main_skill_lv_3,main_skill_lv_4,main_skill_lv_5,main_skill_lv_6,main_skill_lv_7,main_skill_lv_8,main_skill_lv_9,main_skill_lv_10,ex_skill_lv_1,ex_skill_lv_2,ex_skill_lv_3,ex_skill_lv_4,ex_skill_lv_5,resist_status_id) VALUES(901000802,907701,'スズメ(ev4)',42,1,1,500,0,900,40,98,10,10,0,0,0,0,0,0,0,0,0,42,42,42,42,42,0,0,0,0,0,0,0,0,0,0,0,900000001);
INSERT INTO enemy_parameter(enemy_id,unit_id,name,level,rarity,promotion_level,hp,atk,magic_str,def,magic_def,physical_critical,magic_critical,wave_hp_recovery,wave_energy_recovery,dodge,physical_penetrate,magic_penetrate,life_steal,hp_recovery_rate,energy_recovery_rate,energy_reduce_rate,union_burst_level,main_skill_lv_1,main_skill_lv_2,main_skill_lv_3,main_skill_lv_4,main_skill_lv_5,main_skill_lv_6,main_skill_lv_7,main_skill_lv_8,main_skill_lv_9,main_skill_lv_10,ex_skill_lv_1,ex_skill_lv_2,ex_skill_lv_3,ex_skill_lv_4,ex_skill_lv_5,resist_status_id) VALUES(901000803,907801,'キャル(ev4)',42,1,1,500,0,900,40,98,10,10,0,0,0,0,0,0,0,0,0,42,42,42,42,42,0,0,0,0,0,0,0,0,0,0,0,900000001);
INSERT INTO enemy_parameter(enemy_id,unit_id,name,level,rarity,promotion_level,hp,atk,magic_str,def,magic_def,physical_critical,magic_critical,wave_hp_recovery,wave_energy_recovery,dodge,physical_penetrate,magic_penetrate,life_steal,hp_recovery_rate,energy_recovery_rate,energy_reduce_rate,union_burst_level,main_skill_lv_1,main_skill_lv_2,main_skill_lv_3,main_skill_lv_4,main_skill_lv_5,main_skill_lv_6,main_skill_lv_7,main_skill_lv_8,main_skill_lv_9,main_skill_lv_10,ex_skill_lv_1,ex_skill_lv_2,ex_skill_lv_3,ex_skill_lv_4,ex_skill_lv_5,resist_status_id) VALUES(901000804,201500,'モグリクラゲ',10,1,1,100,600,0,15,15,0,10,0,0,0,0,0,0,0,0,0,0,0,0,0,0,0,0,0,0,0,0,0,0,0,0,0,900000001);
INSERT INTO enemy_parameter(enemy_id,unit_id,name,level,rarity,promotion_level,hp,atk,magic_str,def,magic_def,physical_critical,magic_critical,wave_hp_recovery,wave_energy_recovery,dodge,physical_penetrate,magic_penetrate,life_steal,hp_recovery_rate,energy_recovery_rate,energy_reduce_rate,union_burst_level,main_skill_lv_1,main_skill_lv_2,main_skill_lv_3,main_skill_lv_4,main_skill_lv_5,main_skill_lv_6,main_skill_lv_7,main_skill_lv_8,main_skill_lv_9,main_skill_lv_10,ex_skill_lv_1,ex_skill_lv_2,ex_skill_lv_3,ex_skill_lv_4,ex_skill_lv_5,resist_status_id) VALUES(901000805,203000,'ゼラチナ',10,1,1,1750,300,300,0,0,0,10,0,0,0,0,0,0,0,0,0,0,0,0,0,0,0,0,0,0,0,0,0,0,0,0,0,900000001);
INSERT INTO enemy_parameter(enemy_id,unit_id,name,level,rarity,promotion_level,hp,atk,magic_str,def,magic_def,physical_critical,magic_critical,wave_hp_recovery,wave_energy_recovery,dodge,physical_penetrate,magic_penetrate,life_steal,hp_recovery_rate,energy_recovery_rate,energy_reduce_rate,union_burst_level,main_skill_lv_1,main_skill_lv_2,main_skill_lv_3,main_skill_lv_4,main_skill_lv_5,main_skill_lv_6,main_skill_lv_7,main_skill_lv_8,main_skill_lv_9,main_skill_lv_10,ex_skill_lv_1,ex_skill_lv_2,ex_skill_lv_3,ex_skill_lv_4,ex_skill_lv_5,resist_status_id) VALUES(901000806,201900,'ウパルパ',10,1,1,100,600,0,15,15,0,10,0,0,0,0,0,0,0,0,0,0,0,0,0,0,0,0,0,0,0,0,0,0,0,0,0,900000001);
INSERT INTO enemy_parameter(enemy_id,unit_id,name,level,rarity,promotion_level,hp,atk,magic_str,def,magic_def,physical_critical,magic_critical,wave_hp_recovery,wave_energy_recovery,dodge,physical_penetrate,magic_penetrate,life_steal,hp_recovery_rate,energy_recovery_rate,energy_reduce_rate,union_burst_level,main_skill_lv_1,main_skill_lv_2,main_skill_lv_3,main_skill_lv_4,main_skill_lv_5,main_skill_lv_6,main_skill_lv_7,main_skill_lv_8,main_skill_lv_9,main_skill_lv_10,ex_skill_lv_1,ex_skill_lv_2,ex_skill_lv_3,ex_skill_lv_4,ex_skill_lv_5,resist_status_id) VALUES(901000807,202600,'ケイブスネイル',10,1,1,100,600,0,15,15,0,10,0,0,0,0,0,0,0,0,0,0,0,0,0,0,0,0,0,0,0,0,0,0,0,0,0,900000001);
INSERT INTO enemy_reward_data(drop_reward_id,drop_count,reward_type_1,reward_id_1,reward_num_1,odds_1,reward_type_2,reward_id_2,reward_num_2,odds_2,reward_type_3,reward_id_3,reward_num_3,odds_3,reward_type_4,reward_id_4,reward_num_4,odds_4,reward_type_5,reward_id_5,reward_num_5,odds_5) VALUES(61000401,1,2,60032,5,100,0,0,0,0,0,0,0,0,0,0,0,0,0,0,0,0);
INSERT INTO enemy_reward_data(drop_reward_id,drop_count,reward_type_1,reward_id_1,reward_num_1,odds_1,reward_type_2,reward_id_2,reward_num_2,odds_2,reward_type_3,reward_id_3,reward_num_3,odds_3,reward_type_4,reward_id_4,reward_num_4,odds_4,reward_type_5,reward_id_5,reward_num_5,odds_5) VALUES(61000402,1,2,60032,40,100,0,0,0,0,0,0,0,0,0,0,0,0,0,0,0,0);
INSERT INTO enemy_reward_data(drop_reward_id,drop_count,reward_type_1,reward_id_1,reward_num_1,odds_1,reward_type_2,reward_id_2,reward_num_2,odds_2,reward_type_3,reward_id_3,reward_num_3,odds_3,reward_type_4,reward_id_4,reward_num_4,odds_4,reward_type_5,reward_id_5,reward_num_5,odds_5) VALUES(61000403,1,2,60032,130,100,0,0,0,0,0,0,0,0,0,0,0,0,0,0,0,0);
INSERT INTO event_boss_treasure_box(event_boss_treasure_box_id,treasure_type_1,event_boss_treasure_content_id_1,each_odds_1,treasure_type_2,event_boss_treasure_content_id_2,each_odds_2,treasure_type_3,event_boss_treasure_content_id_3,each_odds_3,treasure_type_4,event_boss_treasure_content_id_4,each_odds_4,treasure_type_5,event_boss_treasure_content_id_5,each_odds_5,treasure_type_6,event_boss_treasure_content_id_6,each_odds_6,treasure_type_7,event_boss_treasure_content_id_7,each_odds_7,treasure_type_8,event_boss_treasure_content_id_8,each_odds_8,treasure_type_9,event_boss_treasure_content_id_9,each_odds_9,treasure_type_10,event_boss_treasure_content_id_10,each_odds_10) VALUES(10004101,1,1000410101,100,1,1000410103,100,1,1000410103,34,1,1000410103,33,1,1000410102,100,0,0,0,0,0,0,0,0,0,0,0,0,0,0,0);
INSERT INTO event_boss_treasure_box(event_boss_treasure_box_id,treasure_type_1,event_boss_treasure_content_id_1,each_odds_1,treasure_type_2,event_boss_treasure_content_id_2,each_odds_2,treasure_type_3,event_boss_treasure_content_id_3,each_odds_3,treasure_type_4,event_boss_treasure_content_id_4,each_odds_4,treasure_type_5,event_boss_treasure_content_id_5,each_odds_5,treasure_type_6,event_boss_treasure_content_id_6,each_odds_6,treasure_type_7,event_boss_treasure_content_id_7,each_odds_7,treasure_type_8,event_boss_treasure_content_id_8,each_odds_8,treasure_type_9,event_boss_treasure_content_id_9,each_odds_9,treasure_type_10,event_boss_treasure_content_id_10,each_odds_10) VALUES(10004201,6,1000420101,3,6,1000420102,3,1,1000420103,100,1,1000420105,100,1,1000420105,100,1,1000420105,100,1,1000420105,100,1,1000420105,34,1,1000420105,33,1,1000420104,100);
INSERT INTO event_boss_treasure_box(event_boss_treasure_box_id,treasure_type_1,event_boss_treasure_content_id_1,each_odds_1,treasure_type_2,event_boss_treasure_content_id_2,each_odds_2,treasure_type_3,event_boss_treasure_content_id_3,each_odds_3,treasure_type_4,event_boss_treasure_content_id_4,each_odds_4,treasure_type_5,event_boss_treasure_content_id_5,each_odds_5,treasure_type_6,event_boss_treasure_content_id_6,each_odds_6,treasure_type_7,event_boss_treasure_content_id_7,each_odds_7,treasure_type_8,event_boss_treasure_content_id_8,each_odds_8,treasure_type_9,event_boss_treasure_content_id_9,each_odds_9,treasure_type_10,event_boss_treasure_content_id_10,each_odds_10) VALUES(10004301,6,1000430101,100,1,1000430102,100,1,1000430104,100,1,1000430104,100,1,1000430104,100,1,1000430104,100,1,1000430104,34,1,1000430104,33,1,1000430103,100,0,0,0);
INSERT INTO event_boss_treasure_content(event_boss_treasure_content_id,reward_type_1,reward_id_1,odds_file_1,reward_num_1,odds_1,reward_type_2,reward_id_2,odds_file_2,reward_num_2,odds_2,reward_type_3,reward_id_3,odds_file_3,reward_num_3,odds_3,reward_type_4,reward_id_4,odds_file_4,reward_num_4,odds_4,reward_type_5,reward_id_5,odds_file_5,reward_num_5,odds_5) VALUES(1000410101,2,60032,'0',2,33,2,60032,'0',3,34,2,60032,'0',4,33,0,0,'0',0,0,0,0,'0',0,0);
INSERT INTO event_boss_treasure_content(event_boss_treasure_content_id,reward_type_1,reward_id_1,odds_file_1,reward_num_1,odds_1,reward_type_2,reward_id_2,odds_file_2,reward_num_2,odds_2,reward_type_3,reward_id_3,odds_file_3,reward_num_3,odds_3,reward_type_4,reward_id_4,odds_file_4,reward_num_4,odds_4,reward_type_5,reward_id_5,odds_file_5,reward_num_5,odds_5) VALUES(1000410102,12,94002,'0',3000,33,12,94002,'0',4000,34,12,94002,'0',5000,33,0,0,'0',0,0,0,0,'0',0,0);
INSERT INTO event_boss_treasure_content(event_boss_treasure_content_id,reward_type_1,reward_id_1,odds_file_1,reward_num_1,odds_1,reward_type_2,reward_id_2,odds_file_2,reward_num_2,odds_2,reward_type_3,reward_id_3,odds_file_3,reward_num_3,odds_3,reward_type_4,reward_id_4,odds_file_4,reward_num_4,odds_4,reward_type_5,reward_id_5,odds_file_5,reward_num_5,odds_5) VALUES(1000410103,0,0,'eq_rank_3-6',1,100,0,0,'0',0,0,0,0,'0',0,0,0,0,'0',0,0,0,0,'0',0,0);
INSERT INTO event_boss_treasure_content(event_boss_treasure_content_id,reward_type_1,reward_id_1,odds_file_1,reward_num_1,odds_1,reward_type_2,reward_id_2,odds_file_2,reward_num_2,odds_2,reward_type_3,reward_id_3,odds_file_3,reward_num_3,odds_3,reward_type_4,reward_id_4,odds_file_4,reward_num_4,odds_4,reward_type_5,reward_id_5,odds_file_5,reward_num_5,odds_5) VALUES(1000420101,0,0,'1000420101',1,100,0,0,'0',0,0,0,0,'0',0,0,0,0,'0',0,0,0,0,'0',0,0);
INSERT INTO event_boss_treasure_content(event_boss_treasure_content_id,reward_type_1,reward_id_1,odds_file_1,reward_num_1,odds_1,reward_type_2,reward_id_2,odds_file_2,reward_num_2,odds_2,reward_type_3,reward_id_3,odds_file_3,reward_num_3,odds_3,reward_type_4,reward_id_4,odds_file_4,reward_num_4,odds_4,reward_type_5,reward_id_5,odds_file_5,reward_num_5,odds_5) VALUES(1000420102,0,0,'1000420102',1,100,0,0,'0',0,0,0,0,'0',0,0,0,0,'0',0,0,0,0,'0',0,0);
INSERT INTO event_boss_treasure_content(event_boss_treasure_content_id,reward_type_1,reward_id_1,odds_file_1,reward_num_1,odds_1,reward_type_2,reward_id_2,odds_file_2,reward_num_2,odds_2,reward_type_3,reward_id_3,odds_file_3,reward_num_3,odds_3,reward_type_4,reward_id_4,odds_file_4,reward_num_4,odds_4,reward_type_5,reward_id_5,odds_file_5,reward_num_5,odds_5) VALUES(1000420103,2,60032,'0',4,33,2,60032,'0',5,34,2,60032,'0',6,33,0,0,'0',0,0,0,0,'0',0,0);
INSERT INTO event_boss_treasure_content(event_boss_treasure_content_id,reward_type_1,reward_id_1,odds_file_1,reward_num_1,odds_1,reward_type_2,reward_id_2,odds_file_2,reward_num_2,odds_2,reward_type_3,reward_id_3,odds_file_3,reward_num_3,odds_3,reward_type_4,reward_id_4,odds_file_4,reward_num_4,odds_4,reward_type_5,reward_id_5,odds_file_5,reward_num_5,odds_5) VALUES(1000420104,12,94002,'0',10000,33,12,94002,'0',10500,34,12,94002,'0',11000,33,0,0,'0',0,0,0,0,'0',0,0);
INSERT INTO event_boss_treasure_content(event_boss_treasure_content_id,reward_type_1,reward_id_1,odds_file_1,reward_num_1,odds_1,reward_type_2,reward_id_2,odds_file_2,reward_num_2,odds_2,reward_type_3,reward_id_3,odds_file_3,reward_num_3,odds_3,reward_type_4,reward_id_4,odds_file_4,reward_num_4,odds_4,reward_type_5,reward_id_5,odds_file_5,reward_num_5,odds_5) VALUES(1000420105,0,0,'eq_rank_4-7',1,100,0,0,'0',0,0,0,0,'0',0,0,0,0,'0',0,0,0,0,'0',0,0);
INSERT INTO event_boss_treasure_content(event_boss_treasure_content_id,reward_type_1,reward_id_1,odds_file_1,reward_num_1,odds_1,reward_type_2,reward_id_2,odds_file_2,reward_num_2,odds_2,reward_type_3,reward_id_3,odds_file_3,reward_num_3,odds_3,reward_type_4,reward_id_4,odds_file_4,reward_num_4,odds_4,reward_type_5,reward_id_5,odds_file_5,reward_num_5,odds_5) VALUES(1000430101,2,31076,'0',1,100,0,0,'0',0,0,0,0,'0',0,0,0,0,'0',0,0,0,0,'0',0,0);
INSERT INTO event_boss_treasure_content(event_boss_treasure_content_id,reward_type_1,reward_id_1,odds_file_1,reward_num_1,odds_1,reward_type_2,reward_id_2,odds_file_2,reward_num_2,odds_2,reward_type_3,reward_id_3,odds_file_3,reward_num_3,odds_3,reward_type_4,reward_id_4,odds_file_4,reward_num_4,odds_4,reward_type_5,reward_id_5,odds_file_5,reward_num_5,odds_5) VALUES(1000430102,2,60032,'0',2,33,2,60032,'0',5,34,2,60032,'0',8,33,0,0,'0',0,0,0,0,'0',0,0);
INSERT INTO event_boss_treasure_content(event_boss_treasure_content_id,reward_type_1,reward_id_1,odds_file_1,reward_num_1,odds_1,reward_type_2,reward_id_2,odds_file_2,reward_num_2,odds_2,reward_type_3,reward_id_3,odds_file_3,reward_num_3,odds_3,reward_type_4,reward_id_4,odds_file_4,reward_num_4,odds_4,reward_type_5,reward_id_5,odds_file_5,reward_num_5,odds_5) VALUES(1000430103,12,94002,'0',30000,33,12,94002,'0',31500,34,12,94002,'0',33000,33,0,0,'0',0,0,0,0,'0',0,0);
INSERT INTO event_boss_treasure_content(event_boss_treasure_content_id,reward_type_1,reward_id_1,odds_file_1,reward_num_1,odds_1,reward_type_2,reward_id_2,odds_file_2,reward_num_2,odds_2,reward_type_3,reward_id_3,odds_file_3,reward_num_3,odds_3,reward_type_4,reward_id_4,odds_file_4,reward_num_4,odds_4,reward_type_5,reward_id_5,odds_file_5,reward_num_5,odds_5) VALUES(1000430104,0,0,'eq_rank_5-8',3,100,0,0,'0',0,0,0,0,'0',0,0,0,0,'0',0,0,0,0,'0',0,0);
INSERT INTO event_gacha_data(gacha_id,event_id,gacha_name,item_type,item_id,cost,repeat_step) VALUES(10004,10004,'デンジャラスバカンス！渚のグルメプリンセス',2,60032,1,5);
UPDATE event_introduction SET end_time='2030/03/26 14:59:00' WHERE id=1;
UPDATE event_introduction SET end_time='2030/03/26 14:59:00' WHERE id=2;
UPDATE event_introduction SET end_time='2030/03/26 14:59:00' WHERE id=3;
INSERT INTO event_introduction(id,event_id,introduction_number,start_time,end_time,maximum_chunk_size_1,maximum_chunk_size_loop_1,maximum_chunk_size_2,maximum_chunk_size_loop_2,maximum_chunk_size_3,maximum_chunk_size_loop_3,sheet_id,que_id) VALUES(4,10004,1,'2018/06/26 15:00:00','2030/03/26 14:59:00',380000,380000,0,0,0,0,'bgm_M113','bgm_M113');
UPDATE event_navi_comment SET character_id=107501, character_name='ペコリーヌ', start_time='2018/06/30 12:00:00', end_time='2018/07/25 14:59:59', pos_y=18.0, change_face_time=1.13, change_face_type=2, event_id=10004 WHERE comment_id=51007;
UPDATE event_navi_comment SET character_id=107601, character_name='コッコロ', voice_id=201, start_time='2018/06/30 12:00:00', end_time='2018/07/25 14:59:59', pos_y=18.0, change_face_time=2.895, change_face_type=2, event_id=10004 WHERE comment_id=51008;
UPDATE event_navi_comment SET character_id=107801, face_type=1, character_name='キャル', voice_id=301, start_time='2018/06/30 12:00:00', end_time='2018/07/25 14:59:59', pos_y=18.0, change_face_time=1.833, event_id=10004 WHERE comment_id=51009;
UPDATE event_navi_comment SET character_id=107701, character_name='スズメ', voice_id=401, start_time='2018/06/30 12:00:00', end_time='2018/07/25 14:59:59', pos_y=18.0, change_face_time=3.65, event_id=10004 WHERE comment_id=51010;
UPDATE event_navi_comment SET character_id=107501, character_name='ペコリーヌ', start_time='2018/06/30 12:00:00', end_time='2018/07/25 14:59:59', pos_y=18.0, change_face_time=2.066, event_id=10004 WHERE comment_id=51011;
UPDATE event_navi_comment SET character_id=107601, character_name='コッコロ', voice_id=202, start_time='2018/06/30 12:00:00', end_time='2018/07/25 14:59:59', pos_y=18.0, change_face_time=3.802, change_face_type=3, event_id=10004 WHERE comment_id=51012;
UPDATE event_navi_comment SET character_id=107801, face_type=2, character_name='キャル', voice_id=302, start_time='2018/06/30 12:00:00', end_time='2018/07/25 14:59:59', pos_y=18.0, change_face_time=2.864, change_face_type=1, event_id=10004 WHERE comment_id=51013;
UPDATE event_navi_comment SET character_id=107701, face_type=4, character_name='スズメ', voice_id=402, start_time='2018/06/30 12:00:00', end_time='2018/07/25 14:59:59', pos_y=18.0, change_face_time=1.945, change_face_type=6, event_id=10004 WHERE comment_id=51014;
UPDATE event_navi_comment SET character_id=107501, face_type=2, character_name='ペコリーヌ', start_time='2018/06/30 12:00:00', end_time='2018/07/25 14:59:59', pos_y=18.0, change_face_type=2, event_id=10004 WHERE comment_id=51015;
UPDATE event_navi_comment SET character_id=107601, character_name='コッコロ', voice_id=203, start_time='2018/06/30 12:00:00', end_time='2018/07/25 14:59:59', pos_y=18.0, change_face_time=2.569, change_face_type=2, event_id=10004 WHERE comment_id=51016;
UPDATE event_navi_comment SET character_id=107801, face_type=1, character_name='キャル', voice_id=303, start_time='2018/06/30 12:00:00', end_time='2018/07/25 14:59:59', pos_y=18.0, change_face_time=3.498, event_id=10004 WHERE comment_id=51017;
UPDATE event_navi_comment SET character_id=107701, face_type=2, character_name='スズメ', voice_id=403, start_time='2018/06/30 12:00:00', end_time='2018/07/25 14:59:59', pos_y=18.0, change_face_time=4.094, change_face_type=1, event_id=10004 WHERE comment_id=51018;
UPDATE event_navi_comment SET where_type=51, character_id=107501, face_type=2, character_name='ペコリーヌ', voice_id=104, start_time='2018/06/30 12:00:00', end_time='2018/07/25 14:59:59', pos_y=18.0, change_face_time=3.4, change_face_type=1, event_id=10004 WHERE comment_id=51019;
UPDATE event_navi_comment SET where_type=51, character_id=107601, character_name='コッコロ', voice_id=204, start_time='2018/06/30 12:00:00', end_time='2018/07/25 14:59:59', pos_y=18.0, change_face_time=2.683, event_id=10004 WHERE comment_id=51020;
UPDATE event_navi_comment SET where_type=51, character_id=107801, character_name='キャル', voice_id=304, start_time='2018/06/30 12:00:00', end_time='2018/07/25 14:59:59', pos_y=18.0, change_face_time=1.704, change_face_type=5, event_id=10004 WHERE comment_id=51021;
UPDATE event_navi_comment SET where_type=51, character_id=107701, face_type=6, character_name='スズメ', voice_id=404, start_time='2018/06/30 12:00:00', end_time='2018/07/25 14:59:59', pos_y=18.0, change_face_time=1.77, event_id=10004 WHERE comment_id=51022;
UPDATE event_navi_comment SET character_id=107501, character_name='ペコリーヌ', voice_id=105, start_time='2018/06/30 12:00:00', end_time='2018/07/25 14:59:59', pos_y=18.0, change_face_time=4.4, event_id=10004 WHERE comment_id=51023;
UPDATE event_navi_comment SET character_id=107601, character_name='コッコロ', voice_id=205, start_time='2018/06/30 12:00:00', end_time='2018/07/25 14:59:59', pos_y=18.0, change_face_time=0.0, event_id=10004 WHERE comment_id=51024;
UPDATE event_navi_comment SET character_id=107801, character_name='キャル', voice_id=305, start_time='2018/06/30 12:00:00', end_time='2018/07/25 14:59:59', pos_y=18.0, change_face_time=2.805, event_id=10004 WHERE comment_id=51025;
UPDATE event_navi_comment SET character_id=107701, face_type=4, character_name='スズメ', voice_id=405, start_time='2018/06/30 12:00:00', end_time='2018/07/25 14:59:59', pos_y=18.0, change_face_time=2.968, change_face_type=1, event_id=10004 WHERE comment_id=51026;
UPDATE event_navi_comment SET character_id=107501, face_type=2, character_name='ペコリーヌ', voice_id=106, start_time='2018/06/30 12:00:00', end_time='2018/07/25 14:59:59', pos_y=18.0, change_face_time=3.73, change_face_type=6, event_id=10004 WHERE comment_id=51027;
UPDATE event_navi_comment SET character_id=107601, character_name='コッコロ', voice_id=206, start_time='2018/06/30 12:00:00', end_time='2018/07/25 14:59:59', pos_y=18.0, change_face_time=2.601, event_id=10004 WHERE comment_id=51028;
UPDATE event_navi_comment SET character_id=107801, face_type=6, character_name='キャル', voice_id=306, start_time='2018/06/30 12:00:00', end_time='2018/07/25 14:59:59', pos_y=18.0, change_face_time=4.126, change_face_type=5, event_id=10004 WHERE comment_id=51029;
UPDATE event_navi_comment SET character_id=107701, character_name='スズメ', voice_id=406, start_time='2018/06/30 12:00:00', end_time='2018/07/25 14:59:59', pos_y=18.0, change_face_time=3.5, event_id=10004 WHERE comment_id=51030;
INSERT INTO event_navi_comment(comment_id,where_type,character_id,face_type,character_name,description,voice_id,start_time,end_time,pos_x,pos_y,change_face_time,change_face_type,event_id) VALUES(51031,52,107501,1,'ペコリーヌ','',107,'2018/06/30 12:00:00','2018/07/25 14:59:59',-285.0,18.0,1.828,2,10004);
INSERT INTO event_navi_comment(comment_id,where_type,character_id,face_type,character_name,description,voice_id,start_time,end_time,pos_x,pos_y,change_face_time,change_face_type,event_id) VALUES(51032,52,107601,2,'コッコロ','',207,'2018/06/30 12:00:00','2018/07/25 14:59:59',-285.0,18.0,0.0,2,10004);
INSERT INTO event_navi_comment(comment_id,where_type,character_id,face_type,character_name,description,voice_id,start_time,end_time,pos_x,pos_y,change_face_time,change_face_type,event_id) VALUES(51033,52,107801,1,'キャル','',307,'2018/06/30 12:00:00','2018/07/25 14:59:59',-285.0,18.0,2.886,2,10004);
INSERT INTO event_navi_comment(comment_id,where_type,character_id,face_type,character_name,description,voice_id,start_time,end_time,pos_x,pos_y,change_face_time,change_face_type,event_id) VALUES(51034,52,107701,2,'スズメ','',407,'2018/06/30 12:00:00','2018/07/25 14:59:59',-285.0,18.0,0.0,2,10004);
UPDATE event_navi_comment SET start_time='2018/06/30 12:00:00', end_time='2018/07/25 14:59:59' WHERE comment_id=53003;
UPDATE event_navi_comment SET start_time='2018/06/30 12:00:00', end_time='2018/07/25 14:59:59' WHERE comment_id=53004;
UPDATE event_navi_comment SET start_time='2018/06/30 12:00:00', end_time='2018/07/25 14:59:59' WHERE comment_id=54003;
UPDATE event_navi_comment SET start_time='2018/06/30 12:00:00', end_time='2018/07/25 14:59:59' WHERE comment_id=54004;
UPDATE event_navi_comment SET start_time='2018/06/30 12:00:00', end_time='2018/07/25 14:59:59' WHERE comment_id=55003;
UPDATE event_navi_comment SET start_time='2018/06/30 12:00:00', end_time='2018/07/25 14:59:59' WHERE comment_id=55004;
UPDATE event_navi_comment SET start_time='2018/06/30 12:00:00', end_time='2018/07/25 14:59:59' WHERE comment_id=56003;
UPDATE event_navi_comment SET start_time='2018/06/30 12:00:00', end_time='2018/07/25 14:59:59' WHERE comment_id=56004;
UPDATE event_navi_comment SET start_time='2018/06/30 12:00:00', end_time='2018/07/25 14:59:59' WHERE comment_id=57003;
DELETE FROM event_navi_comment_condition WHERE comment_id=51007;
DELETE FROM event_navi_comment_condition WHERE comment_id=51008;
DELETE FROM event_navi_comment_condition WHERE comment_id=51011;
DELETE FROM event_navi_comment_condition WHERE comment_id=51012;
DELETE FROM event_navi_comment_condition WHERE comment_id=51015;
DELETE FROM event_navi_comment_condition WHERE comment_id=51016;
DELETE FROM event_navi_comment_condition WHERE comment_id=51019;
DELETE FROM event_navi_comment_condition WHERE comment_id=51020;
DELETE FROM event_navi_comment_condition WHERE comment_id=51023;
DELETE FROM event_navi_comment_condition WHERE comment_id=51024;
DELETE FROM event_navi_comment_condition WHERE comment_id=51027;
DELETE FROM event_navi_comment_condition WHERE comment_id=51028;
INSERT INTO event_story_data(story_group_id,story_type,value,title,thumbnail_id,disp_order,start_time,end_time) VALUES(5004,5,10004,'デンジャラスバカンス！ 渚のグルメプリンセス',0,1,'2018/06/26 15:00:00','2030/04/24 14:59:59');
INSERT INTO event_story_detail(story_id,story_group_id,title,sub_title,visible_type,story_end,pre_story_id,love_level,requirement_id,unlock_quest_id,story_quest_id,reward_type_1,reward_id_1,reward_value_1,reward_type_2,reward_id_2,reward_value_2,reward_type_3,reward_id_3,reward_value_3,start_time,end_time) VALUES(5004000,5004,'デンジャラスバカンス！渚のグルメプリンセス オープニング','『魅惑の南国ツアー』へ！',0,0,0,0,0,0,0,8,91002,20,2,31028,1,0,0,0,'2018/06/30 12:00:00','2030/12/31 14:59:59');
INSERT INTO event_story_detail(story_id,story_group_id,title,sub_title,visible_type,story_end,pre_story_id,love_level,requirement_id,unlock_quest_id,story_quest_id,reward_type_1,reward_id_1,reward_value_1,reward_type_2,reward_id_2,reward_value_2,reward_type_3,reward_id_3,reward_value_3,start_time,end_time) VALUES(5004001,5004,'デンジャラスバカンス！渚のグルメプリンセス 第1話','真夏の失踪事件',0,0,0,0,0,0,0,8,91002,20,2,31076,1,0,0,0,'2018/06/30 12:00:00','2030/12/31 14:59:59');
INSERT INTO event_story_detail(story_id,story_group_id,title,sub_title,visible_type,story_end,pre_story_id,love_level,requirement_id,unlock_quest_id,story_quest_id,reward_type_1,reward_id_1,reward_value_1,reward_type_2,reward_id_2,reward_value_2,reward_type_3,reward_id_3,reward_value_3,start_time,end_time) VALUES(5004002,5004,'デンジャラスバカンス！渚のグルメプリンセス 第2話','その時、メイドは見た！',0,0,5004001,0,0,0,0,8,91002,20,2,31028,1,0,0,0,'2018/06/30 12:00:00','2030/12/31 14:59:59');
INSERT INTO event_story_detail(story_id,story_group_id,title,sub_title,visible_type,story_end,pre_story_id,love_level,requirement_id,unlock_quest_id,story_quest_id,reward_type_1,reward_id_1,reward_value_1,reward_type_2,reward_id_2,reward_value_2,reward_type_3,reward_id_3,reward_value_3,start_time,end_time) VALUES(5004003,5004,'デンジャラスバカンス！渚のグルメプリンセス 第3話','渚の作戦会議',0,0,5004002,0,0,0,0,8,91002,20,2,31076,1,0,0,0,'2018/06/30 12:00:00','2030/12/31 14:59:59');
INSERT INTO event_story_detail(story_id,story_group_id,title,sub_title,visible_type,story_end,pre_story_id,love_level,requirement_id,unlock_quest_id,story_quest_id,reward_type_1,reward_id_1,reward_value_1,reward_type_2,reward_id_2,reward_value_2,reward_type_3,reward_id_3,reward_value_3,start_time,end_time) VALUES(5004004,5004,'デンジャラスバカンス！渚のグルメプリンセス 第4話','救出のダイビング',0,0,5004003,0,0,0,0,8,91002,20,2,31028,1,0,0,0,'2018/06/30 12:00:00','2030/12/31 14:59:59');
INSERT INTO event_story_detail(story_id,story_group_id,title,sub_title,visible_type,story_end,pre_story_id,love_level,requirement_id,unlock_quest_id,story_quest_id,reward_type_1,reward_id_1,reward_value_1,reward_type_2,reward_id_2,reward_value_2,reward_type_3,reward_id_3,reward_value_3,start_time,end_time) VALUES(5004005,5004,'デンジャラスバカンス！渚のグルメプリンセス 第5話','謎めいた海底遺跡',0,0,5004004,0,0,0,55004005,8,91002,20,2,31076,1,0,0,0,'2018/06/30 12:00:00','2030/12/31 14:59:59');
INSERT INTO event_story_detail(story_id,story_group_id,title,sub_title,visible_type,story_end,pre_story_id,love_level,requirement_id,unlock_quest_id,story_quest_id,reward_type_1,reward_id_1,reward_value_1,reward_type_2,reward_id_2,reward_value_2,reward_type_3,reward_id_3,reward_value_3,start_time,end_time) VALUES(5004006,5004,'デンジャラスバカンス！渚のグルメプリンセス 第6話','オペレーション美食殿',0,0,5004005,0,0,0,0,8,91002,20,2,31028,1,0,0,0,'2018/06/30 12:00:00','2030/12/31 14:59:59');
INSERT INTO event_story_detail(story_id,story_group_id,title,sub_title,visible_type,story_end,pre_story_id,love_level,requirement_id,unlock_quest_id,story_quest_id,reward_type_1,reward_id_1,reward_value_1,reward_type_2,reward_id_2,reward_value_2,reward_type_3,reward_id_3,reward_value_3,start_time,end_time) VALUES(5004007,5004,'デンジャラスバカンス！渚のグルメプリンセス エンディング','開催、幸腹バーベキュー！',0,0,5004006,0,0,0,0,8,91002,20,2,31076,1,0,0,0,'2018/06/30 12:00:00','2030/12/31 14:59:59');
INSERT INTO event_top_adv(event_top_adv_id,event_id,type,value_1,value_2,value_3,story_id,character_id,start_time,end_time) VALUES(1,10004,1004,107601,0,0,5004401,107601,'2018/06/30 12:00:00','2018/07/19 14:59:59');
INSERT INTO event_top_adv(event_top_adv_id,event_id,type,value_1,value_2,value_3,story_id,character_id,start_time,end_time) VALUES(2,10004,1002,1000403,1,0,5004402,107601,'2018/06/30 12:00:00','2018/07/19 14:59:59');
INSERT INTO event_top_adv(event_top_adv_id,event_id,type,value_1,value_2,value_3,story_id,character_id,start_time,end_time) VALUES(3,10004,1001,10,0,0,5004403,107701,'2018/06/30 12:00:00','2018/07/19 14:59:59');
INSERT INTO event_top_adv(event_top_adv_id,event_id,type,value_1,value_2,value_3,story_id,character_id,start_time,end_time) VALUES(4,10004,1001,20,0,0,5004404,107501,'2018/06/30 12:00:00','2018/07/19 14:59:59');
INSERT INTO event_top_adv(event_top_adv_id,event_id,type,value_1,value_2,value_3,story_id,character_id,start_time,end_time) VALUES(5,10004,1001,30,0,0,5004405,107601,'2018/06/30 12:00:00','2018/07/19 14:59:59');
INSERT INTO event_top_adv(event_top_adv_id,event_id,type,value_1,value_2,value_3,story_id,character_id,start_time,end_time) VALUES(6,10004,1003,2,0,0,5004406,107501,'2018/06/30 12:00:00','2018/07/19 14:59:59');
INSERT INTO event_top_adv(event_top_adv_id,event_id,type,value_1,value_2,value_3,story_id,character_id,start_time,end_time) VALUES(7,10004,1003,5,0,0,5004407,107601,'2018/06/30 12:00:00','2018/07/19 14:59:59');
INSERT INTO event_top_adv(event_top_adv_id,event_id,type,value_1,value_2,value_3,story_id,character_id,start_time,end_time) VALUES(8,10004,1003,8,0,0,5004408,107801,'2018/06/30 12:00:00','2018/07/19 14:59:59');
INSERT INTO event_top_adv(event_top_adv_id,event_id,type,value_1,value_2,value_3,story_id,character_id,start_time,end_time) VALUES(9,10004,1003,12,0,0,5004409,107701,'2018/06/30 12:00:00','2018/07/19 14:59:59');
INSERT INTO event_top_adv(event_top_adv_id,event_id,type,value_1,value_2,value_3,story_id,character_id,start_time,end_time) VALUES(10,10004,1003,16,0,0,5004410,107501,'2018/06/30 12:00:00','2018/07/19 14:59:59');
INSERT INTO event_top_adv(event_top_adv_id,event_id,type,value_1,value_2,value_3,story_id,character_id,start_time,end_time) VALUES(11,10004,1003,20,0,0,5004411,107601,'2018/06/30 12:00:00','2018/07/19 14:59:59');
INSERT INTO experience_team(team_level,total_exp,max_stamina,over_limit_stamina,recover_stamina_count) VALUES(100,149794,158,999,30);
INSERT INTO experience_team(team_level,total_exp,max_stamina,over_limit_stamina,recover_stamina_count) VALUES(101,153334,159,999,30);
INSERT INTO experience_unit(unit_level,total_exp) VALUES(100,840786);
INSERT INTO experience_unit(unit_level,total_exp) VALUES(101,872338);
UPDATE gacha_data SET end_time='2018/06/30 11:59:59' WHERE gacha_id=10009;
INSERT INTO gacha_data(gacha_id,gacha_name,description,gacha_detail,gacha_cost_type,price,free_gacha_type,free_gacha_interval_time,free_gacha_count,discount_price,gacha_odds,gacha_odds_star2,gacha_type,movie_id,start_time,end_time,ticket_id) VALUES(10010,'ノーマルガチャ','アイテムやメモリーピースをGET！',1,3,0,1,0,10,0,'10010','',0,0,'2018/06/30 12:00:00','2030/07/17 14:59:59',0);
UPDATE gacha_data SET end_time='2018/06/30 11:59:59' WHERE gacha_id=20009;
INSERT INTO gacha_data(gacha_id,gacha_name,description,gacha_detail,gacha_cost_type,price,free_gacha_type,free_gacha_interval_time,free_gacha_count,discount_price,gacha_odds,gacha_odds_star2,gacha_type,movie_id,start_time,end_time,ticket_id) VALUES(20010,'プラチナガチャ','プラチナガチャはキャラのみ出現！',2,2,150,0,0,0,50,'20010','21010',1,200001,'2018/06/30 12:00:00','2030/07/17 14:59:59',24001);
INSERT INTO gacha_data(gacha_id,gacha_name,description,gacha_detail,gacha_cost_type,price,free_gacha_type,free_gacha_interval_time,free_gacha_count,discount_price,gacha_odds,gacha_odds_star2,gacha_type,movie_id,start_time,end_time,ticket_id) VALUES(30010,'ピックアップガチャ','限定「ペコリーヌ」登場！期間中出現率UP！',2,2,150,0,0,0,50,'30010','31010',1,300010,'2018/06/30 12:00:00','2018/07/17 14:59:59',24001);
UPDATE gift_message SET discription='イベントボス「{1}」のバトルで獲得したアイテムです。' WHERE id=9505;
UPDATE guild SET member4=1075, member5=1076 WHERE guild_id=1;
INSERT INTO hatsune_boss(boss_id,event_id,area_id,difficulty,quest_name,position_x,position_y,boss_position_x,boss_position_y,result_boss_position_y,icon_id,use_ticket_num,team_exp,unit_exp,love,limit_time,daily_limit,clear_reward_group,event_boss_treasure_box_id_1,background_1,wave_group_id_1,wave_bgm_sheet_id_1,wave_bgm_que_id_1,story_id_wavestart_1,story_id_waveend_1,detail_bg_id,detail_bg_position,detail_boss_bg_size,detail_boss_bg_height,reward_gold_coefficient,reward_gold_limit,start_time,end_time,map_position_x,map_position_y,map_size) VALUES(1000401,10004,10004101,1,'ボスバトル(NORMAL)',870,10,770,-40,20,510041,20,0,0,0,90,0,610004011,10004101,81000405,610004001,'bgm_M116','bgm_M116',5004301,0,81000405,0,1.1,30.0,'0.03',100000,'2018/06/30 12:00:00','2018/07/25 14:59:59',0.0,0.0,0.6);
INSERT INTO hatsune_boss(boss_id,event_id,area_id,difficulty,quest_name,position_x,position_y,boss_position_x,boss_position_y,result_boss_position_y,icon_id,use_ticket_num,team_exp,unit_exp,love,limit_time,daily_limit,clear_reward_group,event_boss_treasure_box_id_1,background_1,wave_group_id_1,wave_bgm_sheet_id_1,wave_bgm_que_id_1,story_id_wavestart_1,story_id_waveend_1,detail_bg_id,detail_bg_position,detail_boss_bg_size,detail_boss_bg_height,reward_gold_coefficient,reward_gold_limit,start_time,end_time,map_position_x,map_position_y,map_size) VALUES(1000402,10004,10004201,2,'ボスバトル(HARD)',30,-5,450,-40,20,510042,30,0,0,0,90,0,610004021,10004201,81000406,610004002,'bgm_M116','bgm_M116',5004302,0,81000406,0,1.1,30.0,'0.03',100000,'2018/06/30 12:00:00','2018/07/25 14:59:59',0.0,0.0,0.6);
INSERT INTO hatsune_boss(boss_id,event_id,area_id,difficulty,quest_name,position_x,position_y,boss_position_x,boss_position_y,result_boss_position_y,icon_id,use_ticket_num,team_exp,unit_exp,love,limit_time,daily_limit,clear_reward_group,event_boss_treasure_box_id_1,background_1,wave_group_id_1,wave_bgm_sheet_id_1,wave_bgm_que_id_1,story_id_wavestart_1,story_id_waveend_1,detail_bg_id,detail_bg_position,detail_boss_bg_size,detail_boss_bg_height,reward_gold_coefficient,reward_gold_limit,start_time,end_time,map_position_x,map_position_y,map_size) VALUES(1000403,10004,10004201,3,'ボスバトル(VERYHARD)',500,-70,450,-40,20,510042,30,0,0,0,90,1,610004031,10004301,81000406,610004003,'bgm_M116','bgm_M116',5004308,0,81000406,0,1.1,30.0,'0.03',100000,'2018/06/30 12:00:00','2018/07/25 14:59:59',0.0,0.0,0.6);
INSERT INTO hatsune_boss_condition(boss_id,event_id,condition_quest_id_1,condition_quest_id_2,condition_boss_id_1,condition_boss_id_2,force_unlock_time,release_quest_id_1,release_quest_id_2,release_boss_id_1,release_boss_id_2) VALUES(1000401,10004,10004115,0,0,0,'2018/07/06 15:00:00',10004201,0,1000402,0);
INSERT INTO hatsune_boss_condition(boss_id,event_id,condition_quest_id_1,condition_quest_id_2,condition_boss_id_1,condition_boss_id_2,force_unlock_time,release_quest_id_1,release_quest_id_2,release_boss_id_1,release_boss_id_2) VALUES(1000402,10004,0,0,1000401,0,'0',0,0,1000403,0);
INSERT INTO hatsune_boss_condition(boss_id,event_id,condition_quest_id_1,condition_quest_id_2,condition_boss_id_1,condition_boss_id_2,force_unlock_time,release_quest_id_1,release_quest_id_2,release_boss_id_1,release_boss_id_2) VALUES(1000403,10004,0,0,1000402,0,'0',0,0,0,0);
INSERT INTO hatsune_daily_mission_data(daily_mission_id,disp_group,category_icon,description,mission_condition,condition_value_1,condition_value_2,condition_value_3,condition_num,mission_reward_id,system_id,start_time,end_time) VALUES(61004001,101,601,'テンタパスに1回挑戦しよう（全難易度共通） ',9012,0,0,0,1,61004001,6008,'2018/06/30 12:00:00','2018/07/25 14:59:59');
INSERT INTO hatsune_daily_mission_data(daily_mission_id,disp_group,category_icon,description,mission_condition,condition_value_1,condition_value_2,condition_value_3,condition_num,mission_reward_id,system_id,start_time,end_time) VALUES(61004002,102,601,'イベントクエストを10回クリアしよう',9004,0,0,0,10,61004002,6004,'2018/06/30 12:00:00','2018/07/25 14:59:59');
INSERT INTO hatsune_description(id,event_id,type,description) VALUES(10,10004,1,'イベントでは、特別なストーリーを楽しめます。\nイベントストーリーはイベントクエストを進めると解放されていきます。');
INSERT INTO hatsune_description(id,event_id,type,description) VALUES(11,10004,1,'イベント限定のミッションを達成すると解放できる\nキャラが登場します。イベントの期間内に\nミッションクリアを目指しましょう。');
INSERT INTO hatsune_description(id,event_id,type,description) VALUES(12,10004,1,'強力なボス、VERY HARDが登場します。\nVERY HARDボスは１日に１体討伐が可能です。\n準備をしっかりして、気を引き締めて挑みましょう。');
INSERT INTO hatsune_description(id,event_id,type,description) VALUES(13,10004,1,'討伐証交換は、報酬ゲットのチャンスです。\n報酬の中には、イベントに登場するキャラのメモリーピースもあります。\nたくさん集めてキャラを仲間にしましょう。');
INSERT INTO hatsune_item(event_id,boss_ticket_id,gacha_ticket_id,unit_material_id_1,unit_material_id_2,unit_material_id_3,unit_material_id_4,unit_material_id_5,unit_material_id_6,unit_material_id_7,unit_material_id_8,unit_material_id_9,unit_material_id_10) VALUES(10004,60031,60032,31076,31028,0,0,0,0,0,0,0,0);
UPDATE hatsune_map SET sheet_id='bgm_M98', que_id='bgm_M98_2' WHERE course_id=10002;
INSERT INTO hatsune_map(course_id,event_id,name,map_id,sheet_id,que_id,start_area_id,end_area_id) VALUES(10004,10004,'タパスビーチ周辺',10004,'bgm_M112','bgm_M112',10004101,10004101);
INSERT INTO hatsune_mission_reward_data(id,mission_reward_id,reward_type,reward_id,reward_num) VALUES(157,61004001,2,60032,5);
INSERT INTO hatsune_mission_reward_data(id,mission_reward_id,reward_type,reward_id,reward_num) VALUES(158,61004002,2,60032,5);
INSERT INTO hatsune_mission_reward_data(id,mission_reward_id,reward_type,reward_id,reward_num) VALUES(159,71004001,8,91002,30);
INSERT INTO hatsune_mission_reward_data(id,mission_reward_id,reward_type,reward_id,reward_num) VALUES(160,71004001,2,22002,1);
INSERT INTO hatsune_mission_reward_data(id,mission_reward_id,reward_type,reward_id,reward_num) VALUES(161,71004002,8,91002,30);
INSERT INTO hatsune_mission_reward_data(id,mission_reward_id,reward_type,reward_id,reward_num) VALUES(162,71004002,2,22002,1);
INSERT INTO hatsune_mission_reward_data(id,mission_reward_id,reward_type,reward_id,reward_num) VALUES(163,71004003,8,91002,30);
INSERT INTO hatsune_mission_reward_data(id,mission_reward_id,reward_type,reward_id,reward_num) VALUES(164,71004003,2,22002,1);
INSERT INTO hatsune_mission_reward_data(id,mission_reward_id,reward_type,reward_id,reward_num) VALUES(165,71004004,8,91002,30);
INSERT INTO hatsune_mission_reward_data(id,mission_reward_id,reward_type,reward_id,reward_num) VALUES(166,71004004,2,22002,1);
INSERT INTO hatsune_mission_reward_data(id,mission_reward_id,reward_type,reward_id,reward_num) VALUES(167,71004005,8,91002,30);
INSERT INTO hatsune_mission_reward_data(id,mission_reward_id,reward_type,reward_id,reward_num) VALUES(168,71004005,2,22002,1);
INSERT INTO hatsune_mission_reward_data(id,mission_reward_id,reward_type,reward_id,reward_num) VALUES(169,71004006,8,91002,30);
INSERT INTO hatsune_mission_reward_data(id,mission_reward_id,reward_type,reward_id,reward_num) VALUES(170,71004006,2,22002,1);
INSERT INTO hatsune_mission_reward_data(id,mission_reward_id,reward_type,reward_id,reward_num) VALUES(171,71004007,8,91002,30);
INSERT INTO hatsune_mission_reward_data(id,mission_reward_id,reward_type,reward_id,reward_num) VALUES(172,71004007,2,22002,1);
INSERT INTO hatsune_mission_reward_data(id,mission_reward_id,reward_type,reward_id,reward_num) VALUES(173,71004008,8,91002,30);
INSERT INTO hatsune_mission_reward_data(id,mission_reward_id,reward_type,reward_id,reward_num) VALUES(174,71004008,2,22002,1);
INSERT INTO hatsune_mission_reward_data(id,mission_reward_id,reward_type,reward_id,reward_num) VALUES(175,71004009,8,91002,30);
INSERT INTO hatsune_mission_reward_data(id,mission_reward_id,reward_type,reward_id,reward_num) VALUES(176,71004009,2,22002,1);
INSERT INTO hatsune_mission_reward_data(id,mission_reward_id,reward_type,reward_id,reward_num) VALUES(177,71004010,8,91002,30);
INSERT INTO hatsune_mission_reward_data(id,mission_reward_id,reward_type,reward_id,reward_num) VALUES(178,71004010,2,22002,1);
INSERT INTO hatsune_mission_reward_data(id,mission_reward_id,reward_type,reward_id,reward_num) VALUES(179,71004011,8,91002,30);
INSERT INTO hatsune_mission_reward_data(id,mission_reward_id,reward_type,reward_id,reward_num) VALUES(180,71004011,2,22002,1);
INSERT INTO hatsune_mission_reward_data(id,mission_reward_id,reward_type,reward_id,reward_num) VALUES(181,71004012,8,91002,30);
INSERT INTO hatsune_mission_reward_data(id,mission_reward_id,reward_type,reward_id,reward_num) VALUES(182,71004012,2,22002,1);
INSERT INTO hatsune_mission_reward_data(id,mission_reward_id,reward_type,reward_id,reward_num) VALUES(183,71004013,8,91002,30);
INSERT INTO hatsune_mission_reward_data(id,mission_reward_id,reward_type,reward_id,reward_num) VALUES(184,71004013,2,22002,1);
INSERT INTO hatsune_mission_reward_data(id,mission_reward_id,reward_type,reward_id,reward_num) VALUES(185,71004014,8,91002,30);
INSERT INTO hatsune_mission_reward_data(id,mission_reward_id,reward_type,reward_id,reward_num) VALUES(186,71004014,2,22002,1);
INSERT INTO hatsune_mission_reward_data(id,mission_reward_id,reward_type,reward_id,reward_num) VALUES(187,71004015,8,91002,30);
INSERT INTO hatsune_mission_reward_data(id,mission_reward_id,reward_type,reward_id,reward_num) VALUES(188,71004015,2,22002,1);
INSERT INTO hatsune_mission_reward_data(id,mission_reward_id,reward_type,reward_id,reward_num) VALUES(189,71004016,8,91002,60);
INSERT INTO hatsune_mission_reward_data(id,mission_reward_id,reward_type,reward_id,reward_num) VALUES(190,71004016,2,22002,2);
INSERT INTO hatsune_mission_reward_data(id,mission_reward_id,reward_type,reward_id,reward_num) VALUES(191,71004017,8,91002,60);
INSERT INTO hatsune_mission_reward_data(id,mission_reward_id,reward_type,reward_id,reward_num) VALUES(192,71004017,2,22002,2);
INSERT INTO hatsune_mission_reward_data(id,mission_reward_id,reward_type,reward_id,reward_num) VALUES(193,71004018,8,91002,60);
INSERT INTO hatsune_mission_reward_data(id,mission_reward_id,reward_type,reward_id,reward_num) VALUES(194,71004018,2,22002,2);
INSERT INTO hatsune_mission_reward_data(id,mission_reward_id,reward_type,reward_id,reward_num) VALUES(195,71004019,8,91002,60);
INSERT INTO hatsune_mission_reward_data(id,mission_reward_id,reward_type,reward_id,reward_num) VALUES(196,71004019,2,22002,2);
INSERT INTO hatsune_mission_reward_data(id,mission_reward_id,reward_type,reward_id,reward_num) VALUES(197,71004020,8,91002,60);
INSERT INTO hatsune_mission_reward_data(id,mission_reward_id,reward_type,reward_id,reward_num) VALUES(198,71004020,2,22002,2);
INSERT INTO hatsune_mission_reward_data(id,mission_reward_id,reward_type,reward_id,reward_num) VALUES(199,71004021,12,94002,50000);
INSERT INTO hatsune_mission_reward_data(id,mission_reward_id,reward_type,reward_id,reward_num) VALUES(200,71004022,12,94002,100000);
INSERT INTO hatsune_mission_reward_data(id,mission_reward_id,reward_type,reward_id,reward_num) VALUES(201,71004023,12,94002,150000);
INSERT INTO hatsune_mission_reward_data(id,mission_reward_id,reward_type,reward_id,reward_num) VALUES(202,71004024,12,94002,200000);
INSERT INTO hatsune_mission_reward_data(id,mission_reward_id,reward_type,reward_id,reward_num) VALUES(203,71004025,8,91002,50);
INSERT INTO hatsune_mission_reward_data(id,mission_reward_id,reward_type,reward_id,reward_num) VALUES(204,71004026,2,31076,1);
INSERT INTO hatsune_mission_reward_data(id,mission_reward_id,reward_type,reward_id,reward_num) VALUES(205,71004027,2,31076,1);
INSERT INTO hatsune_mission_reward_data(id,mission_reward_id,reward_type,reward_id,reward_num) VALUES(206,71004028,2,31076,2);
INSERT INTO hatsune_mission_reward_data(id,mission_reward_id,reward_type,reward_id,reward_num) VALUES(207,71004029,2,31076,2);
INSERT INTO hatsune_mission_reward_data(id,mission_reward_id,reward_type,reward_id,reward_num) VALUES(208,71004030,2,31076,4);
INSERT INTO hatsune_mission_reward_data(id,mission_reward_id,reward_type,reward_id,reward_num) VALUES(209,71004031,2,31076,10);
INSERT INTO hatsune_quest(quest_id,event_id,area_id,quest_seq,quest_name,position_x,position_y,icon_id,stamina,stamina_start,team_exp,unit_exp,love,limit_time,daily_limit,clear_reward_group,rank_reward_group,drop_reward_type,drop_reward_id,drop_reward_num,drop_reward_odds,background_1,wave_bgm_sheet_id_1,wave_bgm_que_id_1,story_id_wavestart_1,story_id_waveend_1,background_2,wave_bgm_sheet_id_2,wave_bgm_que_id_2,story_id_wavestart_2,story_id_waveend_2,background_3,wave_bgm_sheet_id_3,wave_bgm_que_id_3,story_id_wavestart_3,story_id_waveend_3,quest_detail_bg_id,quest_detail_bg_position,start_time,end_time) VALUES(10004101,10004,10004101,1,'タパスビーチ周辺 1-1',-820,-70,100110,8,1,8,120,8,90,0,610004101,610004121,0,0,0,0,100201,'bgm_M41','bgm_M41',0,0,100202,'bgm_M41','bgm_M41',0,0,100203,'bgm_M41','bgm_M41',0,0,100201,0,'2018/06/30 12:00:00','2018/07/25 14:59:59');
INSERT INTO hatsune_quest(quest_id,event_id,area_id,quest_seq,quest_name,position_x,position_y,icon_id,stamina,stamina_start,team_exp,unit_exp,love,limit_time,daily_limit,clear_reward_group,rank_reward_group,drop_reward_type,drop_reward_id,drop_reward_num,drop_reward_odds,background_1,wave_bgm_sheet_id_1,wave_bgm_que_id_1,story_id_wavestart_1,story_id_waveend_1,background_2,wave_bgm_sheet_id_2,wave_bgm_que_id_2,story_id_wavestart_2,story_id_waveend_2,background_3,wave_bgm_sheet_id_3,wave_bgm_que_id_3,story_id_wavestart_3,story_id_waveend_3,quest_detail_bg_id,quest_detail_bg_position,start_time,end_time) VALUES(10004102,10004,10004101,2,'タパスビーチ周辺 1-2',-700,50,100110,8,1,8,120,8,90,0,610004102,610004121,0,0,0,0,100201,'bgm_M41','bgm_M41',0,0,100202,'bgm_M41','bgm_M41',0,0,100203,'bgm_M41','bgm_M41',0,0,100201,0,'2018/06/30 12:00:00','2018/07/25 14:59:59');
INSERT INTO hatsune_quest(quest_id,event_id,area_id,quest_seq,quest_name,position_x,position_y,icon_id,stamina,stamina_start,team_exp,unit_exp,love,limit_time,daily_limit,clear_reward_group,rank_reward_group,drop_reward_type,drop_reward_id,drop_reward_num,drop_reward_odds,background_1,wave_bgm_sheet_id_1,wave_bgm_que_id_1,story_id_wavestart_1,story_id_waveend_1,background_2,wave_bgm_sheet_id_2,wave_bgm_que_id_2,story_id_wavestart_2,story_id_waveend_2,background_3,wave_bgm_sheet_id_3,wave_bgm_que_id_3,story_id_wavestart_3,story_id_waveend_3,quest_detail_bg_id,quest_detail_bg_position,start_time,end_time) VALUES(10004103,10004,10004101,3,'タパスビーチ周辺 1-3',-600,-120,100180,8,1,8,120,8,90,0,610004103,610004121,0,0,0,0,100201,'bgm_M41','bgm_M41',0,0,100202,'bgm_M41','bgm_M41',0,0,100203,'bgm_M41','bgm_M41',0,0,100201,0,'2018/06/30 12:00:00','2018/07/25 14:59:59');
INSERT INTO hatsune_quest(quest_id,event_id,area_id,quest_seq,quest_name,position_x,position_y,icon_id,stamina,stamina_start,team_exp,unit_exp,love,limit_time,daily_limit,clear_reward_group,rank_reward_group,drop_reward_type,drop_reward_id,drop_reward_num,drop_reward_odds,background_1,wave_bgm_sheet_id_1,wave_bgm_que_id_1,story_id_wavestart_1,story_id_waveend_1,background_2,wave_bgm_sheet_id_2,wave_bgm_que_id_2,story_id_wavestart_2,story_id_waveend_2,background_3,wave_bgm_sheet_id_3,wave_bgm_que_id_3,story_id_wavestart_3,story_id_waveend_3,quest_detail_bg_id,quest_detail_bg_position,start_time,end_time) VALUES(10004104,10004,10004101,4,'タパスビーチ周辺 1-4',-500,40,100110,8,1,8,120,8,90,0,610004104,610004121,0,0,0,0,100201,'bgm_M41','bgm_M41',0,0,100202,'bgm_M41','bgm_M41',0,0,100203,'bgm_M41','bgm_M41',0,0,100201,0,'2018/06/30 12:00:00','2018/07/25 14:59:59');
INSERT INTO hatsune_quest(quest_id,event_id,area_id,quest_seq,quest_name,position_x,position_y,icon_id,stamina,stamina_start,team_exp,unit_exp,love,limit_time,daily_limit,clear_reward_group,rank_reward_group,drop_reward_type,drop_reward_id,drop_reward_num,drop_reward_odds,background_1,wave_bgm_sheet_id_1,wave_bgm_que_id_1,story_id_wavestart_1,story_id_waveend_1,background_2,wave_bgm_sheet_id_2,wave_bgm_que_id_2,story_id_wavestart_2,story_id_waveend_2,background_3,wave_bgm_sheet_id_3,wave_bgm_que_id_3,story_id_wavestart_3,story_id_waveend_3,quest_detail_bg_id,quest_detail_bg_position,start_time,end_time) VALUES(10004105,10004,10004101,5,'タパスビーチ周辺 1-5',-400,-70,100180,8,1,8,120,8,90,0,610004105,610004121,0,0,0,0,100201,'bgm_M41','bgm_M41',0,0,100202,'bgm_M41','bgm_M41',0,0,100203,'bgm_M41','bgm_M41',0,0,100201,0,'2018/06/30 12:00:00','2018/07/25 14:59:59');
INSERT INTO hatsune_quest(quest_id,event_id,area_id,quest_seq,quest_name,position_x,position_y,icon_id,stamina,stamina_start,team_exp,unit_exp,love,limit_time,daily_limit,clear_reward_group,rank_reward_group,drop_reward_type,drop_reward_id,drop_reward_num,drop_reward_odds,background_1,wave_bgm_sheet_id_1,wave_bgm_que_id_1,story_id_wavestart_1,story_id_waveend_1,background_2,wave_bgm_sheet_id_2,wave_bgm_que_id_2,story_id_wavestart_2,story_id_waveend_2,background_3,wave_bgm_sheet_id_3,wave_bgm_que_id_3,story_id_wavestart_3,story_id_waveend_3,quest_detail_bg_id,quest_detail_bg_position,start_time,end_time) VALUES(10004106,10004,10004101,6,'タパスビーチ周辺 1-6',-260,-110,100080,9,1,9,135,9,90,0,610004106,610004121,0,0,0,0,100051,'bgm_M41','bgm_M41',0,0,100052,'bgm_M41','bgm_M41',0,0,100053,'bgm_M41','bgm_M41',0,0,100051,0,'2018/06/30 12:00:00','2018/07/25 14:59:59');
INSERT INTO hatsune_quest(quest_id,event_id,area_id,quest_seq,quest_name,position_x,position_y,icon_id,stamina,stamina_start,team_exp,unit_exp,love,limit_time,daily_limit,clear_reward_group,rank_reward_group,drop_reward_type,drop_reward_id,drop_reward_num,drop_reward_odds,background_1,wave_bgm_sheet_id_1,wave_bgm_que_id_1,story_id_wavestart_1,story_id_waveend_1,background_2,wave_bgm_sheet_id_2,wave_bgm_que_id_2,story_id_wavestart_2,story_id_waveend_2,background_3,wave_bgm_sheet_id_3,wave_bgm_que_id_3,story_id_wavestart_3,story_id_waveend_3,quest_detail_bg_id,quest_detail_bg_position,start_time,end_time) VALUES(10004107,10004,10004101,7,'タパスビーチ周辺 1-7',-170,25,100080,9,1,9,135,9,90,0,610004107,610004122,0,0,0,0,100051,'bgm_M41','bgm_M41',0,0,100052,'bgm_M41','bgm_M41',0,0,100053,'bgm_M41','bgm_M41',0,0,100051,0,'2018/06/30 12:00:00','2018/07/25 14:59:59');
INSERT INTO hatsune_quest(quest_id,event_id,area_id,quest_seq,quest_name,position_x,position_y,icon_id,stamina,stamina_start,team_exp,unit_exp,love,limit_time,daily_limit,clear_reward_group,rank_reward_group,drop_reward_type,drop_reward_id,drop_reward_num,drop_reward_odds,background_1,wave_bgm_sheet_id_1,wave_bgm_que_id_1,story_id_wavestart_1,story_id_waveend_1,background_2,wave_bgm_sheet_id_2,wave_bgm_que_id_2,story_id_wavestart_2,story_id_waveend_2,background_3,wave_bgm_sheet_id_3,wave_bgm_que_id_3,story_id_wavestart_3,story_id_waveend_3,quest_detail_bg_id,quest_detail_bg_position,start_time,end_time) VALUES(10004108,10004,10004101,8,'タパスビーチ周辺 1-8',-75,-110,100080,9,1,9,135,9,90,0,610004108,610004121,0,0,0,0,100051,'bgm_M41','bgm_M41',0,0,100052,'bgm_M41','bgm_M41',0,0,100053,'bgm_M41','bgm_M41',0,0,100051,0,'2018/06/30 12:00:00','2018/07/25 14:59:59');
INSERT INTO hatsune_quest(quest_id,event_id,area_id,quest_seq,quest_name,position_x,position_y,icon_id,stamina,stamina_start,team_exp,unit_exp,love,limit_time,daily_limit,clear_reward_group,rank_reward_group,drop_reward_type,drop_reward_id,drop_reward_num,drop_reward_odds,background_1,wave_bgm_sheet_id_1,wave_bgm_que_id_1,story_id_wavestart_1,story_id_waveend_1,background_2,wave_bgm_sheet_id_2,wave_bgm_que_id_2,story_id_wavestart_2,story_id_waveend_2,background_3,wave_bgm_sheet_id_3,wave_bgm_que_id_3,story_id_wavestart_3,story_id_waveend_3,quest_detail_bg_id,quest_detail_bg_position,start_time,end_time) VALUES(10004109,10004,10004101,9,'タパスビーチ周辺 1-9',50,0,100100,9,1,9,135,9,90,0,610004109,610004121,0,0,0,0,100581,'bgm_M41','bgm_M41',0,0,100582,'bgm_M41','bgm_M41',0,0,100583,'bgm_M41','bgm_M41',0,0,100581,0,'2018/06/30 12:00:00','2018/07/25 14:59:59');
INSERT INTO hatsune_quest(quest_id,event_id,area_id,quest_seq,quest_name,position_x,position_y,icon_id,stamina,stamina_start,team_exp,unit_exp,love,limit_time,daily_limit,clear_reward_group,rank_reward_group,drop_reward_type,drop_reward_id,drop_reward_num,drop_reward_odds,background_1,wave_bgm_sheet_id_1,wave_bgm_que_id_1,story_id_wavestart_1,story_id_waveend_1,background_2,wave_bgm_sheet_id_2,wave_bgm_que_id_2,story_id_wavestart_2,story_id_waveend_2,background_3,wave_bgm_sheet_id_3,wave_bgm_que_id_3,story_id_wavestart_3,story_id_waveend_3,quest_detail_bg_id,quest_detail_bg_position,start_time,end_time) VALUES(10004110,10004,10004101,10,'タパスビーチ周辺 1-10',180,40,100100,9,1,9,135,9,90,0,610004110,610004121,0,0,0,0,100581,'bgm_M41','bgm_M41',0,0,100582,'bgm_M41','bgm_M41',0,0,100583,'bgm_M41','bgm_M41',0,0,100581,0,'2018/06/30 12:00:00','2018/07/25 14:59:59');
INSERT INTO hatsune_quest(quest_id,event_id,area_id,quest_seq,quest_name,position_x,position_y,icon_id,stamina,stamina_start,team_exp,unit_exp,love,limit_time,daily_limit,clear_reward_group,rank_reward_group,drop_reward_type,drop_reward_id,drop_reward_num,drop_reward_odds,background_1,wave_bgm_sheet_id_1,wave_bgm_que_id_1,story_id_wavestart_1,story_id_waveend_1,background_2,wave_bgm_sheet_id_2,wave_bgm_que_id_2,story_id_wavestart_2,story_id_waveend_2,background_3,wave_bgm_sheet_id_3,wave_bgm_que_id_3,story_id_wavestart_3,story_id_waveend_3,quest_detail_bg_id,quest_detail_bg_position,start_time,end_time) VALUES(10004111,10004,10004101,11,'タパスビーチ周辺 1-11',270,-100,100040,10,1,10,150,10,90,0,610004111,610004121,0,0,0,0,100011,'bgm_M41','bgm_M41',0,0,100012,'bgm_M41','bgm_M41',0,0,100013,'bgm_M41','bgm_M41',0,0,100011,0,'2018/06/30 12:00:00','2018/07/25 14:59:59');
INSERT INTO hatsune_quest(quest_id,event_id,area_id,quest_seq,quest_name,position_x,position_y,icon_id,stamina,stamina_start,team_exp,unit_exp,love,limit_time,daily_limit,clear_reward_group,rank_reward_group,drop_reward_type,drop_reward_id,drop_reward_num,drop_reward_odds,background_1,wave_bgm_sheet_id_1,wave_bgm_que_id_1,story_id_wavestart_1,story_id_waveend_1,background_2,wave_bgm_sheet_id_2,wave_bgm_que_id_2,story_id_wavestart_2,story_id_waveend_2,background_3,wave_bgm_sheet_id_3,wave_bgm_que_id_3,story_id_wavestart_3,story_id_waveend_3,quest_detail_bg_id,quest_detail_bg_position,start_time,end_time) VALUES(10004112,10004,10004101,12,'タパスビーチ周辺 1-12',390,60,100040,10,1,10,150,10,90,0,610004112,610004121,0,0,0,0,100031,'bgm_M41','bgm_M41',0,0,100032,'bgm_M41','bgm_M41',0,0,100033,'bgm_M41','bgm_M41',0,0,100031,0,'2018/06/30 12:00:00','2018/07/25 14:59:59');
INSERT INTO hatsune_quest(quest_id,event_id,area_id,quest_seq,quest_name,position_x,position_y,icon_id,stamina,stamina_start,team_exp,unit_exp,love,limit_time,daily_limit,clear_reward_group,rank_reward_group,drop_reward_type,drop_reward_id,drop_reward_num,drop_reward_odds,background_1,wave_bgm_sheet_id_1,wave_bgm_que_id_1,story_id_wavestart_1,story_id_waveend_1,background_2,wave_bgm_sheet_id_2,wave_bgm_que_id_2,story_id_wavestart_2,story_id_waveend_2,background_3,wave_bgm_sheet_id_3,wave_bgm_que_id_3,story_id_wavestart_3,story_id_waveend_3,quest_detail_bg_id,quest_detail_bg_position,start_time,end_time) VALUES(10004113,10004,10004101,13,'タパスビーチ周辺 1-13',490,-100,100180,10,1,10,150,10,90,0,610004113,610004121,0,0,0,0,100201,'bgm_M41','bgm_M41',0,0,100202,'bgm_M41','bgm_M41',0,0,100203,'bgm_M41','bgm_M41',0,0,100201,0,'2018/06/30 12:00:00','2018/07/25 14:59:59');
INSERT INTO hatsune_quest(quest_id,event_id,area_id,quest_seq,quest_name,position_x,position_y,icon_id,stamina,stamina_start,team_exp,unit_exp,love,limit_time,daily_limit,clear_reward_group,rank_reward_group,drop_reward_type,drop_reward_id,drop_reward_num,drop_reward_odds,background_1,wave_bgm_sheet_id_1,wave_bgm_que_id_1,story_id_wavestart_1,story_id_waveend_1,background_2,wave_bgm_sheet_id_2,wave_bgm_que_id_2,story_id_wavestart_2,story_id_waveend_2,background_3,wave_bgm_sheet_id_3,wave_bgm_que_id_3,story_id_wavestart_3,story_id_waveend_3,quest_detail_bg_id,quest_detail_bg_position,start_time,end_time) VALUES(10004114,10004,10004101,14,'タパスビーチ周辺 1-14',590,40,100040,10,1,10,150,10,90,0,610004114,610004121,0,0,0,0,100031,'bgm_M41','bgm_M41',0,0,100032,'bgm_M41','bgm_M41',0,0,100033,'bgm_M41','bgm_M41',0,0,100031,0,'2018/06/30 12:00:00','2018/07/25 14:59:59');
INSERT INTO hatsune_quest(quest_id,event_id,area_id,quest_seq,quest_name,position_x,position_y,icon_id,stamina,stamina_start,team_exp,unit_exp,love,limit_time,daily_limit,clear_reward_group,rank_reward_group,drop_reward_type,drop_reward_id,drop_reward_num,drop_reward_odds,background_1,wave_bgm_sheet_id_1,wave_bgm_que_id_1,story_id_wavestart_1,story_id_waveend_1,background_2,wave_bgm_sheet_id_2,wave_bgm_que_id_2,story_id_wavestart_2,story_id_waveend_2,background_3,wave_bgm_sheet_id_3,wave_bgm_que_id_3,story_id_wavestart_3,story_id_waveend_3,quest_detail_bg_id,quest_detail_bg_position,start_time,end_time) VALUES(10004115,10004,10004101,15,'タパスビーチ周辺 1-15',690,-80,100180,10,1,10,150,10,90,0,610004115,610004123,0,0,0,0,100201,'bgm_M41','bgm_M41',0,0,100202,'bgm_M41','bgm_M41',0,0,100203,'bgm_M41','bgm_M41',0,0,100201,0,'2018/06/30 12:00:00','2018/07/25 14:59:59');
INSERT INTO hatsune_quest(quest_id,event_id,area_id,quest_seq,quest_name,position_x,position_y,icon_id,stamina,stamina_start,team_exp,unit_exp,love,limit_time,daily_limit,clear_reward_group,rank_reward_group,drop_reward_type,drop_reward_id,drop_reward_num,drop_reward_odds,background_1,wave_bgm_sheet_id_1,wave_bgm_que_id_1,story_id_wavestart_1,story_id_waveend_1,background_2,wave_bgm_sheet_id_2,wave_bgm_que_id_2,story_id_wavestart_2,story_id_waveend_2,background_3,wave_bgm_sheet_id_3,wave_bgm_que_id_3,story_id_wavestart_3,story_id_waveend_3,quest_detail_bg_id,quest_detail_bg_position,start_time,end_time) VALUES(10004201,10004,10004201,16,'タパスビーチ周辺 1-1',-500,-10,100080,16,2,16,240,16,90,3,610004116,610004121,2,31076,1,28,100931,'bgm_M41','bgm_M41',0,0,100932,'bgm_M41','bgm_M41',0,0,100933,'bgm_M41','bgm_M41',0,0,100931,0,'2018/06/30 12:00:00','2018/07/25 14:59:59');
INSERT INTO hatsune_quest(quest_id,event_id,area_id,quest_seq,quest_name,position_x,position_y,icon_id,stamina,stamina_start,team_exp,unit_exp,love,limit_time,daily_limit,clear_reward_group,rank_reward_group,drop_reward_type,drop_reward_id,drop_reward_num,drop_reward_odds,background_1,wave_bgm_sheet_id_1,wave_bgm_que_id_1,story_id_wavestart_1,story_id_waveend_1,background_2,wave_bgm_sheet_id_2,wave_bgm_que_id_2,story_id_wavestart_2,story_id_waveend_2,background_3,wave_bgm_sheet_id_3,wave_bgm_que_id_3,story_id_wavestart_3,story_id_waveend_3,quest_detail_bg_id,quest_detail_bg_position,start_time,end_time) VALUES(10004202,10004,10004201,17,'タパスビーチ周辺 1-2',-300,90,100110,16,2,16,240,16,90,3,610004117,610004121,2,31028,1,28,100471,'bgm_M41','bgm_M41',0,0,100472,'bgm_M41','bgm_M41',0,0,100473,'bgm_M41','bgm_M41',0,0,100471,0,'2018/06/30 12:00:00','2018/07/25 14:59:59');
INSERT INTO hatsune_quest(quest_id,event_id,area_id,quest_seq,quest_name,position_x,position_y,icon_id,stamina,stamina_start,team_exp,unit_exp,love,limit_time,daily_limit,clear_reward_group,rank_reward_group,drop_reward_type,drop_reward_id,drop_reward_num,drop_reward_odds,background_1,wave_bgm_sheet_id_1,wave_bgm_que_id_1,story_id_wavestart_1,story_id_waveend_1,background_2,wave_bgm_sheet_id_2,wave_bgm_que_id_2,story_id_wavestart_2,story_id_waveend_2,background_3,wave_bgm_sheet_id_3,wave_bgm_que_id_3,story_id_wavestart_3,story_id_waveend_3,quest_detail_bg_id,quest_detail_bg_position,start_time,end_time) VALUES(10004203,10004,10004201,18,'タパスビーチ周辺 1-3',-190,-120,100040,18,2,18,270,18,90,3,610004118,610004121,2,31076,1,29,100361,'bgm_M41','bgm_M41',0,0,100362,'bgm_M41','bgm_M41',0,0,100363,'bgm_M41','bgm_M41',0,0,100361,0,'2018/06/30 12:00:00','2018/07/25 14:59:59');
INSERT INTO hatsune_quest(quest_id,event_id,area_id,quest_seq,quest_name,position_x,position_y,icon_id,stamina,stamina_start,team_exp,unit_exp,love,limit_time,daily_limit,clear_reward_group,rank_reward_group,drop_reward_type,drop_reward_id,drop_reward_num,drop_reward_odds,background_1,wave_bgm_sheet_id_1,wave_bgm_que_id_1,story_id_wavestart_1,story_id_waveend_1,background_2,wave_bgm_sheet_id_2,wave_bgm_que_id_2,story_id_wavestart_2,story_id_waveend_2,background_3,wave_bgm_sheet_id_3,wave_bgm_que_id_3,story_id_wavestart_3,story_id_waveend_3,quest_detail_bg_id,quest_detail_bg_position,start_time,end_time) VALUES(10004204,10004,10004201,19,'タパスビーチ周辺 1-4',180,-110,100180,18,2,18,270,18,90,3,610004119,610004121,2,31028,1,29,100471,'bgm_M41','bgm_M41',0,0,100472,'bgm_M41','bgm_M41',0,0,100473,'bgm_M41','bgm_M41',0,0,100471,0,'2018/06/30 12:00:00','2018/07/25 14:59:59');
INSERT INTO hatsune_quest(quest_id,event_id,area_id,quest_seq,quest_name,position_x,position_y,icon_id,stamina,stamina_start,team_exp,unit_exp,love,limit_time,daily_limit,clear_reward_group,rank_reward_group,drop_reward_type,drop_reward_id,drop_reward_num,drop_reward_odds,background_1,wave_bgm_sheet_id_1,wave_bgm_que_id_1,story_id_wavestart_1,story_id_waveend_1,background_2,wave_bgm_sheet_id_2,wave_bgm_que_id_2,story_id_wavestart_2,story_id_waveend_2,background_3,wave_bgm_sheet_id_3,wave_bgm_que_id_3,story_id_wavestart_3,story_id_waveend_3,quest_detail_bg_id,quest_detail_bg_position,start_time,end_time) VALUES(10004205,10004,10004201,20,'タパスビーチ周辺 1-5',330,50,100040,20,2,20,300,20,90,3,610004120,610004121,2,31076,1,30,100896,'bgm_M41','bgm_M41',0,0,100897,'bgm_M41','bgm_M41',0,0,100898,'bgm_M41','bgm_M41',0,0,100896,0,'2018/06/30 12:00:00','2018/07/25 14:59:59');
INSERT INTO hatsune_quest_area(area_id,event_id,area_name,map_type,sheet_id,que_id,start_time,end_time,area_disp) VALUES(10004101,10004,'タパスビーチ周辺',201,'bgm_M112','bgm_M112','2018/06/30 12:00:00','2018/07/19 14:59:59',1);
INSERT INTO hatsune_quest_area(area_id,event_id,area_name,map_type,sheet_id,que_id,start_time,end_time,area_disp) VALUES(10004201,10004,'タパスビーチ周辺',201,'bgm_M112','bgm_M112','2018/06/30 12:00:00','2018/07/19 14:59:59',1);
INSERT INTO hatsune_quest_condition(quest_id,event_id,condition_quest_id_1,condition_quest_id_2,condition_boss_id_1,condition_boss_id_2,release_quest_id_1,release_quest_id_2,release_boss_id_1,release_boss_id_2,condition_main_quest_id) VALUES(10004101,10004,0,0,0,0,10004102,0,0,0,11002012);
INSERT INTO hatsune_quest_condition(quest_id,event_id,condition_quest_id_1,condition_quest_id_2,condition_boss_id_1,condition_boss_id_2,release_quest_id_1,release_quest_id_2,release_boss_id_1,release_boss_id_2,condition_main_quest_id) VALUES(10004102,10004,10004101,0,0,0,10004103,0,0,0,0);
INSERT INTO hatsune_quest_condition(quest_id,event_id,condition_quest_id_1,condition_quest_id_2,condition_boss_id_1,condition_boss_id_2,release_quest_id_1,release_quest_id_2,release_boss_id_1,release_boss_id_2,condition_main_quest_id) VALUES(10004103,10004,10004102,0,0,0,10004104,0,0,0,0);
INSERT INTO hatsune_quest_condition(quest_id,event_id,condition_quest_id_1,condition_quest_id_2,condition_boss_id_1,condition_boss_id_2,release_quest_id_1,release_quest_id_2,release_boss_id_1,release_boss_id_2,condition_main_quest_id) VALUES(10004104,10004,10004103,0,0,0,10004105,0,0,0,0);
INSERT INTO hatsune_quest_condition(quest_id,event_id,condition_quest_id_1,condition_quest_id_2,condition_boss_id_1,condition_boss_id_2,release_quest_id_1,release_quest_id_2,release_boss_id_1,release_boss_id_2,condition_main_quest_id) VALUES(10004105,10004,10004104,0,0,0,10004106,0,0,0,0);
INSERT INTO hatsune_quest_condition(quest_id,event_id,condition_quest_id_1,condition_quest_id_2,condition_boss_id_1,condition_boss_id_2,release_quest_id_1,release_quest_id_2,release_boss_id_1,release_boss_id_2,condition_main_quest_id) VALUES(10004106,10004,10004105,0,0,0,10004107,0,0,0,0);
INSERT INTO hatsune_quest_condition(quest_id,event_id,condition_quest_id_1,condition_quest_id_2,condition_boss_id_1,condition_boss_id_2,release_quest_id_1,release_quest_id_2,release_boss_id_1,release_boss_id_2,condition_main_quest_id) VALUES(10004107,10004,10004106,0,0,0,10004108,0,0,0,0);
INSERT INTO hatsune_quest_condition(quest_id,event_id,condition_quest_id_1,condition_quest_id_2,condition_boss_id_1,condition_boss_id_2,release_quest_id_1,release_quest_id_2,release_boss_id_1,release_boss_id_2,condition_main_quest_id) VALUES(10004108,10004,10004107,0,0,0,10004109,0,0,0,0);
INSERT INTO hatsune_quest_condition(quest_id,event_id,condition_quest_id_1,condition_quest_id_2,condition_boss_id_1,condition_boss_id_2,release_quest_id_1,release_quest_id_2,release_boss_id_1,release_boss_id_2,condition_main_quest_id) VALUES(10004109,10004,10004108,0,0,0,10004110,0,0,0,0);
INSERT INTO hatsune_quest_condition(quest_id,event_id,condition_quest_id_1,condition_quest_id_2,condition_boss_id_1,condition_boss_id_2,release_quest_id_1,release_quest_id_2,release_boss_id_1,release_boss_id_2,condition_main_quest_id) VALUES(10004110,10004,10004109,0,0,0,10004111,0,0,0,0);
INSERT INTO hatsune_quest_condition(quest_id,event_id,condition_quest_id_1,condition_quest_id_2,condition_boss_id_1,condition_boss_id_2,release_quest_id_1,release_quest_id_2,release_boss_id_1,release_boss_id_2,condition_main_quest_id) VALUES(10004111,10004,10004110,0,0,0,10004112,0,0,0,0);
INSERT INTO hatsune_quest_condition(quest_id,event_id,condition_quest_id_1,condition_quest_id_2,condition_boss_id_1,condition_boss_id_2,release_quest_id_1,release_quest_id_2,release_boss_id_1,release_boss_id_2,condition_main_quest_id) VALUES(10004112,10004,10004111,0,0,0,10004113,0,0,0,0);
INSERT INTO hatsune_quest_condition(quest_id,event_id,condition_quest_id_1,condition_quest_id_2,condition_boss_id_1,condition_boss_id_2,release_quest_id_1,release_quest_id_2,release_boss_id_1,release_boss_id_2,condition_main_quest_id) VALUES(10004113,10004,10004112,0,0,0,10004114,0,0,0,0);
INSERT INTO hatsune_quest_condition(quest_id,event_id,condition_quest_id_1,condition_quest_id_2,condition_boss_id_1,condition_boss_id_2,release_quest_id_1,release_quest_id_2,release_boss_id_1,release_boss_id_2,condition_main_quest_id) VALUES(10004114,10004,10004113,0,0,0,10004115,0,0,0,0);
INSERT INTO hatsune_quest_condition(quest_id,event_id,condition_quest_id_1,condition_quest_id_2,condition_boss_id_1,condition_boss_id_2,release_quest_id_1,release_quest_id_2,release_boss_id_1,release_boss_id_2,condition_main_quest_id) VALUES(10004115,10004,10004114,0,0,0,0,0,1000401,0,0);
INSERT INTO hatsune_quest_condition(quest_id,event_id,condition_quest_id_1,condition_quest_id_2,condition_boss_id_1,condition_boss_id_2,release_quest_id_1,release_quest_id_2,release_boss_id_1,release_boss_id_2,condition_main_quest_id) VALUES(10004201,10004,0,0,1000401,0,10004202,0,0,0,0);
INSERT INTO hatsune_quest_condition(quest_id,event_id,condition_quest_id_1,condition_quest_id_2,condition_boss_id_1,condition_boss_id_2,release_quest_id_1,release_quest_id_2,release_boss_id_1,release_boss_id_2,condition_main_quest_id) VALUES(10004202,10004,10004201,0,0,0,10004203,0,0,0,0);
INSERT INTO hatsune_quest_condition(quest_id,event_id,condition_quest_id_1,condition_quest_id_2,condition_boss_id_1,condition_boss_id_2,release_quest_id_1,release_quest_id_2,release_boss_id_1,release_boss_id_2,condition_main_quest_id) VALUES(10004203,10004,10004202,0,0,0,10004204,0,0,0,0);
INSERT INTO hatsune_quest_condition(quest_id,event_id,condition_quest_id_1,condition_quest_id_2,condition_boss_id_1,condition_boss_id_2,release_quest_id_1,release_quest_id_2,release_boss_id_1,release_boss_id_2,condition_main_quest_id) VALUES(10004204,10004,10004203,0,0,0,10004205,0,0,0,0);
INSERT INTO hatsune_quest_condition(quest_id,event_id,condition_quest_id_1,condition_quest_id_2,condition_boss_id_1,condition_boss_id_2,release_quest_id_1,release_quest_id_2,release_boss_id_1,release_boss_id_2,condition_main_quest_id) VALUES(10004205,10004,10004204,0,0,0,0,0,0,0,0);
INSERT INTO hatsune_schedule(event_id,teaser_time,start_time,end_time,close_time,background,sheet_id,que_id,banner_unit_id,count_start_time,backgroud_size_x,backgroud_size_y,backgroud_pos_x,backgroud_pos_y) VALUES(10004,'2018/06/26 15:00:00','2018/06/30 12:00:00','2018/07/19 14:59:59','2018/07/25 14:59:59',500164,'bgm_M112','bgm_M112',107601,'2018/07/16 15:00:00',1768,1060,60,50);
INSERT INTO hatsune_stationary_mission_data(stationary_mission_id,disp_group,category_icon,description,mission_condition,condition_value_1,condition_value_2,condition_value_3,condition_num,mission_reward_id,system_id,start_time,end_time) VALUES(71004001,102,601,'イベントクエスト1-1 (NORMAL)をクリアしよう',9003,10004101,0,0,1,71004001,6004,'2018/06/30 12:00:00','2018/07/25 14:59:59');
INSERT INTO hatsune_stationary_mission_data(stationary_mission_id,disp_group,category_icon,description,mission_condition,condition_value_1,condition_value_2,condition_value_3,condition_num,mission_reward_id,system_id,start_time,end_time) VALUES(71004002,102,601,'イベントクエスト1-2 (NORMAL)をクリアしよう',9003,10004102,0,0,1,71004002,6004,'2018/06/30 12:00:00','2018/07/25 14:59:59');
INSERT INTO hatsune_stationary_mission_data(stationary_mission_id,disp_group,category_icon,description,mission_condition,condition_value_1,condition_value_2,condition_value_3,condition_num,mission_reward_id,system_id,start_time,end_time) VALUES(71004003,102,601,'イベントクエスト1-3 (NORMAL)をクリアしよう',9003,10004103,0,0,1,71004003,6004,'2018/06/30 12:00:00','2018/07/25 14:59:59');
INSERT INTO hatsune_stationary_mission_data(stationary_mission_id,disp_group,category_icon,description,mission_condition,condition_value_1,condition_value_2,condition_value_3,condition_num,mission_reward_id,system_id,start_time,end_time) VALUES(71004004,102,601,'イベントクエスト1-4 (NORMAL)をクリアしよう',9003,10004104,0,0,1,71004004,6004,'2018/06/30 12:00:00','2018/07/25 14:59:59');
INSERT INTO hatsune_stationary_mission_data(stationary_mission_id,disp_group,category_icon,description,mission_condition,condition_value_1,condition_value_2,condition_value_3,condition_num,mission_reward_id,system_id,start_time,end_time) VALUES(71004005,102,601,'イベントクエスト1-5 (NORMAL)をクリアしよう',9003,10004105,0,0,1,71004005,6004,'2018/06/30 12:00:00','2018/07/25 14:59:59');
INSERT INTO hatsune_stationary_mission_data(stationary_mission_id,disp_group,category_icon,description,mission_condition,condition_value_1,condition_value_2,condition_value_3,condition_num,mission_reward_id,system_id,start_time,end_time) VALUES(71004006,102,601,'イベントクエスト1-6 (NORMAL)をクリアしよう',9003,10004106,0,0,1,71004006,6004,'2018/06/30 12:00:00','2018/07/25 14:59:59');
INSERT INTO hatsune_stationary_mission_data(stationary_mission_id,disp_group,category_icon,description,mission_condition,condition_value_1,condition_value_2,condition_value_3,condition_num,mission_reward_id,system_id,start_time,end_time) VALUES(71004007,102,601,'イベントクエスト1-7 (NORMAL)をクリアしよう',9003,10004107,0,0,1,71004007,6004,'2018/06/30 12:00:00','2018/07/25 14:59:59');
INSERT INTO hatsune_stationary_mission_data(stationary_mission_id,disp_group,category_icon,description,mission_condition,condition_value_1,condition_value_2,condition_value_3,condition_num,mission_reward_id,system_id,start_time,end_time) VALUES(71004008,102,601,'イベントクエスト1-8 (NORMAL)をクリアしよう',9003,10004108,0,0,1,71004008,6004,'2018/06/30 12:00:00','2018/07/25 14:59:59');
INSERT INTO hatsune_stationary_mission_data(stationary_mission_id,disp_group,category_icon,description,mission_condition,condition_value_1,condition_value_2,condition_value_3,condition_num,mission_reward_id,system_id,start_time,end_time) VALUES(71004009,102,601,'イベントクエスト1-9 (NORMAL)をクリアしよう',9003,10004109,0,0,1,71004009,6004,'2018/06/30 12:00:00','2018/07/25 14:59:59');
INSERT INTO hatsune_stationary_mission_data(stationary_mission_id,disp_group,category_icon,description,mission_condition,condition_value_1,condition_value_2,condition_value_3,condition_num,mission_reward_id,system_id,start_time,end_time) VALUES(71004010,102,601,'イベントクエスト1-10 (NORMAL)をクリアしよう',9003,10004110,0,0,1,71004010,6004,'2018/06/30 12:00:00','2018/07/25 14:59:59');
INSERT INTO hatsune_stationary_mission_data(stationary_mission_id,disp_group,category_icon,description,mission_condition,condition_value_1,condition_value_2,condition_value_3,condition_num,mission_reward_id,system_id,start_time,end_time) VALUES(71004011,102,601,'イベントクエスト1-11 (NORMAL)をクリアしよう',9003,10004111,0,0,1,71004011,6004,'2018/06/30 12:00:00','2018/07/25 14:59:59');
INSERT INTO hatsune_stationary_mission_data(stationary_mission_id,disp_group,category_icon,description,mission_condition,condition_value_1,condition_value_2,condition_value_3,condition_num,mission_reward_id,system_id,start_time,end_time) VALUES(71004012,102,601,'イベントクエスト1-12 (NORMAL)をクリアしよう',9003,10004112,0,0,1,71004012,6004,'2018/06/30 12:00:00','2018/07/25 14:59:59');
INSERT INTO hatsune_stationary_mission_data(stationary_mission_id,disp_group,category_icon,description,mission_condition,condition_value_1,condition_value_2,condition_value_3,condition_num,mission_reward_id,system_id,start_time,end_time) VALUES(71004013,102,601,'イベントクエスト1-13 (NORMAL)をクリアしよう',9003,10004113,0,0,1,71004013,6004,'2018/06/30 12:00:00','2018/07/25 14:59:59');
INSERT INTO hatsune_stationary_mission_data(stationary_mission_id,disp_group,category_icon,description,mission_condition,condition_value_1,condition_value_2,condition_value_3,condition_num,mission_reward_id,system_id,start_time,end_time) VALUES(71004014,102,601,'イベントクエスト1-14 (NORMAL)をクリアしよう',9003,10004114,0,0,1,71004014,6004,'2018/06/30 12:00:00','2018/07/25 14:59:59');
INSERT INTO hatsune_stationary_mission_data(stationary_mission_id,disp_group,category_icon,description,mission_condition,condition_value_1,condition_value_2,condition_value_3,condition_num,mission_reward_id,system_id,start_time,end_time) VALUES(71004015,102,601,'イベントクエスト1-15 (NORMAL)をクリアしよう',9003,10004115,0,0,1,71004015,6004,'2018/06/30 12:00:00','2018/07/25 14:59:59');
INSERT INTO hatsune_stationary_mission_data(stationary_mission_id,disp_group,category_icon,description,mission_condition,condition_value_1,condition_value_2,condition_value_3,condition_num,mission_reward_id,system_id,start_time,end_time) VALUES(71004016,103,601,'イベントクエスト1-1 (HARD)をクリアしよう',9003,10004201,0,0,1,71004016,6005,'2018/06/30 12:00:00','2018/07/25 14:59:59');
INSERT INTO hatsune_stationary_mission_data(stationary_mission_id,disp_group,category_icon,description,mission_condition,condition_value_1,condition_value_2,condition_value_3,condition_num,mission_reward_id,system_id,start_time,end_time) VALUES(71004017,103,601,'イベントクエスト1-2 (HARD)をクリアしよう',9003,10004202,0,0,1,71004017,6005,'2018/06/30 12:00:00','2018/07/25 14:59:59');
INSERT INTO hatsune_stationary_mission_data(stationary_mission_id,disp_group,category_icon,description,mission_condition,condition_value_1,condition_value_2,condition_value_3,condition_num,mission_reward_id,system_id,start_time,end_time) VALUES(71004018,103,601,'イベントクエスト1-3 (HARD)をクリアしよう',9003,10004203,0,0,1,71004018,6005,'2018/06/30 12:00:00','2018/07/25 14:59:59');
INSERT INTO hatsune_stationary_mission_data(stationary_mission_id,disp_group,category_icon,description,mission_condition,condition_value_1,condition_value_2,condition_value_3,condition_num,mission_reward_id,system_id,start_time,end_time) VALUES(71004019,103,601,'イベントクエスト1-4 (HARD)をクリアしよう',9003,10004204,0,0,1,71004019,6005,'2018/06/30 12:00:00','2018/07/25 14:59:59');
INSERT INTO hatsune_stationary_mission_data(stationary_mission_id,disp_group,category_icon,description,mission_condition,condition_value_1,condition_value_2,condition_value_3,condition_num,mission_reward_id,system_id,start_time,end_time) VALUES(71004020,103,601,'イベントクエスト1-5 (HARD)をクリアしよう',9003,10004205,0,0,1,71004020,6005,'2018/06/30 12:00:00','2018/07/25 14:59:59');
INSERT INTO hatsune_stationary_mission_data(stationary_mission_id,disp_group,category_icon,description,mission_condition,condition_value_1,condition_value_2,condition_value_3,condition_num,mission_reward_id,system_id,start_time,end_time) VALUES(71004021,104,601,'討伐証交換の報酬ラインナップを1回リセットしよう',9006,0,0,0,1,71004021,6002,'2018/06/30 12:00:00','2018/07/25 14:59:59');
INSERT INTO hatsune_stationary_mission_data(stationary_mission_id,disp_group,category_icon,description,mission_condition,condition_value_1,condition_value_2,condition_value_3,condition_num,mission_reward_id,system_id,start_time,end_time) VALUES(71004022,104,601,'討伐証交換の報酬ラインナップを2回リセットしよう',9006,0,0,0,2,71004022,6002,'2018/06/30 12:00:00','2018/07/25 14:59:59');
INSERT INTO hatsune_stationary_mission_data(stationary_mission_id,disp_group,category_icon,description,mission_condition,condition_value_1,condition_value_2,condition_value_3,condition_num,mission_reward_id,system_id,start_time,end_time) VALUES(71004023,104,601,'討伐証交換の報酬ラインナップを3回リセットしよう',9006,0,0,0,3,71004023,6002,'2018/06/30 12:00:00','2018/07/25 14:59:59');
INSERT INTO hatsune_stationary_mission_data(stationary_mission_id,disp_group,category_icon,description,mission_condition,condition_value_1,condition_value_2,condition_value_3,condition_num,mission_reward_id,system_id,start_time,end_time) VALUES(71004024,104,601,'討伐証交換の報酬ラインナップを4回リセットしよう',9006,0,0,0,4,71004024,6002,'2018/06/30 12:00:00','2018/07/25 14:59:59');
INSERT INTO hatsune_stationary_mission_data(stationary_mission_id,disp_group,category_icon,description,mission_condition,condition_value_1,condition_value_2,condition_value_3,condition_num,mission_reward_id,system_id,start_time,end_time) VALUES(71004025,105,601,'テンタパスを5体倒そう（全難易度共通）',9011,0,0,0,5,71004025,6008,'2018/06/30 12:00:00','2018/07/25 14:59:59');
INSERT INTO hatsune_stationary_mission_data(stationary_mission_id,disp_group,category_icon,description,mission_condition,condition_value_1,condition_value_2,condition_value_3,condition_num,mission_reward_id,system_id,start_time,end_time) VALUES(71004026,105,601,'テンタパスを10体倒そう（全難易度共通）',9011,0,0,0,10,71004026,6008,'2018/06/30 12:00:00','2018/07/25 14:59:59');
INSERT INTO hatsune_stationary_mission_data(stationary_mission_id,disp_group,category_icon,description,mission_condition,condition_value_1,condition_value_2,condition_value_3,condition_num,mission_reward_id,system_id,start_time,end_time) VALUES(71004027,105,601,'テンタパスを15体倒そう（全難易度共通）',9011,0,0,0,15,71004027,6008,'2018/06/30 12:00:00','2018/07/25 14:59:59');
INSERT INTO hatsune_stationary_mission_data(stationary_mission_id,disp_group,category_icon,description,mission_condition,condition_value_1,condition_value_2,condition_value_3,condition_num,mission_reward_id,system_id,start_time,end_time) VALUES(71004028,105,601,'テンタパスを20体倒そう（全難易度共通）',9011,0,0,0,20,71004028,6008,'2018/06/30 12:00:00','2018/07/25 14:59:59');
INSERT INTO hatsune_stationary_mission_data(stationary_mission_id,disp_group,category_icon,description,mission_condition,condition_value_1,condition_value_2,condition_value_3,condition_num,mission_reward_id,system_id,start_time,end_time) VALUES(71004029,105,601,'テンタパスを25体倒そう（全難易度共通）',9011,0,0,0,25,71004029,6008,'2018/06/30 12:00:00','2018/07/25 14:59:59');
INSERT INTO hatsune_stationary_mission_data(stationary_mission_id,disp_group,category_icon,description,mission_condition,condition_value_1,condition_value_2,condition_value_3,condition_num,mission_reward_id,system_id,start_time,end_time) VALUES(71004030,105,601,'テンタパスを30体倒そう（全難易度共通）',9011,0,0,0,30,71004030,6008,'2018/06/30 12:00:00','2018/07/25 14:59:59');
INSERT INTO hatsune_stationary_mission_data(stationary_mission_id,disp_group,category_icon,description,mission_condition,condition_value_1,condition_value_2,condition_value_3,condition_num,mission_reward_id,system_id,start_time,end_time) VALUES(71004031,106,601,'テンタパスを1体倒そう(VERY HARD限定)',9001,610004301,0,0,1,71004031,6010,'2018/06/30 12:00:00','2018/07/25 14:59:59');
INSERT INTO hatsune_unlock_story_condition(story_id,event_id,condition_entry,condition_quest_id,condition_boss_id,condition_mission_id) VALUES(5004000,10004,1,0,0,0);
INSERT INTO hatsune_unlock_story_condition(story_id,event_id,condition_entry,condition_quest_id,condition_boss_id,condition_mission_id) VALUES(5004001,10004,0,10004103,0,0);
INSERT INTO hatsune_unlock_story_condition(story_id,event_id,condition_entry,condition_quest_id,condition_boss_id,condition_mission_id) VALUES(5004002,10004,0,10004105,0,0);
INSERT INTO hatsune_unlock_story_condition(story_id,event_id,condition_entry,condition_quest_id,condition_boss_id,condition_mission_id) VALUES(5004003,10004,0,10004107,0,0);
INSERT INTO hatsune_unlock_story_condition(story_id,event_id,condition_entry,condition_quest_id,condition_boss_id,condition_mission_id) VALUES(5004004,10004,0,10004109,0,0);
INSERT INTO hatsune_unlock_story_condition(story_id,event_id,condition_entry,condition_quest_id,condition_boss_id,condition_mission_id) VALUES(5004005,10004,0,10004112,0,0);
INSERT INTO hatsune_unlock_story_condition(story_id,event_id,condition_entry,condition_quest_id,condition_boss_id,condition_mission_id) VALUES(5004006,10004,0,10004115,0,0);
INSERT INTO hatsune_unlock_story_condition(story_id,event_id,condition_entry,condition_quest_id,condition_boss_id,condition_mission_id) VALUES(5004007,10004,0,0,0,71004025);
INSERT INTO hatsune_unlock_unit_condition(id,unit_id,event_id,condition_mission_id,top_description,description_1,description_2) VALUES(1,107601,10004,71004025,'BOSS討伐で解放！\n残り{0}体','[3C404E]イベントを進めて、BOSSに挑戦、\nBOSS討伐を進めると限定キャラ解放！！[-]','[3C404E]BOSS討伐（全難易度共通）で解放！\n残り[FFBB00,CE4F00]{0}[-]体[-]');
INSERT INTO item_data(item_id,item_name,description,promotion_level,item_type,value,price,limit_num,start_time,end_time) VALUES(31075,'ペコリーヌ（サマー）のメモリーピース','ペコリーヌ（サマー）の記憶の欠片が封印されたアイテム。キャラの解放や才能開花に一定数必要となる。',1,11,31060,0,9999,'2015/12/17 15:00:00','2099/08/01 14:59:59');
INSERT INTO item_data(item_id,item_name,description,promotion_level,item_type,value,price,limit_num,start_time,end_time) VALUES(31076,'コッコロ（サマー）のメモリーピース','コッコロ（サマー）の記憶の欠片が封印されたアイテム。キャラの解放や才能開花に一定数必要となる。',1,11,31063,0,9999,'2015/12/17 15:00:00','2099/08/01 14:59:59');
INSERT INTO item_data(item_id,item_name,description,promotion_level,item_type,value,price,limit_num,start_time,end_time) VALUES(60031,'ボスチケット','イベント期間中に入手できるチケット。消費してボスバトルに挑戦できる。',1,13,0,0,9999,'2015/12/17 15:00:00','2099/04/24 14:59:59');
INSERT INTO item_data(item_id,item_name,description,promotion_level,item_type,value,price,limit_num,start_time,end_time) VALUES(60032,'討伐証','イベント期間中にモンスターを討伐した証。集めて討伐証交換ができる。',1,13,0,0,9999,'2015/12/17 15:00:00','2099/04/24 14:59:59');
INSERT INTO mission_reward_data(id,mission_reward_id,reward_type,reward_id,reward_num) VALUES(67,28002010,8,91002,100);
INSERT INTO mission_reward_data(id,mission_reward_id,reward_type,reward_id,reward_num) VALUES(68,28002010,2,90007,1500);
UPDATE mission_reward_data SET mission_reward_id=26002005, reward_num=50 WHERE id=82;
UPDATE mission_reward_data SET mission_reward_id=26005001 WHERE id=83;
UPDATE mission_reward_data SET mission_reward_id=26005002, reward_num=100 WHERE id=84;
INSERT INTO mission_reward_data(id,mission_reward_id,reward_type,reward_id,reward_num) VALUES(85,21007001,8,91002,50);
DELETE FROM mission_reward_data WHERE id=86;
UPDATE mission_reward_data SET mission_reward_id=28006001, reward_type=8, reward_id=91002, reward_num=100 WHERE id=87;
UPDATE mission_reward_data SET reward_type=5, reward_id=0, reward_num=20 WHERE id=88;
UPDATE mission_reward_data SET mission_reward_id=28005001, reward_type=2, reward_id=20001, reward_num=10 WHERE id=89;
INSERT INTO mission_reward_data(id,mission_reward_id,reward_type,reward_id,reward_num) VALUES(90,15005001,12,94002,1500);
INSERT INTO movie(movie_id,story_group_id,story_id,bgm_id,se_id) VALUES(500400601,5004,5004006,'','');
INSERT INTO odds_name_data(id,odds_file,name,icon_type,description) VALUES(10,'1000420101','コッコロ（サマー）のメモリーピース',99002,'');
INSERT INTO odds_name_data(id,odds_file,name,icon_type,description) VALUES(11,'1000420102','サレンのメモリーピース',99002,'');
INSERT INTO odds_name_data(id,odds_file,name,icon_type,description) VALUES(12,'eq_rank_5-8','RANK5～8の装備アイテム',99002,'キャラのRANK5～8で必要となる装備アイテム');
INSERT INTO quest_reward_data(reward_group_id,reward_type_1,reward_id_1,reward_num_1,reward_type_2,reward_id_2,reward_num_2,reward_type_3,reward_id_3,reward_num_3,reward_type_4,reward_id_4,reward_num_4,reward_type_5,reward_id_5,reward_num_5) VALUES(610004011,8,91002,30,2,60032,10,2,23001,3,0,0,0,0,0,0);
INSERT INTO quest_reward_data(reward_group_id,reward_type_1,reward_id_1,reward_num_1,reward_type_2,reward_id_2,reward_num_2,reward_type_3,reward_id_3,reward_num_3,reward_type_4,reward_id_4,reward_num_4,reward_type_5,reward_id_5,reward_num_5) VALUES(610004021,8,91002,60,2,60032,20,2,23001,6,0,0,0,0,0,0);
INSERT INTO quest_reward_data(reward_group_id,reward_type_1,reward_id_1,reward_num_1,reward_type_2,reward_id_2,reward_num_2,reward_type_3,reward_id_3,reward_num_3,reward_type_4,reward_id_4,reward_num_4,reward_type_5,reward_id_5,reward_num_5) VALUES(610004031,8,91002,100,2,60032,40,2,23001,12,0,0,0,0,0,0);
INSERT INTO quest_reward_data(reward_group_id,reward_type_1,reward_id_1,reward_num_1,reward_type_2,reward_id_2,reward_num_2,reward_type_3,reward_id_3,reward_num_3,reward_type_4,reward_id_4,reward_num_4,reward_type_5,reward_id_5,reward_num_5) VALUES(610004101,2,60032,10,4,113401,1,4,113011,1,0,0,0,0,0,0);
INSERT INTO quest_reward_data(reward_group_id,reward_type_1,reward_id_1,reward_num_1,reward_type_2,reward_id_2,reward_num_2,reward_type_3,reward_id_3,reward_num_3,reward_type_4,reward_id_4,reward_num_4,reward_type_5,reward_id_5,reward_num_5) VALUES(610004102,2,60031,4,4,113222,1,4,113071,1,0,0,0,0,0,0);
INSERT INTO quest_reward_data(reward_group_id,reward_type_1,reward_id_1,reward_num_1,reward_type_2,reward_id_2,reward_num_2,reward_type_3,reward_id_3,reward_num_3,reward_type_4,reward_id_4,reward_num_4,reward_type_5,reward_id_5,reward_num_5) VALUES(610004103,2,60031,4,4,113013,1,4,123251,1,0,0,0,0,0,0);
INSERT INTO quest_reward_data(reward_group_id,reward_type_1,reward_id_1,reward_num_1,reward_type_2,reward_id_2,reward_num_2,reward_type_3,reward_id_3,reward_num_3,reward_type_4,reward_id_4,reward_num_4,reward_type_5,reward_id_5,reward_num_5) VALUES(610004104,2,60031,4,4,123371,1,4,123161,1,0,0,0,0,0,0);
INSERT INTO quest_reward_data(reward_group_id,reward_type_1,reward_id_1,reward_num_1,reward_type_2,reward_id_2,reward_num_2,reward_type_3,reward_id_3,reward_num_3,reward_type_4,reward_id_4,reward_num_4,reward_type_5,reward_id_5,reward_num_5) VALUES(610004105,2,60031,4,4,113131,1,4,113221,1,0,0,0,0,0,0);
INSERT INTO quest_reward_data(reward_group_id,reward_type_1,reward_id_1,reward_num_1,reward_type_2,reward_id_2,reward_num_2,reward_type_3,reward_id_3,reward_num_3,reward_type_4,reward_id_4,reward_num_4,reward_type_5,reward_id_5,reward_num_5) VALUES(610004106,2,60031,4,4,113012,1,4,113191,1,0,0,0,0,0,0);
INSERT INTO quest_reward_data(reward_group_id,reward_type_1,reward_id_1,reward_num_1,reward_type_2,reward_id_2,reward_num_2,reward_type_3,reward_id_3,reward_num_3,reward_type_4,reward_id_4,reward_num_4,reward_type_5,reward_id_5,reward_num_5) VALUES(610004107,2,60031,4,4,113252,1,4,113431,1,0,0,0,0,0,0);
INSERT INTO quest_reward_data(reward_group_id,reward_type_1,reward_id_1,reward_num_1,reward_type_2,reward_id_2,reward_num_2,reward_type_3,reward_id_3,reward_num_3,reward_type_4,reward_id_4,reward_num_4,reward_type_5,reward_id_5,reward_num_5) VALUES(610004108,2,60031,4,4,113401,1,4,113551,1,0,0,0,0,0,0);
INSERT INTO quest_reward_data(reward_group_id,reward_type_1,reward_id_1,reward_num_1,reward_type_2,reward_id_2,reward_num_2,reward_type_3,reward_id_3,reward_num_3,reward_type_4,reward_id_4,reward_num_4,reward_type_5,reward_id_5,reward_num_5) VALUES(610004109,2,60031,4,4,123583,1,4,113611,1,0,0,0,0,0,0);
INSERT INTO quest_reward_data(reward_group_id,reward_type_1,reward_id_1,reward_num_1,reward_type_2,reward_id_2,reward_num_2,reward_type_3,reward_id_3,reward_num_3,reward_type_4,reward_id_4,reward_num_4,reward_type_5,reward_id_5,reward_num_5) VALUES(610004110,2,60031,4,4,123582,1,4,113581,1,0,0,0,0,0,0);
INSERT INTO quest_reward_data(reward_group_id,reward_type_1,reward_id_1,reward_num_1,reward_type_2,reward_id_2,reward_num_2,reward_type_3,reward_id_3,reward_num_3,reward_type_4,reward_id_4,reward_num_4,reward_type_5,reward_id_5,reward_num_5) VALUES(610004111,2,60031,4,4,123583,1,4,113431,1,0,0,0,0,0,0);
INSERT INTO quest_reward_data(reward_group_id,reward_type_1,reward_id_1,reward_num_1,reward_type_2,reward_id_2,reward_num_2,reward_type_3,reward_id_3,reward_num_3,reward_type_4,reward_id_4,reward_num_4,reward_type_5,reward_id_5,reward_num_5) VALUES(610004112,2,60031,4,4,113552,1,4,113551,1,0,0,0,0,0,0);
INSERT INTO quest_reward_data(reward_group_id,reward_type_1,reward_id_1,reward_num_1,reward_type_2,reward_id_2,reward_num_2,reward_type_3,reward_id_3,reward_num_3,reward_type_4,reward_id_4,reward_num_4,reward_type_5,reward_id_5,reward_num_5) VALUES(610004113,2,60031,4,4,123582,1,4,113611,1,0,0,0,0,0,0);
INSERT INTO quest_reward_data(reward_group_id,reward_type_1,reward_id_1,reward_num_1,reward_type_2,reward_id_2,reward_num_2,reward_type_3,reward_id_3,reward_num_3,reward_type_4,reward_id_4,reward_num_4,reward_type_5,reward_id_5,reward_num_5) VALUES(610004114,2,60031,4,4,124251,1,4,113581,1,0,0,0,0,0,0);
INSERT INTO quest_reward_data(reward_group_id,reward_type_1,reward_id_1,reward_num_1,reward_type_2,reward_id_2,reward_num_2,reward_type_3,reward_id_3,reward_num_3,reward_type_4,reward_id_4,reward_num_4,reward_type_5,reward_id_5,reward_num_5) VALUES(610004115,2,60031,4,4,114011,1,4,113372,1,0,0,0,0,0,0);
INSERT INTO quest_reward_data(reward_group_id,reward_type_1,reward_id_1,reward_num_1,reward_type_2,reward_id_2,reward_num_2,reward_type_3,reward_id_3,reward_num_3,reward_type_4,reward_id_4,reward_num_4,reward_type_5,reward_id_5,reward_num_5) VALUES(610004116,2,31076,3,2,60031,8,4,114371,1,4,124131,1,0,0,0);
INSERT INTO quest_reward_data(reward_group_id,reward_type_1,reward_id_1,reward_num_1,reward_type_2,reward_id_2,reward_num_2,reward_type_3,reward_id_3,reward_num_3,reward_type_4,reward_id_4,reward_num_4,reward_type_5,reward_id_5,reward_num_5) VALUES(610004117,2,31028,3,2,60031,8,4,114341,1,4,114191,1,0,0,0);
INSERT INTO quest_reward_data(reward_group_id,reward_type_1,reward_id_1,reward_num_1,reward_type_2,reward_id_2,reward_num_2,reward_type_3,reward_id_3,reward_num_3,reward_type_4,reward_id_4,reward_num_4,reward_type_5,reward_id_5,reward_num_5) VALUES(610004118,2,31076,3,2,60031,8,4,124311,1,4,124071,1,0,0,0);
INSERT INTO quest_reward_data(reward_group_id,reward_type_1,reward_id_1,reward_num_1,reward_type_2,reward_id_2,reward_num_2,reward_type_3,reward_id_3,reward_num_3,reward_type_4,reward_id_4,reward_num_4,reward_type_5,reward_id_5,reward_num_5) VALUES(610004119,2,31028,3,2,60031,8,4,124401,1,4,114461,1,0,0,0);
INSERT INTO quest_reward_data(reward_group_id,reward_type_1,reward_id_1,reward_num_1,reward_type_2,reward_id_2,reward_num_2,reward_type_3,reward_id_3,reward_num_3,reward_type_4,reward_id_4,reward_num_4,reward_type_5,reward_id_5,reward_num_5) VALUES(610004120,2,31076,3,2,60031,8,4,124521,1,4,124491,1,0,0,0);
INSERT INTO quest_reward_data(reward_group_id,reward_type_1,reward_id_1,reward_num_1,reward_type_2,reward_id_2,reward_num_2,reward_type_3,reward_id_3,reward_num_3,reward_type_4,reward_id_4,reward_num_4,reward_type_5,reward_id_5,reward_num_5) VALUES(610004121,8,91002,30,0,0,0,0,0,0,0,0,0,0,0,0);
INSERT INTO quest_reward_data(reward_group_id,reward_type_1,reward_id_1,reward_num_1,reward_type_2,reward_id_2,reward_num_2,reward_type_3,reward_id_3,reward_num_3,reward_type_4,reward_id_4,reward_num_4,reward_type_5,reward_id_5,reward_num_5) VALUES(610004122,8,91002,30,2,31076,2,0,0,0,0,0,0,0,0,0);
INSERT INTO quest_reward_data(reward_group_id,reward_type_1,reward_id_1,reward_num_1,reward_type_2,reward_id_2,reward_num_2,reward_type_3,reward_id_3,reward_num_3,reward_type_4,reward_id_4,reward_num_4,reward_type_5,reward_id_5,reward_num_5) VALUES(610004123,8,91002,30,2,31028,2,0,0,0,0,0,0,0,0,0);
INSERT INTO reward_collect_guide(object_id,quest_id_1,quest_id_2,quest_id_3,quest_id_4,quest_id_5,quest_id_6,quest_id_7,quest_id_8,quest_id_9,quest_id_10,system_id_1,system_id_2,system_id_3,system_id_4,system_id_5) VALUES(31075,0,0,0,0,0,0,0,0,0,0,0,0,0,0,0);
INSERT INTO reward_collect_guide(object_id,quest_id_1,quest_id_2,quest_id_3,quest_id_4,quest_id_5,quest_id_6,quest_id_7,quest_id_8,quest_id_9,quest_id_10,system_id_1,system_id_2,system_id_3,system_id_4,system_id_5) VALUES(31076,0,0,0,0,0,0,0,0,0,0,0,0,0,0,0);
INSERT INTO room_character_personality(character_id,personality_id) VALUES(1075,3);
INSERT INTO room_character_personality(character_id,personality_id) VALUES(1076,1);
INSERT INTO room_unit_comments(rowid,id,unit_id,"trigger",voice_id,beloved_step,time,face_id,description,insert_word_type) VALUES(2200,2333,107501,1,1,1,0,1,'またお魚を\n捕りにいこうかな♪',0);
INSERT INTO room_unit_comments(rowid,id,unit_id,"trigger",voice_id,beloved_step,time,face_id,description,insert_word_type) VALUES(2201,2334,107501,1,2,1,0,1,'そろそろみんなも\nお腹が空くころ\nじゃないですか～？',0);
INSERT INTO room_unit_comments(rowid,id,unit_id,"trigger",voice_id,beloved_step,time,face_id,description,insert_word_type) VALUES(2202,2335,107501,1,3,1,0,1,'ここなら、\n日焼けの心配は\nありませんね！',0);
INSERT INTO room_unit_comments(rowid,id,unit_id,"trigger",voice_id,beloved_step,time,face_id,description,insert_word_type) VALUES(2203,2336,107501,1,4,1,0,1,'お刺身に焼き貝…\nお腹が魚介類を\n求めてますっ！',0);
INSERT INTO room_unit_comments(rowid,id,unit_id,"trigger",voice_id,beloved_step,time,face_id,description,insert_word_type) VALUES(2204,2337,107501,1,5,1,0,1,'泳ぐのも食べるのも\n大得意です！',0);
INSERT INTO room_unit_comments(rowid,id,unit_id,"trigger",voice_id,beloved_step,time,face_id,description,insert_word_type) VALUES(2205,2338,107501,1,101,4,0,1,'あの人と二人で\n浜辺を散歩…\n素敵ですねぇ',0);
INSERT INTO room_unit_comments(rowid,id,unit_id,"trigger",voice_id,beloved_step,time,face_id,description,insert_word_type) VALUES(2206,2339,107501,1,102,8,0,1,'あの人に水着を\n褒めてもらえたら、\nすごく嬉しいなぁ',0);
INSERT INTO room_unit_comments(rowid,id,unit_id,"trigger",voice_id,beloved_step,time,face_id,description,insert_word_type) VALUES(2207,2340,107501,2,1,1,0,1,'たまには釣りじゃなく\n一緒に素潜りでも\n行きませんか？',0);
INSERT INTO room_unit_comments(rowid,id,unit_id,"trigger",voice_id,beloved_step,time,face_id,description,insert_word_type) VALUES(2208,2341,107501,2,2,1,0,1,'男の子に水着を\n見られるのって\n少し緊張しちゃいます',0);
INSERT INTO room_unit_comments(rowid,id,unit_id,"trigger",voice_id,beloved_step,time,face_id,description,insert_word_type) VALUES(2209,2342,107501,2,3,1,0,1,'ギルドハウスの\nみんなとも、\n海に行きたいですね！',0);
INSERT INTO room_unit_comments(rowid,id,unit_id,"trigger",voice_id,beloved_step,time,face_id,description,insert_word_type) VALUES(2210,2343,107501,2,4,1,0,1,'あなたの水着、\n私が選んであげます！',0);
INSERT INTO room_unit_comments(rowid,id,unit_id,"trigger",voice_id,beloved_step,time,face_id,description,insert_word_type) VALUES(2211,2344,107501,2,101,4,0,1,'泳ぎの練習なら\n付き合いますよ！\n手取り足取り♪',0);
INSERT INTO room_unit_comments(rowid,id,unit_id,"trigger",voice_id,beloved_step,time,face_id,description,insert_word_type) VALUES(2212,2345,107501,2,102,8,0,1,'水着姿が好きなら\nいくらでも\n着てあげますよぉ♪',0);
INSERT INTO room_unit_comments(rowid,id,unit_id,"trigger",voice_id,beloved_step,time,face_id,description,insert_word_type) VALUES(2213,2346,107501,2,1,1,1,1,'朝の海も\n幻想的で\nいいですよねぇ～！',0);
INSERT INTO room_unit_comments(rowid,id,unit_id,"trigger",voice_id,beloved_step,time,face_id,description,insert_word_type) VALUES(2214,2347,107501,2,2,1,2,1,'お昼はみんなで、\n海鮮バーベキューとか\nどうでしょう！',0);
INSERT INTO room_unit_comments(rowid,id,unit_id,"trigger",voice_id,beloved_step,time,face_id,description,insert_word_type) VALUES(2215,2348,107501,2,3,1,3,1,'夜の海は星が\n綺麗ですよ！\n見に行きましょう！',0);
INSERT INTO room_unit_comments(rowid,id,unit_id,"trigger",voice_id,beloved_step,time,face_id,description,insert_word_type) VALUES(2216,2350,107501,3,2,1,0,1,'泳ぎ疲れたので\nちょっと休憩です～',0);
INSERT INTO room_unit_comments(rowid,id,unit_id,"trigger",voice_id,beloved_step,time,face_id,description,insert_word_type) VALUES(2217,2351,107501,3,3,1,0,1,'あなたにも、\n可愛い水着を\n着せてあげたいです',0);
INSERT INTO room_unit_comments(rowid,id,unit_id,"trigger",voice_id,beloved_step,time,face_id,description,insert_word_type) VALUES(2218,2352,107501,3,4,1,0,1,'なんだか、\nリゾート気分です…',0);
INSERT INTO room_unit_comments(rowid,id,unit_id,"trigger",voice_id,beloved_step,time,face_id,description,insert_word_type) VALUES(2219,2353,107501,3,5,1,0,1,'ふい～、泳ぎで冷えた\n身体を暖めましょう～',0);
INSERT INTO room_unit_comments(rowid,id,unit_id,"trigger",voice_id,beloved_step,time,face_id,description,insert_word_type) VALUES(2220,2355,107501,3,7,1,0,1,'おいひ～です～\nこれ、海水浴にも\n持っていきたいですね',0);
INSERT INTO room_unit_comments(rowid,id,unit_id,"trigger",voice_id,beloved_step,time,face_id,description,insert_word_type) VALUES(2221,2356,107501,3,8,1,0,1,'南国のフルーツ図鑑\n…じゅるり…',0);
INSERT INTO room_unit_comments(rowid,id,unit_id,"trigger",voice_id,beloved_step,time,face_id,description,insert_word_type) VALUES(2222,2358,107601,1,1,1,0,1,'この格好で\n部屋をうろつくのは\n不思議な感じがします',0);
INSERT INTO room_unit_comments(rowid,id,unit_id,"trigger",voice_id,beloved_step,time,face_id,description,insert_word_type) VALUES(2223,2359,107601,1,2,1,0,1,'南国の果実を使って\n主さまにデザートを\nお作りしましょう',0);
INSERT INTO room_unit_comments(rowid,id,unit_id,"trigger",voice_id,beloved_step,time,face_id,description,insert_word_type) VALUES(2224,2360,107601,1,3,1,0,1,'せっかくの水着ですし\nこれから定期的に\n海水浴に行きたいです',0);
INSERT INTO room_unit_comments(rowid,id,unit_id,"trigger",voice_id,beloved_step,time,face_id,description,insert_word_type) VALUES(2225,2361,107601,1,4,1,0,1,'海の生き物も、\n森の生き物に負けず\n可愛かったです…',0);
INSERT INTO room_unit_comments(rowid,id,unit_id,"trigger",voice_id,beloved_step,time,face_id,description,insert_word_type) VALUES(2226,2362,107601,1,5,1,0,1,'クロールの練習なら、\n部屋でもできそうです',0);
INSERT INTO room_unit_comments(rowid,id,unit_id,"trigger",voice_id,beloved_step,time,face_id,description,insert_word_type) VALUES(2227,2363,107601,1,101,4,0,1,'主さまに、水着姿を\n褒めていただけた…\nえへへ♪',0);
INSERT INTO room_unit_comments(rowid,id,unit_id,"trigger",voice_id,beloved_step,time,face_id,description,insert_word_type) VALUES(2228,2364,107601,1,102,8,0,1,'水着で主さまの\nお世話をしたら、\n喜びますでしょうか…',0);
INSERT INTO room_unit_comments(rowid,id,unit_id,"trigger",voice_id,beloved_step,time,face_id,description,insert_word_type) VALUES(2229,2365,107601,2,1,1,0,1,'お疲れでしたら\nわたくしの膝を\nお使いくださいね',0);
INSERT INTO room_unit_comments(rowid,id,unit_id,"trigger",voice_id,beloved_step,time,face_id,description,insert_word_type) VALUES(2230,2366,107601,2,2,1,0,1,'主さま、海の家で\nつかうおこづかいを\n渡しておきますね',0);
INSERT INTO room_unit_comments(rowid,id,unit_id,"trigger",voice_id,beloved_step,time,face_id,description,insert_word_type) VALUES(2231,2367,107601,2,3,1,0,1,'海の美しさは、\n森とはちがう\n魅力がありました',0);
INSERT INTO room_unit_comments(rowid,id,unit_id,"trigger",voice_id,beloved_step,time,face_id,description,insert_word_type) VALUES(2232,2368,107601,2,4,1,0,1,'この髪飾りですか？\n造花ですから\n水の中も平気です',0);
INSERT INTO room_unit_comments(rowid,id,unit_id,"trigger",voice_id,beloved_step,time,face_id,description,insert_word_type) VALUES(2233,2369,107601,2,101,4,0,1,'水着でくっついて\n眠ると、いつもより\n密着して暖かいです',0);
INSERT INTO room_unit_comments(rowid,id,unit_id,"trigger",voice_id,beloved_step,time,face_id,description,insert_word_type) VALUES(2234,2370,107601,2,102,8,0,1,'はじめての海が、\n主さまと一緒で\n幸せです♪',0);
INSERT INTO room_unit_comments(rowid,id,unit_id,"trigger",voice_id,beloved_step,time,face_id,description,insert_word_type) VALUES(2235,2371,107601,2,1,1,1,1,'おはようございます。\n泳ぎに行く準備は\n万端です',0);
INSERT INTO room_unit_comments(rowid,id,unit_id,"trigger",voice_id,beloved_step,time,face_id,description,insert_word_type) VALUES(2236,2372,107601,2,2,1,2,1,'午後は泳ぐのをやめて\nスイカ割りなど\nいかがでしょう？',0);
INSERT INTO room_unit_comments(rowid,id,unit_id,"trigger",voice_id,beloved_step,time,face_id,description,insert_word_type) VALUES(2237,2373,107601,2,3,1,3,1,'夜も更けてきました…\n波の音を聞きながら\n少しお話しませんか？',0);
INSERT INTO room_unit_comments(rowid,id,unit_id,"trigger",voice_id,beloved_step,time,face_id,description,insert_word_type) VALUES(2238,2375,107601,3,2,1,0,1,'あぅ…この家具には、\n人をダメにする魔法が\nかけられています…',0);
INSERT INTO room_unit_comments(rowid,id,unit_id,"trigger",voice_id,beloved_step,time,face_id,description,insert_word_type) VALUES(2239,2376,107601,3,3,1,0,1,'ふふっ♪\nあなたも、海水浴に\n行きますか？',0);
INSERT INTO room_unit_comments(rowid,id,unit_id,"trigger",voice_id,beloved_step,time,face_id,description,insert_word_type) VALUES(2240,2377,107601,3,4,1,0,1,'この香り…\nきっと主さまも\n気に入ります',0);
INSERT INTO room_unit_comments(rowid,id,unit_id,"trigger",voice_id,beloved_step,time,face_id,description,insert_word_type) VALUES(2241,2378,107601,3,5,1,0,1,'これは暖かいです…\n後ほど主さまと一緒に\nあたりましょう',0);
INSERT INTO room_unit_comments(rowid,id,unit_id,"trigger",voice_id,beloved_step,time,face_id,description,insert_word_type) VALUES(2242,2380,107601,3,7,1,0,1,'泳いだ後の食事は\n一段と美味しく\n感じます',0);
INSERT INTO room_unit_comments(rowid,id,unit_id,"trigger",voice_id,beloved_step,time,face_id,description,insert_word_type) VALUES(2243,2381,107601,3,8,1,0,1,'深海魚の生態…\nこれは主さまにも\nお伝えしなくては…',0);
INSERT INTO skill_action(action_id,class_id,action_type,action_detail_1,action_detail_2,action_detail_3,action_value_1,action_value_2,action_value_3,action_value_4,action_value_5,action_value_6,action_value_7,target_assignment,target_area,target_range,target_type,target_number,target_count,description,level_up_disp) VALUES(100550101,1,90,2,0,0,1.0,15.0,15.0,1.0,0.0,0.0,0.0,0,0,0,0,0,0,'自分の物理攻撃力を{0}アップ','物理攻撃力アップ+{0}');
INSERT INTO skill_action(action_id,class_id,action_type,action_detail_1,action_detail_2,action_detail_3,action_value_1,action_value_2,action_value_3,action_value_4,action_value_5,action_value_6,action_value_7,target_assignment,target_area,target_range,target_type,target_number,target_count,description,level_up_disp) VALUES(100551101,1,90,2,0,0,1.0,240.0,15.0,1.0,0.0,0.0,0.0,0,0,0,0,0,0,'自分の物理攻撃力を{0}アップ','物理攻撃力アップ+{0}');
INSERT INTO skill_action(action_id,class_id,action_type,action_detail_1,action_detail_2,action_detail_3,action_value_1,action_value_2,action_value_3,action_value_4,action_value_5,action_value_6,action_value_7,target_assignment,target_area,target_range,target_type,target_number,target_count,description,level_up_disp) VALUES(107500101,1,1,1,1,0,32.0,32.0,2.55,0.0,0.0,0.0,0.0,1,1,600,3,0,99,'範囲内の敵に{0}の物理ダメージ','物理ダメージ+{0}');
INSERT INTO skill_action(action_id,class_id,action_type,action_detail_1,action_detail_2,action_detail_3,action_value_1,action_value_2,action_value_3,action_value_4,action_value_5,action_value_6,action_value_7,target_assignment,target_area,target_range,target_type,target_number,target_count,description,level_up_disp) VALUES(107500201,1,10,10,3,0,1.0,40.0,40.0,12.0,0.0,0.0,0.0,2,3,0,7,0,1,'自分の物理攻撃力を{0}アップ','物理攻撃力アップ+{0}');
INSERT INTO skill_action(action_id,class_id,action_type,action_detail_1,action_detail_2,action_detail_3,action_value_1,action_value_2,action_value_3,action_value_4,action_value_5,action_value_6,action_value_7,target_assignment,target_area,target_range,target_type,target_number,target_count,description,level_up_disp) VALUES(107500202,1,10,41,0,0,2.0,20.0,0.0,12.0,0.0,0.0,0.0,2,3,0,7,0,1,'自分の魔法防御力を20%ダウン','');
INSERT INTO skill_action(action_id,class_id,action_type,action_detail_1,action_detail_2,action_detail_3,action_value_1,action_value_2,action_value_3,action_value_4,action_value_5,action_value_6,action_value_7,target_assignment,target_area,target_range,target_type,target_number,target_count,description,level_up_disp) VALUES(107500301,1,1,1,0,0,10.0,10.0,0.8,0.0,0.0,0.0,0.0,1,1,325,3,0,99,'範囲内の敵に{0}の物理ダメージ','物理ダメージ+{0}');
INSERT INTO skill_action(action_id,class_id,action_type,action_detail_1,action_detail_2,action_detail_3,action_value_1,action_value_2,action_value_3,action_value_4,action_value_5,action_value_6,action_value_7,target_assignment,target_area,target_range,target_type,target_number,target_count,description,level_up_disp) VALUES(107500302,1,3,3,0,0,200.0,0.0,500.0,0.0,0.0,0.0,0.0,1,1,325,3,0,1,'','');
INSERT INTO skill_action(action_id,class_id,action_type,action_detail_1,action_detail_2,action_detail_3,action_value_1,action_value_2,action_value_3,action_value_4,action_value_5,action_value_6,action_value_7,target_assignment,target_area,target_range,target_type,target_number,target_count,description,level_up_disp) VALUES(107550101,1,90,2,0,0,1.0,15.0,15.0,1.0,0.0,0.0,0.0,0,0,0,0,0,0,'自分の物理攻撃力を{0}アップ','物理攻撃力アップ+{0}');
INSERT INTO skill_action(action_id,class_id,action_type,action_detail_1,action_detail_2,action_detail_3,action_value_1,action_value_2,action_value_3,action_value_4,action_value_5,action_value_6,action_value_7,target_assignment,target_area,target_range,target_type,target_number,target_count,description,level_up_disp) VALUES(107551101,1,90,2,0,0,1.0,240.0,15.0,1.0,0.0,0.0,0.0,0,0,0,0,0,0,'自分の物理攻撃力を{0}アップ','物理攻撃力アップ+{0}');
INSERT INTO skill_action(action_id,class_id,action_type,action_detail_1,action_detail_2,action_detail_3,action_value_1,action_value_2,action_value_3,action_value_4,action_value_5,action_value_6,action_value_7,target_assignment,target_area,target_range,target_type,target_number,target_count,description,level_up_disp) VALUES(107600101,1,4,1,0,0,1.0,22.5,22.5,2.7,0.0,0.0,0.0,2,2,2160,5,0,1,'味方単体のＨＰを{0}回復','ＨＰ回復量+{0}');
INSERT INTO skill_action(action_id,class_id,action_type,action_detail_1,action_detail_2,action_detail_3,action_value_1,action_value_2,action_value_3,action_value_4,action_value_5,action_value_6,action_value_7,target_assignment,target_area,target_range,target_type,target_number,target_count,description,level_up_disp) VALUES(107600201,1,2,1,0,0,50.0,0.0,0.0,0.0,0.0,0.0,0.0,1,1,-1,3,0,1,'','');
INSERT INTO skill_action(action_id,class_id,action_type,action_detail_1,action_detail_2,action_detail_3,action_value_1,action_value_2,action_value_3,action_value_4,action_value_5,action_value_6,action_value_7,target_assignment,target_area,target_range,target_type,target_number,target_count,description,level_up_disp) VALUES(107600202,1,1,1,0,0,10.0,10.0,0.8,0.0,0.0,0.0,0.0,1,1,-1,3,0,1,'敵単体に{0}の物理ダメージ','物理ダメージ+{0}');
INSERT INTO skill_action(action_id,class_id,action_type,action_detail_1,action_detail_2,action_detail_3,action_value_1,action_value_2,action_value_3,action_value_4,action_value_5,action_value_6,action_value_7,target_assignment,target_area,target_range,target_type,target_number,target_count,description,level_up_disp) VALUES(107600203,1,10,21,0,0,1.0,0.6,0.6,12.0,0.0,0.0,0.0,1,1,-1,3,0,1,'敵単体の物理防御力を{0}ダウン','物理防御力ダウン+{0}');
INSERT INTO skill_action(action_id,class_id,action_type,action_detail_1,action_detail_2,action_detail_3,action_value_1,action_value_2,action_value_3,action_value_4,action_value_5,action_value_6,action_value_7,target_assignment,target_area,target_range,target_type,target_number,target_count,description,level_up_disp) VALUES(107600301,1,10,10,0,0,1.0,6.0,6.0,12.0,0.0,0.0,0.0,2,3,2160,3,0,99,'味方全体の物理攻撃力を{0}アップ','物理攻撃力アップ+{0}');
INSERT INTO skill_action(action_id,class_id,action_type,action_detail_1,action_detail_2,action_detail_3,action_value_1,action_value_2,action_value_3,action_value_4,action_value_5,action_value_6,action_value_7,target_assignment,target_area,target_range,target_type,target_number,target_count,description,level_up_disp) VALUES(107650101,1,90,5,0,0,1.0,2.0,2.0,1.0,0.0,0.0,0.0,0,0,0,0,0,0,'自分の魔法防御力を{0}アップ','魔法防御力アップ+{0}');
INSERT INTO skill_action(action_id,class_id,action_type,action_detail_1,action_detail_2,action_detail_3,action_value_1,action_value_2,action_value_3,action_value_4,action_value_5,action_value_6,action_value_7,target_assignment,target_area,target_range,target_type,target_number,target_count,description,level_up_disp) VALUES(107651101,1,90,5,0,0,1.0,32.0,2.0,1.0,0.0,0.0,0.0,0,0,0,0,0,0,'自分の魔法防御力を{0}アップ','魔法防御力アップ+{0}');
UPDATE skill_action SET action_value_1=13.5, action_value_2=13.5, action_value_3=1.08 WHERE action_id=302500101;
INSERT INTO skill_action(action_id,class_id,action_type,action_detail_1,action_detail_2,action_detail_3,action_value_1,action_value_2,action_value_3,action_value_4,action_value_5,action_value_6,action_value_7,target_assignment,target_area,target_range,target_type,target_number,target_count,description,level_up_disp) VALUES(304300101,1,46,1,1,0,20.0,1.0,0.0,0.0,0.0,0.0,0.0,1,3,2160,3,0,99,'','');
INSERT INTO skill_action(action_id,class_id,action_type,action_detail_1,action_detail_2,action_detail_3,action_value_1,action_value_2,action_value_3,action_value_4,action_value_5,action_value_6,action_value_7,target_assignment,target_area,target_range,target_type,target_number,target_count,description,level_up_disp) VALUES(304300201,1,47,2,1500,1800,400.0,80.0,1.2,0.0,1.5,2.0,3000.0,1,1,2160,3,2,3,'','');
INSERT INTO skill_action(action_id,class_id,action_type,action_detail_1,action_detail_2,action_detail_3,action_value_1,action_value_2,action_value_3,action_value_4,action_value_5,action_value_6,action_value_7,target_assignment,target_area,target_range,target_type,target_number,target_count,description,level_up_disp) VALUES(304300202,1,8,3,0,0,0.0,0.0,3.0,0.0,0.0,0.0,0.0,1,3,2160,3,2,3,'','');
INSERT INTO skill_action(action_id,class_id,action_type,action_detail_1,action_detail_2,action_detail_3,action_value_1,action_value_2,action_value_3,action_value_4,action_value_5,action_value_6,action_value_7,target_assignment,target_area,target_range,target_type,target_number,target_count,description,level_up_disp) VALUES(304300203,1,10,11,1,0,5.0,20.0,1.0,5.0,0.0,0.0,1.0,1,3,2160,3,2,3,'','');
INSERT INTO skill_action(action_id,class_id,action_type,action_detail_1,action_detail_2,action_detail_3,action_value_1,action_value_2,action_value_3,action_value_4,action_value_5,action_value_6,action_value_7,target_assignment,target_area,target_range,target_type,target_number,target_count,description,level_up_disp) VALUES(304300204,1,10,31,1,0,5.0,20.0,1.0,5.0,0.0,0.0,1.0,1,3,2160,3,2,3,'','');
INSERT INTO skill_action(action_id,class_id,action_type,action_detail_1,action_detail_2,action_detail_3,action_value_1,action_value_2,action_value_3,action_value_4,action_value_5,action_value_6,action_value_7,target_assignment,target_area,target_range,target_type,target_number,target_count,description,level_up_disp) VALUES(304300301,1,17,7,0,0,100.0,0.0,50.0,0.0,0.0,0.0,0.0,2,1,0,7,0,1,'','');
INSERT INTO skill_action(action_id,class_id,action_type,action_detail_1,action_detail_2,action_detail_3,action_value_1,action_value_2,action_value_3,action_value_4,action_value_5,action_value_6,action_value_7,target_assignment,target_area,target_range,target_type,target_number,target_count,description,level_up_disp) VALUES(304300302,1,1,1,0,0,393900.0,0.0,0.0,0.0,0.0,0.0,0.0,1,1,3000,3,0,1,'','');
INSERT INTO skill_action(action_id,class_id,action_type,action_detail_1,action_detail_2,action_detail_3,action_value_1,action_value_2,action_value_3,action_value_4,action_value_5,action_value_6,action_value_7,target_assignment,target_area,target_range,target_type,target_number,target_count,description,level_up_disp) VALUES(304300401,1,17,3,0,0,100.0,0.0,40.0,0.0,0.0,0.0,0.0,0,0,0,0,0,0,'','');
INSERT INTO skill_action(action_id,class_id,action_type,action_detail_1,action_detail_2,action_detail_3,action_value_1,action_value_2,action_value_3,action_value_4,action_value_5,action_value_6,action_value_7,target_assignment,target_area,target_range,target_type,target_number,target_count,description,level_up_disp) VALUES(304300402,1,8,2,0,0,1.62,0.0,90.0,0.0,0.0,0.0,2.0,2,3,-1,7,0,1,'','');
INSERT INTO skill_action(action_id,class_id,action_type,action_detail_1,action_detail_2,action_detail_3,action_value_1,action_value_2,action_value_3,action_value_4,action_value_5,action_value_6,action_value_7,target_assignment,target_area,target_range,target_type,target_number,target_count,description,level_up_disp) VALUES(304300403,1,10,10,1,0,2.0,30.0,2.0,90.0,0.0,0.0,2.0,2,3,-1,7,0,1,'','');
INSERT INTO skill_action(action_id,class_id,action_type,action_detail_1,action_detail_2,action_detail_3,action_value_1,action_value_2,action_value_3,action_value_4,action_value_5,action_value_6,action_value_7,target_assignment,target_area,target_range,target_type,target_number,target_count,description,level_up_disp) VALUES(304300404,1,22,1,30430202,0,180.0,0.0,0.0,0.0,0.0,0.0,0.0,2,1,0,1,0,1,'','');
INSERT INTO skill_action(action_id,class_id,action_type,action_detail_1,action_detail_2,action_detail_3,action_value_1,action_value_2,action_value_3,action_value_4,action_value_5,action_value_6,action_value_7,target_assignment,target_area,target_range,target_type,target_number,target_count,description,level_up_disp) VALUES(304300501,1,1,1,0,0,600.0,3.5,1.0,0.0,0.0,0.0,0.0,1,1,3000,3,0,2,'','');
INSERT INTO skill_action(action_id,class_id,action_type,action_detail_1,action_detail_2,action_detail_3,action_value_1,action_value_2,action_value_3,action_value_4,action_value_5,action_value_6,action_value_7,target_assignment,target_area,target_range,target_type,target_number,target_count,description,level_up_disp) VALUES(304300601,1,17,7,0,0,100.0,0.0,40.0,0.0,0.0,0.0,0.0,2,1,0,7,0,1,'','');
INSERT INTO skill_action(action_id,class_id,action_type,action_detail_1,action_detail_2,action_detail_3,action_value_1,action_value_2,action_value_3,action_value_4,action_value_5,action_value_6,action_value_7,target_assignment,target_area,target_range,target_type,target_number,target_count,description,level_up_disp) VALUES(304300602,1,1,1,0,0,393900.0,0.0,0.0,0.0,0.0,0.0,0.0,1,1,3000,3,0,1,'','');
INSERT INTO skill_action(action_id,class_id,action_type,action_detail_1,action_detail_2,action_detail_3,action_value_1,action_value_2,action_value_3,action_value_4,action_value_5,action_value_6,action_value_7,target_assignment,target_area,target_range,target_type,target_number,target_count,description,level_up_disp) VALUES(304300701,1,17,7,0,0,100.0,0.0,30.0,0.0,0.0,0.0,0.0,2,1,0,7,0,1,'','');
INSERT INTO skill_action(action_id,class_id,action_type,action_detail_1,action_detail_2,action_detail_3,action_value_1,action_value_2,action_value_3,action_value_4,action_value_5,action_value_6,action_value_7,target_assignment,target_area,target_range,target_type,target_number,target_count,description,level_up_disp) VALUES(304300702,1,1,1,0,0,393900.0,0.0,0.0,0.0,0.0,0.0,0.0,1,1,3000,3,0,1,'','');
INSERT INTO skill_action(action_id,class_id,action_type,action_detail_1,action_detail_2,action_detail_3,action_value_1,action_value_2,action_value_3,action_value_4,action_value_5,action_value_6,action_value_7,target_assignment,target_area,target_range,target_type,target_number,target_count,description,level_up_disp) VALUES(304300801,1,17,7,0,0,100.0,0.0,20.0,0.0,0.0,0.0,0.0,2,1,0,7,0,1,'','');
INSERT INTO skill_action(action_id,class_id,action_type,action_detail_1,action_detail_2,action_detail_3,action_value_1,action_value_2,action_value_3,action_value_4,action_value_5,action_value_6,action_value_7,target_assignment,target_area,target_range,target_type,target_number,target_count,description,level_up_disp) VALUES(304300802,1,1,1,0,0,393900.0,0.0,0.0,0.0,0.0,0.0,0.0,1,1,3000,3,0,1,'','');
INSERT INTO skill_action(action_id,class_id,action_type,action_detail_1,action_detail_2,action_detail_3,action_value_1,action_value_2,action_value_3,action_value_4,action_value_5,action_value_6,action_value_7,target_assignment,target_area,target_range,target_type,target_number,target_count,description,level_up_disp) VALUES(304300901,1,17,7,0,0,100.0,0.0,10.0,0.0,0.0,0.0,0.0,2,1,0,7,0,1,'','');
INSERT INTO skill_action(action_id,class_id,action_type,action_detail_1,action_detail_2,action_detail_3,action_value_1,action_value_2,action_value_3,action_value_4,action_value_5,action_value_6,action_value_7,target_assignment,target_area,target_range,target_type,target_number,target_count,description,level_up_disp) VALUES(304300902,1,1,1,0,0,393900.0,0.0,0.0,0.0,0.0,0.0,0.0,1,1,3000,3,0,1,'','');
INSERT INTO skill_action(action_id,class_id,action_type,action_detail_1,action_detail_2,action_detail_3,action_value_1,action_value_2,action_value_3,action_value_4,action_value_5,action_value_6,action_value_7,target_assignment,target_area,target_range,target_type,target_number,target_count,description,level_up_disp) VALUES(907500401,1,18,3,0,0,0.0,5.0,11.0,0.0,0.0,0.0,0.0,2,1,0,1,0,0,'','');
INSERT INTO skill_action(action_id,class_id,action_type,action_detail_1,action_detail_2,action_detail_3,action_value_1,action_value_2,action_value_3,action_value_4,action_value_5,action_value_6,action_value_7,target_assignment,target_area,target_range,target_type,target_number,target_count,description,level_up_disp) VALUES(907700401,1,18,3,0,0,0.0,0.0,2.8,0.0,0.0,0.0,0.0,2,1,0,1,0,0,'','');
INSERT INTO skill_action(action_id,class_id,action_type,action_detail_1,action_detail_2,action_detail_3,action_value_1,action_value_2,action_value_3,action_value_4,action_value_5,action_value_6,action_value_7,target_assignment,target_area,target_range,target_type,target_number,target_count,description,level_up_disp) VALUES(907800201,1,18,3,0,0,0.0,5.0,11.0,0.0,0.0,0.0,0.0,2,1,0,1,0,0,'','');
INSERT INTO skill_cost(target_level,cost) VALUES(99,57470);
INSERT INTO skill_cost(target_level,cost) VALUES(100,58270);
INSERT INTO skill_data(skill_id,name,skill_type,skill_area_width,skill_cast_time,action_1,action_2,action_3,action_4,action_5,action_6,action_7,depend_action_1,depend_action_2,depend_action_3,depend_action_4,depend_action_5,depend_action_6,depend_action_7,description,icon_type) VALUES(1075001,'プリンセススプラッシュ',1,0,0.0,107500101,0,0,0,0,0,0,0,0,0,0,0,0,0,'範囲内の敵すべてに物理大ダメージを与える。',1001);
INSERT INTO skill_data(skill_id,name,skill_type,skill_area_width,skill_cast_time,action_1,action_2,action_3,action_4,action_5,action_6,action_7,depend_action_1,depend_action_2,depend_action_3,depend_action_4,depend_action_5,depend_action_6,depend_action_7,description,icon_type) VALUES(1075002,'デザートタイム',1,0,0.0649999999999999,107500201,107500202,0,0,0,0,0,0,0,0,0,0,0,0,'自分の物理攻撃力を特大アップさせるが、魔法防御力を中ダウンさせる。',2003);
INSERT INTO skill_data(skill_id,name,skill_type,skill_area_width,skill_cast_time,action_1,action_2,action_3,action_4,action_5,action_6,action_7,depend_action_1,depend_action_2,depend_action_3,depend_action_4,depend_action_5,depend_action_6,depend_action_7,description,icon_type) VALUES(1075003,'パラソルアサルト',1,0,1.125,107500301,107500302,0,0,0,0,0,0,0,0,0,0,0,0,'範囲内の敵すべてに物理小ダメージを与え、さらに目の前の敵１キャラを小さく吹き飛ばす。',2001);
INSERT INTO skill_data(skill_id,name,skill_type,skill_area_width,skill_cast_time,action_1,action_2,action_3,action_4,action_5,action_6,action_7,depend_action_1,depend_action_2,depend_action_3,depend_action_4,depend_action_5,depend_action_6,depend_action_7,description,icon_type) VALUES(1075501,'海の幸パワー',0,0,0.0,107550101,0,0,0,0,0,0,0,0,0,0,0,0,0,'バトル開始時に自分の物理攻撃力を中アップさせる。',3001);
INSERT INTO skill_data(skill_id,name,skill_type,skill_area_width,skill_cast_time,action_1,action_2,action_3,action_4,action_5,action_6,action_7,depend_action_1,depend_action_2,depend_action_3,depend_action_4,depend_action_5,depend_action_6,depend_action_7,description,icon_type) VALUES(1075511,'海の幸パワー+',0,0,0.0,107551101,0,0,0,0,0,0,0,0,0,0,0,0,0,'バトル開始時に自分の物理攻撃力を大アップさせる。',3001);
INSERT INTO skill_data(skill_id,name,skill_type,skill_area_width,skill_cast_time,action_1,action_2,action_3,action_4,action_5,action_6,action_7,depend_action_1,depend_action_2,depend_action_3,depend_action_4,depend_action_5,depend_action_6,depend_action_7,description,icon_type) VALUES(1076001,'オーシャンヒール',1,0,0.0,107600101,0,0,0,0,0,0,0,0,0,0,0,0,0,'最もＨＰが低い味方１キャラのＨＰを特大回復させる。',1005);
INSERT INTO skill_data(skill_id,name,skill_type,skill_area_width,skill_cast_time,action_1,action_2,action_3,action_4,action_5,action_6,action_7,depend_action_1,depend_action_2,depend_action_3,depend_action_4,depend_action_5,depend_action_6,depend_action_7,description,icon_type) VALUES(1076002,'ネレイドスピア',1,0,0.69,107600201,107600202,107600203,0,0,0,0,0,0,107600202,0,0,0,0,'目の前の敵１キャラに物理小ダメージを与え、さらに物理防御力を小ダウンさせる。',2001);
INSERT INTO skill_data(skill_id,name,skill_type,skill_area_width,skill_cast_time,action_1,action_2,action_3,action_4,action_5,action_6,action_7,depend_action_1,depend_action_2,depend_action_3,depend_action_4,depend_action_5,depend_action_6,depend_action_7,description,icon_type) VALUES(1076003,'ネーブルサポート',1,0,0.59,107600301,0,0,0,0,0,0,0,0,0,0,0,0,0,'味方全体の物理攻撃力を小アップさせる。',2003);
INSERT INTO skill_data(skill_id,name,skill_type,skill_area_width,skill_cast_time,action_1,action_2,action_3,action_4,action_5,action_6,action_7,depend_action_1,depend_action_2,depend_action_3,depend_action_4,depend_action_5,depend_action_6,depend_action_7,description,icon_type) VALUES(1076501,'夏の天啓',0,0,0.0,107650101,0,0,0,0,0,0,0,0,0,0,0,0,0,'バトル開始時に自分の魔法防御力を中アップさせる。',3004);
INSERT INTO skill_data(skill_id,name,skill_type,skill_area_width,skill_cast_time,action_1,action_2,action_3,action_4,action_5,action_6,action_7,depend_action_1,depend_action_2,depend_action_3,depend_action_4,depend_action_5,depend_action_6,depend_action_7,description,icon_type) VALUES(1076511,'夏の天啓+',0,0,0.0,107651101,0,0,0,0,0,0,0,0,0,0,0,0,0,'バトル開始時に自分の魔法防御力を大アップさせる。',3004);
INSERT INTO skill_data(skill_id,name,skill_type,skill_area_width,skill_cast_time,action_1,action_2,action_3,action_4,action_5,action_6,action_7,depend_action_1,depend_action_2,depend_action_3,depend_action_4,depend_action_5,depend_action_6,depend_action_7,description,icon_type) VALUES(3043001,'',1,0,0.0,304300101,0,0,0,0,0,0,0,0,0,0,0,0,0,'テンタパスユニオンバースト',1001);
INSERT INTO skill_data(skill_id,name,skill_type,skill_area_width,skill_cast_time,action_1,action_2,action_3,action_4,action_5,action_6,action_7,depend_action_1,depend_action_2,depend_action_3,depend_action_4,depend_action_5,depend_action_6,depend_action_7,description,icon_type) VALUES(3043002,'',2,0,1.5,304300201,304300202,304300203,304300204,0,0,0,0,304300201,304300201,304300201,0,0,0,'テンタパス墨爆弾',1001);
INSERT INTO skill_data(skill_id,name,skill_type,skill_area_width,skill_cast_time,action_1,action_2,action_3,action_4,action_5,action_6,action_7,depend_action_1,depend_action_2,depend_action_3,depend_action_4,depend_action_5,depend_action_6,depend_action_7,description,icon_type) VALUES(3043003,'',1,0,1.5,304300301,304300302,0,0,0,0,0,0,0,0,0,0,0,0,'テンタパスうつぼ１',1001);
INSERT INTO skill_data(skill_id,name,skill_type,skill_area_width,skill_cast_time,action_1,action_2,action_3,action_4,action_5,action_6,action_7,depend_action_1,depend_action_2,depend_action_3,depend_action_4,depend_action_5,depend_action_6,depend_action_7,description,icon_type) VALUES(3043004,'',1,0,0.0,304300401,304300402,304300403,304300404,0,0,0,0,0,0,0,0,0,0,'テンタパス覚醒',1001);
INSERT INTO skill_data(skill_id,name,skill_type,skill_area_width,skill_cast_time,action_1,action_2,action_3,action_4,action_5,action_6,action_7,depend_action_1,depend_action_2,depend_action_3,depend_action_4,depend_action_5,depend_action_6,depend_action_7,description,icon_type) VALUES(3043005,'',1,0,1.5,304300501,0,0,0,0,0,0,0,0,0,0,0,0,0,'テンタパス通常攻撃',1001);
INSERT INTO skill_data(skill_id,name,skill_type,skill_area_width,skill_cast_time,action_1,action_2,action_3,action_4,action_5,action_6,action_7,depend_action_1,depend_action_2,depend_action_3,depend_action_4,depend_action_5,depend_action_6,depend_action_7,description,icon_type) VALUES(3043006,'',1,0,1.5,304300601,304300602,0,0,0,0,0,0,0,0,0,0,0,0,'テンタパスうつぼ２',1001);
INSERT INTO skill_data(skill_id,name,skill_type,skill_area_width,skill_cast_time,action_1,action_2,action_3,action_4,action_5,action_6,action_7,depend_action_1,depend_action_2,depend_action_3,depend_action_4,depend_action_5,depend_action_6,depend_action_7,description,icon_type) VALUES(3043007,'',1,0,1.5,304300701,304300702,0,0,0,0,0,0,0,0,0,0,0,0,'テンタパスうつぼ３',1001);
INSERT INTO skill_data(skill_id,name,skill_type,skill_area_width,skill_cast_time,action_1,action_2,action_3,action_4,action_5,action_6,action_7,depend_action_1,depend_action_2,depend_action_3,depend_action_4,depend_action_5,depend_action_6,depend_action_7,description,icon_type) VALUES(3043008,'',1,0,1.5,304300801,304300802,0,0,0,0,0,0,0,0,0,0,0,0,'テンタパスうつぼ４',1001);
INSERT INTO skill_data(skill_id,name,skill_type,skill_area_width,skill_cast_time,action_1,action_2,action_3,action_4,action_5,action_6,action_7,depend_action_1,depend_action_2,depend_action_3,depend_action_4,depend_action_5,depend_action_6,depend_action_7,description,icon_type) VALUES(3043009,'',1,0,1.5,304300901,304300902,0,0,0,0,0,0,0,0,0,0,0,0,'テンタパスうつぼ５',1001);
INSERT INTO skill_data(skill_id,name,skill_type,skill_area_width,skill_cast_time,action_1,action_2,action_3,action_4,action_5,action_6,action_7,depend_action_1,depend_action_2,depend_action_3,depend_action_4,depend_action_5,depend_action_6,depend_action_7,description,icon_type) VALUES(9075004,'',0,0,0.0,907500401,0,0,0,0,0,0,0,0,0,0,0,0,0,'最も近くの味方１キャラのＴＰを小回復する。',1006);
INSERT INTO skill_data(skill_id,name,skill_type,skill_area_width,skill_cast_time,action_1,action_2,action_3,action_4,action_5,action_6,action_7,depend_action_1,depend_action_2,depend_action_3,depend_action_4,depend_action_5,depend_action_6,depend_action_7,description,icon_type) VALUES(9077004,'',0,0,0.0,907700401,0,0,0,0,0,0,0,0,0,0,0,0,0,'最も近くの味方１キャラのＴＰを小回復する。',1006);
INSERT INTO skill_data(skill_id,name,skill_type,skill_area_width,skill_cast_time,action_1,action_2,action_3,action_4,action_5,action_6,action_7,depend_action_1,depend_action_2,depend_action_3,depend_action_4,depend_action_5,depend_action_6,depend_action_7,description,icon_type) VALUES(9078002,'',0,0,0.0,907800201,0,0,0,0,0,0,0,0,0,0,0,0,0,'最も近くの味方１キャラのＴＰを小回復する。',1006);
INSERT INTO skip_monster_data(quest_id,area_id,quest_name,wave_group_id_1,bg_skip_id) VALUES(10004101,10004101,'イベント01ノーマル 1-1',101020403,100201);
INSERT INTO skip_monster_data(quest_id,area_id,quest_name,wave_group_id_1,bg_skip_id) VALUES(10004102,10004101,'イベント01ノーマル 1-2',101010103,100201);
INSERT INTO skip_monster_data(quest_id,area_id,quest_name,wave_group_id_1,bg_skip_id) VALUES(10004103,10004101,'イベント01ノーマル 1-3',101010203,100201);
INSERT INTO skip_monster_data(quest_id,area_id,quest_name,wave_group_id_1,bg_skip_id) VALUES(10004104,10004101,'イベント01ノーマル 1-4',101010501,100201);
INSERT INTO skip_monster_data(quest_id,area_id,quest_name,wave_group_id_1,bg_skip_id) VALUES(10004105,10004101,'イベント01ノーマル 1-5',101010603,100201);
INSERT INTO skip_monster_data(quest_id,area_id,quest_name,wave_group_id_1,bg_skip_id) VALUES(10004106,10004101,'イベント01ノーマル 1-6',101050802,100051);
INSERT INTO skip_monster_data(quest_id,area_id,quest_name,wave_group_id_1,bg_skip_id) VALUES(10004107,10004101,'イベント01ノーマル 1-7',101051003,100051);
INSERT INTO skip_monster_data(quest_id,area_id,quest_name,wave_group_id_1,bg_skip_id) VALUES(10004108,10004101,'イベント01ノーマル 1-8',102040107,100051);
INSERT INTO skip_monster_data(quest_id,area_id,quest_name,wave_group_id_1,bg_skip_id) VALUES(10004109,10004101,'イベント01ノーマル 1-9',101010102,100581);
INSERT INTO skip_monster_data(quest_id,area_id,quest_name,wave_group_id_1,bg_skip_id) VALUES(10004110,10004101,'イベント01ノーマル 1-10',101020305,100581);
INSERT INTO skip_monster_data(quest_id,area_id,quest_name,wave_group_id_1,bg_skip_id) VALUES(10004111,10004101,'イベント01ノーマル 1-11',101010104,100011);
INSERT INTO skip_monster_data(quest_id,area_id,quest_name,wave_group_id_1,bg_skip_id) VALUES(10004112,10004101,'イベント01ノーマル 1-12',101040807,100031);
INSERT INTO skip_monster_data(quest_id,area_id,quest_name,wave_group_id_1,bg_skip_id) VALUES(10004113,10004101,'イベント01ノーマル 1-13',101080205,100201);
INSERT INTO skip_monster_data(quest_id,area_id,quest_name,wave_group_id_1,bg_skip_id) VALUES(10004114,10004101,'イベント01ノーマル 1-14',101020103,100031);
INSERT INTO skip_monster_data(quest_id,area_id,quest_name,wave_group_id_1,bg_skip_id) VALUES(10004115,10004101,'イベント01ノーマル 1-15',101041102,100201);
INSERT INTO skip_monster_data(quest_id,area_id,quest_name,wave_group_id_1,bg_skip_id) VALUES(10004201,10004201,'イベント01ハード 1-1',101050306,100931);
INSERT INTO skip_monster_data(quest_id,area_id,quest_name,wave_group_id_1,bg_skip_id) VALUES(10004202,10004201,'イベント01ハード 1-2',101070504,100471);
INSERT INTO skip_monster_data(quest_id,area_id,quest_name,wave_group_id_1,bg_skip_id) VALUES(10004203,10004201,'イベント01ハード 1-3',101070902,100361);
INSERT INTO skip_monster_data(quest_id,area_id,quest_name,wave_group_id_1,bg_skip_id) VALUES(10004204,10004201,'イベント01ハード 1-4',101071207,100471);
INSERT INTO skip_monster_data(quest_id,area_id,quest_name,wave_group_id_1,bg_skip_id) VALUES(10004205,10004201,'イベント01ハード 1-5',101080107,100891);
UPDATE sqlite_stat1 SET tbl='event_top_adv', stat='11' WHERE rowid=1;
UPDATE sqlite_stat1 SET stat='4' WHERE rowid=2;
UPDATE sqlite_stat1 SET stat='36' WHERE rowid=3;
UPDATE sqlite_stat1 SET stat='9' WHERE rowid=4;
UPDATE sqlite_stat1 SET stat='4' WHERE rowid=5;
UPDATE sqlite_stat1 SET stat='80' WHERE rowid=10;
UPDATE sqlite_stat1 SET stat='12' WHERE rowid=12;
UPDATE sqlite_stat1 SET stat='416' WHERE rowid=14;
UPDATE sqlite_stat1 SET tbl='hatsune_unlock_unit_condition', stat='1' WHERE rowid=15;
UPDATE sqlite_stat1 SET tbl='still', stat='211' WHERE rowid=16;
UPDATE sqlite_stat1 SET tbl='movie', idx=NULL, stat='47' WHERE rowid=17;
UPDATE sqlite_stat1 SET tbl='room_effect_reward_get', idx='sqlite_autoindex_room_effect_reward_get_1', stat='44 6 1' WHERE rowid=18;
UPDATE sqlite_stat1 SET tbl='event_enemy_reward_group', stat='137' WHERE rowid=19;
UPDATE sqlite_stat1 SET tbl='hatsune_quest_condition', stat='80' WHERE rowid=20;
UPDATE sqlite_stat1 SET tbl='grand_arena_defence_reward', stat='1' WHERE rowid=21;
UPDATE sqlite_stat1 SET tbl='room_emotion_icon', stat='18' WHERE rowid=22;
UPDATE sqlite_stat1 SET tbl='dungeon_quest_data', stat='30' WHERE rowid=23;
UPDATE sqlite_stat1 SET tbl='room_chat_formation', stat='3' WHERE rowid=24;
UPDATE sqlite_stat1 SET tbl='album_voice_list', idx=NULL, stat='3182' WHERE rowid=25;
UPDATE sqlite_stat1 SET idx='room_unit_comments_0_unit_id', stat='2243 24' WHERE rowid=26;
UPDATE sqlite_stat1 SET tbl='room_unit_comments', idx='sqlite_autoindex_room_unit_comments_1', stat='2243 24 8 2 1' WHERE rowid=27;
UPDATE sqlite_stat1 SET tbl='campaign_freegacha' WHERE rowid=28;
UPDATE sqlite_stat1 SET tbl='room_item_announcement', stat='1' WHERE rowid=29;
UPDATE sqlite_stat1 SET tbl='room_setup', stat='147' WHERE rowid=30;
UPDATE sqlite_stat1 SET tbl='hatsune_description', stat='13' WHERE rowid=31;
UPDATE sqlite_stat1 SET tbl='room_item', stat='185' WHERE rowid=32;
UPDATE sqlite_stat1 SET tbl='clan_grade', stat='10' WHERE rowid=33;
UPDATE sqlite_stat1 SET tbl='unit_motion_list', stat='52' WHERE rowid=34;
UPDATE sqlite_stat1 SET tbl='clan_battle_schedule', stat='6' WHERE rowid=35;
UPDATE sqlite_stat1 SET tbl='guild', stat='15' WHERE rowid=36;
UPDATE sqlite_stat1 SET tbl='event_enemy_parameter', stat='3233' WHERE rowid=37;
UPDATE sqlite_stat1 SET tbl='hatsune_stationary_mission_data', stat='121' WHERE rowid=38;
UPDATE sqlite_stat1 SET tbl='shop_static_price_group', stat='5' WHERE rowid=39;
UPDATE sqlite_stat1 SET tbl='clan_battle_map_data', stat='8' WHERE rowid=40;
UPDATE sqlite_stat1 SET tbl='clan_invite_level_group', idx=NULL, stat='19' WHERE rowid=41;
UPDATE sqlite_stat1 SET idx='room_chat_scenario_0_id', stat='262 15' WHERE rowid=42;
UPDATE sqlite_stat1 SET tbl='room_chat_scenario', idx='sqlite_autoindex_room_chat_scenario_1', stat='262 15 1' WHERE rowid=43;
UPDATE sqlite_stat1 SET tbl='unit_background', stat='60' WHERE rowid=44;
UPDATE sqlite_stat1 SET tbl='dungeon_area_data', stat='3' WHERE rowid=45;
UPDATE sqlite_stat1 SET tbl='unit_status_coefficient', stat='1' WHERE rowid=46;
UPDATE sqlite_stat1 SET tbl='event_navi_comment', stat='37' WHERE rowid=47;
UPDATE sqlite_stat1 SET tbl='navi_comment', stat='18' WHERE rowid=48;
UPDATE sqlite_stat1 SET tbl='unlock_unit_condition', stat='52' WHERE rowid=49;
UPDATE sqlite_stat1 SET tbl='event_wave_group_data', stat='3798' WHERE rowid=50;
UPDATE sqlite_stat1 SET tbl='hatsune_unlock_story_condition', stat='32' WHERE rowid=51;
UPDATE sqlite_stat1 SET tbl='room_effect', idx=NULL, stat='8' WHERE rowid=52;
UPDATE sqlite_stat1 SET tbl='unit_promotion_status', idx='sqlite_autoindex_unit_promotion_status_1', stat='440 8 1' WHERE rowid=53;
UPDATE sqlite_stat1 SET tbl='unit_rarity', idx='sqlite_autoindex_unit_rarity_1', stat='335 5 1' WHERE rowid=54;
UPDATE sqlite_stat1 SET tbl='hatsune_mission_reward_data', stat='209' WHERE rowid=55;
UPDATE sqlite_stat1 SET tbl='unit_enemy_data', stat='163' WHERE rowid=56;
UPDATE sqlite_stat1 SET tbl='goldset_data_teamlevel', stat='110' WHERE rowid=57;
UPDATE sqlite_stat1 SET tbl='unit_data', idx=NULL, stat='84' WHERE rowid=58;
UPDATE sqlite_stat1 SET idx='unit_comments_0_unit_id_1_use_type', stat='520 5 5' WHERE rowid=59;
UPDATE sqlite_stat1 SET tbl='unit_comments', idx='unit_comments_0_unit_id', stat='520 5' WHERE rowid=60;
UPDATE sqlite_stat1 SET tbl='hatsune_boss_condition', stat='9' WHERE rowid=61;
UPDATE sqlite_stat1 SET tbl='unit_attack_pattern', stat='292' WHERE rowid=62;
UPDATE sqlite_stat1 SET tbl='event_story_detail', stat='32' WHERE rowid=63;
UPDATE sqlite_stat1 SET tbl='room_character_personality', stat='52' WHERE rowid=64;
UPDATE sqlite_stat1 SET tbl='room_change' WHERE rowid=65;
UPDATE sqlite_stat1 SET tbl='position_setting', stat='1' WHERE rowid=66;
UPDATE sqlite_stat1 SET tbl='chara_story_status', idx=NULL, stat='356' WHERE rowid=67;
UPDATE sqlite_stat1 SET tbl='bg_data', idx='sqlite_autoindex_bg_data_1', stat='67 1' WHERE rowid=68;
UPDATE sqlite_stat1 SET tbl='clan_battle_period_rank_reward', stat='39' WHERE rowid=69;
UPDATE sqlite_stat1 SET tbl='story_data', stat='79' WHERE rowid=70;
UPDATE sqlite_stat1 SET tbl='hatsune_daily_mission_data', stat='8' WHERE rowid=71;
UPDATE sqlite_stat1 SET tbl='hatsune_schedule', stat='4' WHERE rowid=72;
UPDATE sqlite_stat1 SET tbl='content_release_data', stat='21' WHERE rowid=73;
UPDATE sqlite_stat1 SET tbl='room_release_data', idx=NULL, stat='3' WHERE rowid=74;
UPDATE sqlite_stat1 SET tbl='unit_promotion', idx='sqlite_autoindex_unit_promotion_1', stat='648 9 1' WHERE rowid=75;
UPDATE sqlite_stat1 SET tbl='character_love_rankup_text', stat='42' WHERE rowid=76;
UPDATE sqlite_stat1 SET tbl='grand_arena_max_rank_reward', stat='79' WHERE rowid=77;
UPDATE sqlite_stat1 SET tbl='training_quest_data', stat='10' WHERE rowid=78;
UPDATE sqlite_stat1 SET tbl='unit_profile', stat='60' WHERE rowid=79;
UPDATE sqlite_stat1 SET tbl='tips', stat='50' WHERE rowid=80;
UPDATE sqlite_stat1 SET tbl='equipment_enhance_rate', stat='152' WHERE rowid=81;
UPDATE sqlite_stat1 SET tbl='arena_daily_rank_reward', stat='40' WHERE rowid=82;
UPDATE sqlite_stat1 SET tbl='stationary_mission_data', stat='306' WHERE rowid=83;
UPDATE sqlite_stat1 SET tbl='equipment_donation', stat='9' WHERE rowid=84;
UPDATE sqlite_stat1 SET tbl='goldset_data', stat='70' WHERE rowid=85;
UPDATE sqlite_stat1 SET tbl='event_story_data', stat='4' WHERE rowid=86;
UPDATE sqlite_stat1 SET tbl='quest_data', idx=NULL, stat='205' WHERE rowid=87;
UPDATE sqlite_stat1 SET idx='clan_battle_boss_group_0_clan_battle_boss_group_id', stat='40 5' WHERE rowid=88;
UPDATE sqlite_stat1 SET tbl='clan_battle_boss_group', idx='sqlite_autoindex_clan_battle_boss_group_1', stat='40 5 1' WHERE rowid=89;
UPDATE sqlite_stat1 SET tbl='arena_max_rank_reward', stat='79' WHERE rowid=90;
UPDATE sqlite_stat1 SET tbl='story_quest_data', stat='11' WHERE rowid=91;
UPDATE sqlite_stat1 SET tbl='enemy_reward_data', idx=NULL, stat='723' WHERE rowid=92;
UPDATE sqlite_stat1 SET idx='clan_battle_odds_data_0_odds_group_id', stat='12 3' WHERE rowid=93;
UPDATE sqlite_stat1 SET tbl='clan_battle_odds_data', idx='sqlite_autoindex_clan_battle_odds_data_1', stat='12 3 1 1' WHERE rowid=94;
UPDATE sqlite_stat1 SET idx='clan_battle_period_0_clan_battle_id', stat='4 1' WHERE rowid=95;
UPDATE sqlite_stat1 SET tbl='clan_battle_period', idx='sqlite_autoindex_clan_battle_period_1', stat='4 1 1' WHERE rowid=96;
UPDATE sqlite_stat1 SET tbl='quest_defeat_notice' WHERE rowid=97;
UPDATE sqlite_stat1 SET tbl='hatsune_boss', stat='9' WHERE rowid=98;
UPDATE sqlite_stat1 SET tbl='gift_message', stat='45' WHERE rowid=99;
UPDATE sqlite_stat1 SET tbl='enemy_parameter', stat='1630' WHERE rowid=100;
UPDATE sqlite_stat1 SET tbl='experience_team', idx=NULL, stat='101' WHERE rowid=101;
UPDATE sqlite_stat1 SET tbl='equipment_enhance_data', idx='sqlite_autoindex_equipment_enhance_data_1', stat='14 4 1' WHERE rowid=102;
UPDATE sqlite_stat1 SET tbl='hatsune_item', stat='4' WHERE rowid=103;
UPDATE sqlite_stat1 SET tbl='banner', stat='16' WHERE rowid=104;
UPDATE sqlite_stat1 SET tbl='worldmap', stat='3' WHERE rowid=105;
UPDATE sqlite_stat1 SET tbl='gacha_data', idx=NULL, stat='29' WHERE rowid=106;
UPDATE sqlite_stat1 SET tbl='room_item_detail', idx='sqlite_autoindex_room_item_detail_1', stat='221 2 1' WHERE rowid=107;
UPDATE sqlite_stat1 SET tbl='event_introduction' WHERE rowid=108;
UPDATE sqlite_stat1 SET tbl='unlock_skill_data', stat='4' WHERE rowid=109;
UPDATE sqlite_stat1 SET tbl='ailment_data', stat='18' WHERE rowid=110;
UPDATE sqlite_stat1 SET tbl='quest_area_data', stat='26' WHERE rowid=111;
UPDATE sqlite_stat1 SET tbl='event_bg_data', stat='1' WHERE rowid=112;
UPDATE sqlite_stat1 SET tbl='equipment_craft', stat='114' WHERE rowid=113;
UPDATE sqlite_stat1 SET tbl='mission_reward_data', stat='81' WHERE rowid=114;
UPDATE sqlite_stat1 SET tbl='quest_reward_data', stat='328' WHERE rowid=115;
UPDATE sqlite_stat1 SET tbl='room_chat_info', stat='17' WHERE rowid=116;
UPDATE sqlite_stat1 SET tbl='unit_skill_data', stat='230' WHERE rowid=117;
UPDATE sqlite_stat1 SET tbl='skip_monster_data', stat='295' WHERE rowid=118;
UPDATE sqlite_stat1 SET tbl='experience_unit', stat='101' WHERE rowid=119;
UPDATE sqlite_stat1 SET tbl='reward_collect_guide', stat='325' WHERE rowid=120;
UPDATE sqlite_stat1 SET tbl='arena_defence_reward', stat='1' WHERE rowid=121;
UPDATE sqlite_stat1 SET tbl='love_chara', stat='12' WHERE rowid=122;
UPDATE sqlite_stat1 SET tbl='actual_unit_background', stat='52' WHERE rowid=123;
UPDATE sqlite_stat1 SET tbl='login_bonus_data', stat='3' WHERE rowid=124;
UPDATE sqlite_stat1 SET tbl='story_character_mask', stat='232' WHERE rowid=125;
UPDATE sqlite_stat1 SET tbl='item_data', stat='81' WHERE rowid=126;
UPDATE sqlite_stat1 SET tbl='skill_data', stat='539' WHERE rowid=127;
UPDATE sqlite_stat1 SET tbl='skill_action', stat='790' WHERE rowid=128;
UPDATE sqlite_stat1 SET tbl='daily_mission_data', stat='15' WHERE rowid=129;
UPDATE sqlite_stat1 SET tbl='cooperation_quest_data' WHERE rowid=130;
UPDATE sqlite_stat1 SET tbl='hatsune_quest_area', idx=NULL, stat='8' WHERE rowid=131;
UPDATE sqlite_stat1 SET tbl='login_bonus_detail', idx='login_bonus_detail_0_login_bonus_id_1_count', stat='26 9 1' WHERE rowid=132;
UPDATE sqlite_stat1 SET tbl='unit_introduction', stat='10' WHERE rowid=133;
UPDATE sqlite_stat1 SET tbl='equipment_data', stat='265' WHERE rowid=134;
UPDATE sqlite_stat1 SET tbl='quest_condition_data', idx=NULL, stat='205' WHERE rowid=135;
UPDATE sqlite_stat1 SET idx='clan_battle_boss_damage_rank_0_damage_rank_id', stat='160 4' WHERE rowid=136;
UPDATE sqlite_stat1 SET tbl='clan_battle_boss_damage_rank', idx='sqlite_autoindex_clan_battle_boss_damage_rank_1', stat='160 4 1 1' WHERE rowid=137;
UPDATE sqlite_stat1 SET tbl='clan_battle_boss_data', stat='20' WHERE rowid=138;
UPDATE sqlite_stat1 SET tbl='chara_identity', stat='52' WHERE rowid=139;
UPDATE sqlite_stat1 SET tbl='wave_group_data', stat='741' WHERE rowid=140;
UPDATE sqlite_stat1 SET tbl='season_pack', stat='1' WHERE rowid=141;
UPDATE sqlite_stat1 SET tbl='skill_cost', stat='100' WHERE rowid=142;
UPDATE sqlite_stat1 SET tbl='unit_mypage_pos', stat='36' WHERE rowid=143;
UPDATE sqlite_stat1 SET tbl='resist_data', stat='17' WHERE rowid=144;
INSERT INTO sqlite_stat1(rowid,tbl,idx,stat) VALUES(145,'story_detail',NULL,'512');
INSERT INTO stationary_mission_data(stationary_mission_id,disp_group,category_icon,description,mission_condition,condition_value_1,condition_value_2,condition_value_3,condition_num,mission_reward_id,system_id,start_time,end_time) VALUES(21003028,40,102,'クリアランクの☆を840個集めよう',1002,0,0,0,840,21003001,101,'2015/04/01 15:00:00','2030/04/01 14:59:59');
INSERT INTO stationary_mission_data(stationary_mission_id,disp_group,category_icon,description,mission_condition,condition_value_1,condition_value_2,condition_value_3,condition_num,mission_reward_id,system_id,start_time,end_time) VALUES(21003029,40,102,'クリアランクの☆を870個集めよう',1002,0,0,0,870,21003001,101,'2015/04/01 15:00:00','2030/04/01 14:59:59');
INSERT INTO stationary_mission_data(stationary_mission_id,disp_group,category_icon,description,mission_condition,condition_value_1,condition_value_2,condition_value_3,condition_num,mission_reward_id,system_id,start_time,end_time) VALUES(26002005,120,301,'50キャラ獲得しよう',6002,0,0,0,50,26002005,302,'2015/04/01 15:00:00','2030/04/01 14:59:59');
UPDATE stationary_mission_data SET start_time='2015/04/01 15:00:00' WHERE stationary_mission_id=28002009;
INSERT INTO stationary_mission_data(stationary_mission_id,disp_group,category_icon,description,mission_condition,condition_value_1,condition_value_2,condition_value_3,condition_num,mission_reward_id,system_id,start_time,end_time) VALUES(28002010,50,101,'プレイヤーLvを100にしよう',8002,0,0,0,100,28002010,0,'2015/04/01 15:00:00','2030/04/01 14:59:59');
INSERT INTO still(still_id,story_group_id,story_id,still_group_id,vertical_still_flg,position_y,unit_id_1,unit_id_2,unit_id_3,unit_id_4,unit_id_5,unit_id_6,unit_id_7,unit_id_8,unit_id_9,unit_id_10,facial_id) VALUES(107500301,1075,1075003,1075003,0,0,107511,0,0,0,0,0,0,0,0,0,1);
INSERT INTO still(still_id,story_group_id,story_id,still_group_id,vertical_still_flg,position_y,unit_id_1,unit_id_2,unit_id_3,unit_id_4,unit_id_5,unit_id_6,unit_id_7,unit_id_8,unit_id_9,unit_id_10,facial_id) VALUES(107500302,1075,1075003,1075003,0,0,107511,0,0,0,0,0,0,0,0,0,1);
INSERT INTO still(still_id,story_group_id,story_id,still_group_id,vertical_still_flg,position_y,unit_id_1,unit_id_2,unit_id_3,unit_id_4,unit_id_5,unit_id_6,unit_id_7,unit_id_8,unit_id_9,unit_id_10,facial_id) VALUES(107500401,1075,1075004,1075004,0,0,105831,0,0,0,0,0,0,0,0,0,1);
INSERT INTO still(still_id,story_group_id,story_id,still_group_id,vertical_still_flg,position_y,unit_id_1,unit_id_2,unit_id_3,unit_id_4,unit_id_5,unit_id_6,unit_id_7,unit_id_8,unit_id_9,unit_id_10,facial_id) VALUES(107500402,1075,1075004,1075004,0,0,105831,0,0,0,0,0,0,0,0,0,1);
INSERT INTO still(still_id,story_group_id,story_id,still_group_id,vertical_still_flg,position_y,unit_id_1,unit_id_2,unit_id_3,unit_id_4,unit_id_5,unit_id_6,unit_id_7,unit_id_8,unit_id_9,unit_id_10,facial_id) VALUES(107500403,1075,1075004,1075004,0,0,105831,0,0,0,0,0,0,0,0,0,1);
INSERT INTO still(still_id,story_group_id,story_id,still_group_id,vertical_still_flg,position_y,unit_id_1,unit_id_2,unit_id_3,unit_id_4,unit_id_5,unit_id_6,unit_id_7,unit_id_8,unit_id_9,unit_id_10,facial_id) VALUES(107500404,1075,1075004,1075004,0,0,105831,0,0,0,0,0,0,0,0,0,1);
INSERT INTO still(still_id,story_group_id,story_id,still_group_id,vertical_still_flg,position_y,unit_id_1,unit_id_2,unit_id_3,unit_id_4,unit_id_5,unit_id_6,unit_id_7,unit_id_8,unit_id_9,unit_id_10,facial_id) VALUES(107600301,1076,1076003,0,0,0,107611,0,0,0,0,0,0,0,0,0,1);
INSERT INTO still(still_id,story_group_id,story_id,still_group_id,vertical_still_flg,position_y,unit_id_1,unit_id_2,unit_id_3,unit_id_4,unit_id_5,unit_id_6,unit_id_7,unit_id_8,unit_id_9,unit_id_10,facial_id) VALUES(107600401,1076,1076004,0,0,0,107631,0,0,0,0,0,0,0,0,0,1);
UPDATE still SET still_group_id=2006012 WHERE still_id=200601203;
UPDATE still SET still_group_id=2006012 WHERE still_id=200601204;
INSERT INTO still(still_id,story_group_id,story_id,still_group_id,vertical_still_flg,position_y,unit_id_1,unit_id_2,unit_id_3,unit_id_4,unit_id_5,unit_id_6,unit_id_7,unit_id_8,unit_id_9,unit_id_10,facial_id) VALUES(500400101,5004,5004001,0,0,0,107611,0,0,0,0,0,0,0,0,0,1);
INSERT INTO still(still_id,story_group_id,story_id,still_group_id,vertical_still_flg,position_y,unit_id_1,unit_id_2,unit_id_3,unit_id_4,unit_id_5,unit_id_6,unit_id_7,unit_id_8,unit_id_9,unit_id_10,facial_id) VALUES(500400601,5004,5004006,0,0,0,107811,0,0,0,0,0,0,0,0,0,1);
INSERT INTO still(still_id,story_group_id,story_id,still_group_id,vertical_still_flg,position_y,unit_id_1,unit_id_2,unit_id_3,unit_id_4,unit_id_5,unit_id_6,unit_id_7,unit_id_8,unit_id_9,unit_id_10,facial_id) VALUES(500400602,5004,5004006,0,0,0,107811,0,0,0,0,0,0,0,0,0,1);
INSERT INTO still(still_id,story_group_id,story_id,still_group_id,vertical_still_flg,position_y,unit_id_1,unit_id_2,unit_id_3,unit_id_4,unit_id_5,unit_id_6,unit_id_7,unit_id_8,unit_id_9,unit_id_10,facial_id) VALUES(500400603,5004,5004006,0,0,0,107511,0,0,0,0,0,0,0,0,0,1);
INSERT INTO still(still_id,story_group_id,story_id,still_group_id,vertical_still_flg,position_y,unit_id_1,unit_id_2,unit_id_3,unit_id_4,unit_id_5,unit_id_6,unit_id_7,unit_id_8,unit_id_9,unit_id_10,facial_id) VALUES(500400604,5004,5004006,0,0,0,107511,0,0,0,0,0,0,0,0,0,1);
INSERT INTO still(still_id,story_group_id,story_id,still_group_id,vertical_still_flg,position_y,unit_id_1,unit_id_2,unit_id_3,unit_id_4,unit_id_5,unit_id_6,unit_id_7,unit_id_8,unit_id_9,unit_id_10,facial_id) VALUES(500400701,5004,5004007,0,0,0,102111,102311,102811,107711,0,0,0,0,0,0,1);
INSERT INTO still(still_id,story_group_id,story_id,still_group_id,vertical_still_flg,position_y,unit_id_1,unit_id_2,unit_id_3,unit_id_4,unit_id_5,unit_id_6,unit_id_7,unit_id_8,unit_id_9,unit_id_10,facial_id) VALUES(500400702,5004,5004007,0,0,0,102111,102311,102811,107711,107511,107611,107811,0,0,0,1);
INSERT INTO still(still_id,story_group_id,story_id,still_group_id,vertical_still_flg,position_y,unit_id_1,unit_id_2,unit_id_3,unit_id_4,unit_id_5,unit_id_6,unit_id_7,unit_id_8,unit_id_9,unit_id_10,facial_id) VALUES(500400703,5004,5004007,0,0,0,107511,107611,107811,0,0,0,0,0,0,0,1);
INSERT INTO still(still_id,story_group_id,story_id,still_group_id,vertical_still_flg,position_y,unit_id_1,unit_id_2,unit_id_3,unit_id_4,unit_id_5,unit_id_6,unit_id_7,unit_id_8,unit_id_9,unit_id_10,facial_id) VALUES(500400704,5004,5004007,0,0,0,107611,107811,0,0,0,0,0,0,0,0,1);
INSERT INTO story_character_mask(chara_id,"offset",size,softness) VALUES(107511,-40.0,550.0,60.0);
INSERT INTO story_character_mask(chara_id,"offset",size,softness) VALUES(107611,-60.0,350.0,20.0);
INSERT INTO story_character_mask(chara_id,"offset",size,softness) VALUES(107631,-17.0,700.0,50.0);
INSERT INTO story_character_mask(chara_id,"offset",size,softness) VALUES(107711,60.0,610.0,70.0);
INSERT INTO story_character_mask(chara_id,"offset",size,softness) VALUES(107712,60.0,610.0,70.0);
INSERT INTO story_character_mask(chara_id,"offset",size,softness) VALUES(107811,0.0,700.0,50.0);
INSERT INTO story_data(story_group_id,story_type,value,title,thumbnail_id,disp_order,start_time,end_time) VALUES(1075,1,1075,'ペコリーヌ（サマー）',0,61,'2015/04/01 15:00:00','2099/12/17 14:59:59');
INSERT INTO story_data(story_group_id,story_type,value,title,thumbnail_id,disp_order,start_time,end_time) VALUES(1076,1,1076,'コッコロ（サマー）',0,62,'2015/04/01 15:00:00','2099/12/17 14:59:59');
INSERT INTO story_detail(story_id,story_group_id,title,sub_title,visible_type,story_end,pre_story_id,love_level,requirement_id,unlock_quest_id,story_quest_id,reward_type_1,reward_id_1,reward_value_1,reward_type_2,reward_id_2,reward_value_2,reward_type_3,reward_id_3,reward_value_3,start_time,end_time) VALUES(1075001,1075,'ペコリーヌ（サマー） 第1話','南国ツアーに思いをはせて',0,0,0,0,107501,0,0,8,91002,20,0,0,0,0,0,0,'2015/04/01 15:00:00','2099/12/17 14:59:59');
INSERT INTO story_detail(story_id,story_group_id,title,sub_title,visible_type,story_end,pre_story_id,love_level,requirement_id,unlock_quest_id,story_quest_id,reward_type_1,reward_id_1,reward_value_1,reward_type_2,reward_id_2,reward_value_2,reward_type_3,reward_id_3,reward_value_3,start_time,end_time) VALUES(1075002,1075,'ペコリーヌ（サマー） 第2話','初めてのバカンス',0,0,1075001,4,107501,0,0,8,91002,20,0,0,0,0,0,0,'2015/04/01 15:00:00','2099/12/17 14:59:59');
INSERT INTO story_detail(story_id,story_group_id,title,sub_title,visible_type,story_end,pre_story_id,love_level,requirement_id,unlock_quest_id,story_quest_id,reward_type_1,reward_id_1,reward_value_1,reward_type_2,reward_id_2,reward_value_2,reward_type_3,reward_id_3,reward_value_3,start_time,end_time) VALUES(1075003,1075,'ペコリーヌ（サマー） 第3話','浜辺でシエスタ',0,0,1075002,5,107501,0,0,8,91002,20,0,0,0,0,0,0,'2015/04/01 15:00:00','2099/12/17 14:59:59');
INSERT INTO story_detail(story_id,story_group_id,title,sub_title,visible_type,story_end,pre_story_id,love_level,requirement_id,unlock_quest_id,story_quest_id,reward_type_1,reward_id_1,reward_value_1,reward_type_2,reward_id_2,reward_value_2,reward_type_3,reward_id_3,reward_value_3,start_time,end_time) VALUES(1075004,1075,'ペコリーヌ（サマー） 第4話','ウォータープリンセス',0,0,1075003,8,107501,0,0,8,91002,50,0,0,0,0,0,0,'2015/04/01 15:00:00','2099/12/17 14:59:59');
INSERT INTO story_detail(story_id,story_group_id,title,sub_title,visible_type,story_end,pre_story_id,love_level,requirement_id,unlock_quest_id,story_quest_id,reward_type_1,reward_id_1,reward_value_1,reward_type_2,reward_id_2,reward_value_2,reward_type_3,reward_id_3,reward_value_3,start_time,end_time) VALUES(1076001,1076,'コッコロ（サマー） 第1話','似合っているでしょうか？',0,0,0,0,107601,0,0,8,91002,20,0,0,0,0,0,0,'2015/04/01 15:00:00','2099/12/17 14:59:59');
INSERT INTO story_detail(story_id,story_group_id,title,sub_title,visible_type,story_end,pre_story_id,love_level,requirement_id,unlock_quest_id,story_quest_id,reward_type_1,reward_id_1,reward_value_1,reward_type_2,reward_id_2,reward_value_2,reward_type_3,reward_id_3,reward_value_3,start_time,end_time) VALUES(1076002,1076,'コッコロ（サマー） 第2話','お手をどうぞ',0,0,1076001,4,107601,0,0,8,91002,20,0,0,0,0,0,0,'2015/04/01 15:00:00','2099/12/17 14:59:59');
INSERT INTO story_detail(story_id,story_group_id,title,sub_title,visible_type,story_end,pre_story_id,love_level,requirement_id,unlock_quest_id,story_quest_id,reward_type_1,reward_id_1,reward_value_1,reward_type_2,reward_id_2,reward_value_2,reward_type_3,reward_id_3,reward_value_3,start_time,end_time) VALUES(1076003,1076,'コッコロ（サマー） 第3話','果報者です',0,0,1076002,5,107601,0,0,8,91002,20,0,0,0,0,0,0,'2015/04/01 15:00:00','2099/12/17 14:59:59');
INSERT INTO story_detail(story_id,story_group_id,title,sub_title,visible_type,story_end,pre_story_id,love_level,requirement_id,unlock_quest_id,story_quest_id,reward_type_1,reward_id_1,reward_value_1,reward_type_2,reward_id_2,reward_value_2,reward_type_3,reward_id_3,reward_value_3,start_time,end_time) VALUES(1076004,1076,'コッコロ（サマー） 第4話','遠い未来でも、来世でも',0,0,1076003,8,107601,0,0,8,91002,50,0,0,0,0,0,0,'2015/04/01 15:00:00','2099/12/17 14:59:59');
INSERT INTO story_quest_data(story_quest_id,story_id,quest_name,limit_time,background_1,wave_group_id_1,wave_bgm_sheet_id_1,wave_bgm_que_id_1,background_2,wave_group_id_2,wave_bgm_sheet_id_2,wave_bgm_que_id_2,background_3,wave_group_id_3,wave_bgm_sheet_id_3,wave_bgm_que_id_3,guest_unit_1,guest_unit_2,guest_unit_3,guest_unit_4,guest_unit_5) VALUES(55004005,5004005,'水着バトル',90,100931,550040051,'bgm_M116','bgm_M116',0,0,'0','0',0,0,'0','0',901000601,901000801,901000802,901000803,0);
INSERT INTO unit_attack_pattern(pattern_id,unit_id,loop_start,loop_end,atk_pattern_1,atk_pattern_2,atk_pattern_3,atk_pattern_4,atk_pattern_5,atk_pattern_6,atk_pattern_7,atk_pattern_8,atk_pattern_9,atk_pattern_10,atk_pattern_11,atk_pattern_12,atk_pattern_13,atk_pattern_14,atk_pattern_15,atk_pattern_16,atk_pattern_17,atk_pattern_18,atk_pattern_19,atk_pattern_20) VALUES(10750101,107501,3,13,1001,1002,1,1001,1,1,1001,1002,1,1,1001,1,1002,0,0,0,0,0,0,0);
INSERT INTO unit_attack_pattern(pattern_id,unit_id,loop_start,loop_end,atk_pattern_1,atk_pattern_2,atk_pattern_3,atk_pattern_4,atk_pattern_5,atk_pattern_6,atk_pattern_7,atk_pattern_8,atk_pattern_9,atk_pattern_10,atk_pattern_11,atk_pattern_12,atk_pattern_13,atk_pattern_14,atk_pattern_15,atk_pattern_16,atk_pattern_17,atk_pattern_18,atk_pattern_19,atk_pattern_20) VALUES(10760101,107601,4,11,1001,1002,1,1002,1,1002,1001,1,1002,1,1002,0,0,0,0,0,0,0,0,0);
INSERT INTO unit_attack_pattern(pattern_id,unit_id,loop_start,loop_end,atk_pattern_1,atk_pattern_2,atk_pattern_3,atk_pattern_4,atk_pattern_5,atk_pattern_6,atk_pattern_7,atk_pattern_8,atk_pattern_9,atk_pattern_10,atk_pattern_11,atk_pattern_12,atk_pattern_13,atk_pattern_14,atk_pattern_15,atk_pattern_16,atk_pattern_17,atk_pattern_18,atk_pattern_19,atk_pattern_20) VALUES(30430001,304300,1,7,1004,1004,1001,1004,1004,1001,1004,0,0,0,0,0,0,0,0,0,0,0,0,0);
INSERT INTO unit_attack_pattern(pattern_id,unit_id,loop_start,loop_end,atk_pattern_1,atk_pattern_2,atk_pattern_3,atk_pattern_4,atk_pattern_5,atk_pattern_6,atk_pattern_7,atk_pattern_8,atk_pattern_9,atk_pattern_10,atk_pattern_11,atk_pattern_12,atk_pattern_13,atk_pattern_14,atk_pattern_15,atk_pattern_16,atk_pattern_17,atk_pattern_18,atk_pattern_19,atk_pattern_20) VALUES(30430101,304301,1,7,1004,1004,1001,1004,1004,1001,1004,0,0,0,0,0,0,0,0,0,0,0,0,0);
INSERT INTO unit_attack_pattern(pattern_id,unit_id,loop_start,loop_end,atk_pattern_1,atk_pattern_2,atk_pattern_3,atk_pattern_4,atk_pattern_5,atk_pattern_6,atk_pattern_7,atk_pattern_8,atk_pattern_9,atk_pattern_10,atk_pattern_11,atk_pattern_12,atk_pattern_13,atk_pattern_14,atk_pattern_15,atk_pattern_16,atk_pattern_17,atk_pattern_18,atk_pattern_19,atk_pattern_20) VALUES(30430201,304302,1,7,1004,1004,1004,1001,1004,1004,1001,0,0,0,0,0,0,0,0,0,0,0,0,0);
INSERT INTO unit_attack_pattern(pattern_id,unit_id,loop_start,loop_end,atk_pattern_1,atk_pattern_2,atk_pattern_3,atk_pattern_4,atk_pattern_5,atk_pattern_6,atk_pattern_7,atk_pattern_8,atk_pattern_9,atk_pattern_10,atk_pattern_11,atk_pattern_12,atk_pattern_13,atk_pattern_14,atk_pattern_15,atk_pattern_16,atk_pattern_17,atk_pattern_18,atk_pattern_19,atk_pattern_20) VALUES(30430202,304302,1,7,1004,1004,1001,1004,1004,1001,1004,0,0,0,0,0,0,0,0,0,0,0,0,0);
INSERT INTO unit_attack_pattern(pattern_id,unit_id,loop_start,loop_end,atk_pattern_1,atk_pattern_2,atk_pattern_3,atk_pattern_4,atk_pattern_5,atk_pattern_6,atk_pattern_7,atk_pattern_8,atk_pattern_9,atk_pattern_10,atk_pattern_11,atk_pattern_12,atk_pattern_13,atk_pattern_14,atk_pattern_15,atk_pattern_16,atk_pattern_17,atk_pattern_18,atk_pattern_19,atk_pattern_20) VALUES(30430301,304303,1,7,1004,1004,1004,1001,1004,1004,1001,0,0,0,0,0,0,0,0,0,0,0,0,0);
INSERT INTO unit_attack_pattern(pattern_id,unit_id,loop_start,loop_end,atk_pattern_1,atk_pattern_2,atk_pattern_3,atk_pattern_4,atk_pattern_5,atk_pattern_6,atk_pattern_7,atk_pattern_8,atk_pattern_9,atk_pattern_10,atk_pattern_11,atk_pattern_12,atk_pattern_13,atk_pattern_14,atk_pattern_15,atk_pattern_16,atk_pattern_17,atk_pattern_18,atk_pattern_19,atk_pattern_20) VALUES(30430302,304303,1,7,1004,1004,1001,1004,1004,1001,1004,0,0,0,0,0,0,0,0,0,0,0,0,0);
INSERT INTO unit_attack_pattern(pattern_id,unit_id,loop_start,loop_end,atk_pattern_1,atk_pattern_2,atk_pattern_3,atk_pattern_4,atk_pattern_5,atk_pattern_6,atk_pattern_7,atk_pattern_8,atk_pattern_9,atk_pattern_10,atk_pattern_11,atk_pattern_12,atk_pattern_13,atk_pattern_14,atk_pattern_15,atk_pattern_16,atk_pattern_17,atk_pattern_18,atk_pattern_19,atk_pattern_20) VALUES(60150101,601501,3,7,1001,1002,1,1,1001,1,1002,0,0,0,0,0,0,0,0,0,0,0,0,0);
INSERT INTO unit_attack_pattern(pattern_id,unit_id,loop_start,loop_end,atk_pattern_1,atk_pattern_2,atk_pattern_3,atk_pattern_4,atk_pattern_5,atk_pattern_6,atk_pattern_7,atk_pattern_8,atk_pattern_9,atk_pattern_10,atk_pattern_11,atk_pattern_12,atk_pattern_13,atk_pattern_14,atk_pattern_15,atk_pattern_16,atk_pattern_17,atk_pattern_18,atk_pattern_19,atk_pattern_20) VALUES(60260101,602601,4,12,1001,1002,1,1001,1,1001,1002,1,1,1001,1,1002,0,0,0,0,0,0,0,0);
INSERT INTO unit_attack_pattern(pattern_id,unit_id,loop_start,loop_end,atk_pattern_1,atk_pattern_2,atk_pattern_3,atk_pattern_4,atk_pattern_5,atk_pattern_6,atk_pattern_7,atk_pattern_8,atk_pattern_9,atk_pattern_10,atk_pattern_11,atk_pattern_12,atk_pattern_13,atk_pattern_14,atk_pattern_15,atk_pattern_16,atk_pattern_17,atk_pattern_18,atk_pattern_19,atk_pattern_20) VALUES(60260201,602602,3,11,1002,1001,1,1,1001,1,1002,1,1001,1,1001,0,0,0,0,0,0,0,0,0);
INSERT INTO unit_attack_pattern(pattern_id,unit_id,loop_start,loop_end,atk_pattern_1,atk_pattern_2,atk_pattern_3,atk_pattern_4,atk_pattern_5,atk_pattern_6,atk_pattern_7,atk_pattern_8,atk_pattern_9,atk_pattern_10,atk_pattern_11,atk_pattern_12,atk_pattern_13,atk_pattern_14,atk_pattern_15,atk_pattern_16,atk_pattern_17,atk_pattern_18,atk_pattern_19,atk_pattern_20) VALUES(90750101,907501,2,5,1,1001,1,1002,1,0,0,0,0,0,0,0,0,0,0,0,0,0,0,0);
INSERT INTO unit_attack_pattern(pattern_id,unit_id,loop_start,loop_end,atk_pattern_1,atk_pattern_2,atk_pattern_3,atk_pattern_4,atk_pattern_5,atk_pattern_6,atk_pattern_7,atk_pattern_8,atk_pattern_9,atk_pattern_10,atk_pattern_11,atk_pattern_12,atk_pattern_13,atk_pattern_14,atk_pattern_15,atk_pattern_16,atk_pattern_17,atk_pattern_18,atk_pattern_19,atk_pattern_20) VALUES(90770101,907701,4,8,1,1001,1002,1,1001,1,1001,1002,0,0,0,0,0,0,0,0,0,0,0,0);
INSERT INTO unit_attack_pattern(pattern_id,unit_id,loop_start,loop_end,atk_pattern_1,atk_pattern_2,atk_pattern_3,atk_pattern_4,atk_pattern_5,atk_pattern_6,atk_pattern_7,atk_pattern_8,atk_pattern_9,atk_pattern_10,atk_pattern_11,atk_pattern_12,atk_pattern_13,atk_pattern_14,atk_pattern_15,atk_pattern_16,atk_pattern_17,atk_pattern_18,atk_pattern_19,atk_pattern_20) VALUES(90780101,907801,3,7,1,1,1,1,1,1,1,0,0,0,0,0,0,0,0,0,0,0,0,0);
INSERT INTO unit_background(unit_id,unit_name,bg_id,bg_name,position,face_type) VALUES(107501,'ペコリーヌ（サマー）',500164,'マルジェン海岸',0.0,4);
INSERT INTO unit_background(unit_id,unit_name,bg_id,bg_name,position,face_type) VALUES(107601,'コッコロ（サマー）',500164,'マルジェン海岸',0.0,4);
INSERT INTO unit_comments(id,unit_id,use_type,voice_id,face_id,change_time,change_face,description) VALUES(1075001,107501,1,1,1,2.2,2,'水着買っちゃいました～！\nどうですどうです？\n似合ってますか～？');
INSERT INTO unit_comments(id,unit_id,use_type,voice_id,face_id,change_time,change_face,description) VALUES(1075002,107501,1,2,1,0.0,1,'この水着、結構動きやすいので\n素潜りとかして\n海の幸をゲットできそうです！');
INSERT INTO unit_comments(id,unit_id,use_type,voice_id,face_id,change_time,change_face,description) VALUES(1075003,107501,1,3,2,0.0,2,'マリンスポーツしましょう！\nビーチボールとか、\nビーチフラッグとか！\n負けませんよ～');
INSERT INTO unit_comments(id,unit_id,use_type,voice_id,face_id,change_time,change_face,description) VALUES(1075004,107501,1,4,5,4.3,2,'私の水着姿で、\nあなたを誘惑しちゃいます♪\nなんちゃってー！');
INSERT INTO unit_comments(id,unit_id,use_type,voice_id,face_id,change_time,change_face,description) VALUES(1075005,107501,1,5,1,5.0,2,'せっかくの水着ですし、\nたくさん泳いで、\nたくさんはしゃいで…\n思い出いっぱい作りましょうね！');
INSERT INTO unit_comments(id,unit_id,use_type,voice_id,face_id,change_time,change_face,description) VALUES(1075006,107531,1,1,1,0.0,1,'わぁっ、やりましたね～！\n塩水しょっぱいぃ～\nこうなったらわたしも本気です！\n覚悟してくださいよぉ～！');
INSERT INTO unit_comments(id,unit_id,use_type,voice_id,face_id,change_time,change_face,description) VALUES(1075007,107531,1,2,1,0.0,1,'青い海、白い砂浜、輝く太陽！\nそしておいしいお魚！\nここは天国ですね！');
INSERT INTO unit_comments(id,unit_id,use_type,voice_id,face_id,change_time,change_face,description) VALUES(1075008,107531,1,3,1,0.0,1,'水が気持ちいいですね～\nこんなに充実した夏、\n生まれて初めてです！');
INSERT INTO unit_comments(id,unit_id,use_type,voice_id,face_id,change_time,change_face,description) VALUES(1075009,107531,1,4,1,0.0,1,'えへへ♪\nあなたと海で遊ぶなんて、\nとっても新鮮な感じです！\n青春ですね♪');
INSERT INTO unit_comments(id,unit_id,use_type,voice_id,face_id,change_time,change_face,description) VALUES(1075010,107531,1,5,1,0.0,1,'はしゃぎすぎて水着が\n流されちゃったりしたら、\nあなたに抱きついて\n隠しますね！');
INSERT INTO unit_comments(id,unit_id,use_type,voice_id,face_id,change_time,change_face,description) VALUES(1076001,107601,1,1,1,4.8,5,'救護院の皆さまに、水着を\n選んでいただきました…\n似合っていますでしょうか？');
INSERT INTO unit_comments(id,unit_id,use_type,voice_id,face_id,change_time,change_face,description) VALUES(1076002,107601,1,2,1,0.0,1,'主さま、よろしければ\n一緒に泳ぎの\n練習をしましょう');
INSERT INTO unit_comments(id,unit_id,use_type,voice_id,face_id,change_time,change_face,description) VALUES(1076003,107601,1,3,2,0.0,2,'主さま。わたくし、\n砂のお城というものを\n作ってみたいのですが、\nお手伝いいただけますでしょうか');
INSERT INTO unit_comments(id,unit_id,use_type,voice_id,face_id,change_time,change_face,description) VALUES(1076004,107601,1,4,5,0.0,5,'このような\n過度な肌の露出は、\nやはり恥ずかしいです…\n主さまにしかお見せできません');
INSERT INTO unit_comments(id,unit_id,use_type,voice_id,face_id,change_time,change_face,description) VALUES(1076005,107601,1,5,1,4.2,2,'日焼け止めを塗っていただいても\nよいでしょうか？\n主さまにでしたら、\n肌を許すことができます');
INSERT INTO unit_comments(id,unit_id,use_type,voice_id,face_id,change_time,change_face,description) VALUES(1076006,107631,1,1,1,0.0,1,'主さま。どんな場所でも、\nわたくしがついております\nこの手を離さないでくださいね');
INSERT INTO unit_comments(id,unit_id,use_type,voice_id,face_id,change_time,change_face,description) VALUES(1076007,107631,1,2,1,0.0,1,'見てください、主さま\nおさかながこんなに近くに…\nとても神秘的でございます');
INSERT INTO unit_comments(id,unit_id,use_type,voice_id,face_id,change_time,change_face,description) VALUES(1076008,107631,1,3,1,0.0,1,'このまま流れに身を任せ、\n二人でどこまでも進む\n…それも悪くありませんね');
INSERT INTO unit_comments(id,unit_id,use_type,voice_id,face_id,change_time,change_face,description) VALUES(1076009,107631,1,4,1,0.0,1,'これからもずっと、\n主さまと同じ景色を見て、\n主さまと同じ感動を抱き、\nともに歩んでいきたいです');
INSERT INTO unit_comments(id,unit_id,use_type,voice_id,face_id,change_time,change_face,description) VALUES(1076010,107631,1,5,1,0.0,1,'この広い海の中で、\n主さまと二人っきり…\nいまだけは、主さまを\n独り占めです♪');
INSERT INTO unit_data(unit_id,unit_name,kana,prefab_id,rarity,motion_type,se_type,move_speed,search_area_width,atk_type,normal_atk_cast_time,cutin_1,cutin_2,guild_id,exskill_display,comment,only_disp_owned) VALUES(107501,'ペコリーヌ（サマー）','ぺこりーぬ',107501,3,5,5,450,235,1,2.125,107501,0,1,0,'【物理】前衛から強烈な範囲攻撃を放つ、渚のお姫様。\nかき氷を食べて物理攻撃力を一気に上昇させ、\nユニオンバーストを放つことで前方の敵を殲滅する。',0);
INSERT INTO unit_data(unit_id,unit_name,kana,prefab_id,rarity,motion_type,se_type,move_speed,search_area_width,atk_type,normal_atk_cast_time,cutin_1,cutin_2,guild_id,exskill_display,comment,only_disp_owned) VALUES(107601,'コッコロ（サマー）','こっころ',107601,1,6,6,450,535,1,2.34,107601,0,0,0,'【物理】中衛で、物理キャラの補助を行う癒しの巫女。\nＨＰが一番少ない味方単体への特大回復スキルを持ち、\n瀕死の味方ですら瞬時に治癒する。',1);
INSERT INTO unit_data(unit_id,unit_name,kana,prefab_id,rarity,motion_type,se_type,move_speed,search_area_width,atk_type,normal_atk_cast_time,cutin_1,cutin_2,guild_id,exskill_display,comment,only_disp_owned) VALUES(907501,'ペコリーヌ','ぺこりーぬ',907501,1,0,5,600,200,1,2.5,105801,0,0,0,'',0);
INSERT INTO unit_data(unit_id,unit_name,kana,prefab_id,rarity,motion_type,se_type,move_speed,search_area_width,atk_type,normal_atk_cast_time,cutin_1,cutin_2,guild_id,exskill_display,comment,only_disp_owned) VALUES(907701,'スズメ','すずめ',907701,1,7,7,600,450,2,2.25,102501,0,0,0,'',0);
INSERT INTO unit_data(unit_id,unit_name,kana,prefab_id,rarity,motion_type,se_type,move_speed,search_area_width,atk_type,normal_atk_cast_time,cutin_1,cutin_2,guild_id,exskill_display,comment,only_disp_owned) VALUES(907801,'キャル','きゃる',907801,1,7,7,450,750,2,2.07,0,0,1,0,'【魔法】後衛から、強力な全体攻撃を放つ、強気な猫娘。\nスキルで敵の物理、魔法両方の防御力を下げるため\n編成を選ばずにバトルを有利に進められる。',0);
INSERT INTO unit_enemy_data(unit_id,unit_name,prefab_id,motion_type,se_type,move_speed,search_area_width,atk_type,normal_atk_cast_time,cutin,visual_change_flag,comment) VALUES(304300,'テンタパス',304300,0,16,270,1000,1,1.8,0,0,'【物理】海辺に君臨する巨大な軟体魔獣。\n強靭な触手と鋼鉄の大銛で全てを破壊しつくす。\n・敵全体にキャラの最大HPに応じた\n　物理大ダメージを与える。\n・後方範囲内に魔法中ダメージを与え、\n　麻痺状態を付与、さらに物理攻撃力、\n　魔法攻撃力を特大ダウン。\n・一定時間経過すると敵単体に\n　物理超特大ダメージを与える。\n・テンタパス自身のHPが40％を切ると、\n　さらに攻撃が激しく凶暴になる。');
INSERT INTO unit_enemy_data(unit_id,unit_name,prefab_id,motion_type,se_type,move_speed,search_area_width,atk_type,normal_atk_cast_time,cutin,visual_change_flag,comment) VALUES(304301,'テンタパス',304300,0,16,270,1000,1,1.8,0,0,'【物理】海辺に君臨する巨大な軟体魔獣。\n強靭な触手と鋼鉄の大銛で全てを破壊しつくす。\n・敵全体にキャラの最大HPに応じた\n　物理大ダメージを与える。\n・後方範囲内に魔法中ダメージを与え、\n　麻痺状態を付与、さらに物理攻撃力、\n　魔法攻撃力を特大ダウン。');
INSERT INTO unit_enemy_data(unit_id,unit_name,prefab_id,motion_type,se_type,move_speed,search_area_width,atk_type,normal_atk_cast_time,cutin,visual_change_flag,comment) VALUES(304302,'テンタパス',304300,0,16,270,1000,1,1.8,0,0,'【物理】海辺に君臨する巨大な軟体魔獣。\n強靭な触手と鋼鉄の大銛で全てを破壊しつくす。\n・敵全体にキャラの最大HPに応じた\n　物理大ダメージを与える。\n・後方範囲内に魔法中ダメージを与え、\n　麻痺状態を付与、さらに物理攻撃力、\n　魔法攻撃力を特大ダウン。\n・テンタパス自身のHPが40％を切ると、\n　さらに攻撃が激しく凶暴になる。');
INSERT INTO unit_enemy_data(unit_id,unit_name,prefab_id,motion_type,se_type,move_speed,search_area_width,atk_type,normal_atk_cast_time,cutin,visual_change_flag,comment) VALUES(304303,'テンタパス',304300,0,16,270,1000,1,1.8,0,0,'【物理】海辺に君臨する巨大な軟体魔獣。\n強靭な触手と鋼鉄の大銛で全てを破壊しつくす。\n・敵全体にキャラの最大HPに応じた\n　物理大ダメージを与える。\n・後方範囲内に魔法中ダメージを与え、\n　麻痺状態を付与、さらに物理攻撃力、\n　魔法攻撃力を特大ダウン。\n・一定時間経過すると敵単体に\n　物理超特大ダメージを与える。\n・テンタパス自身のHPが40％を切ると、\n　さらに攻撃が激しく凶暴になる。');
UPDATE unit_enemy_data SET search_area_width=425 WHERE unit_id=604401;
UPDATE unit_enemy_data SET search_area_width=195 WHERE unit_id=605401;
INSERT INTO unit_enemy_data(unit_id,unit_name,prefab_id,motion_type,se_type,move_speed,search_area_width,atk_type,normal_atk_cast_time,cutin,visual_change_flag,comment) VALUES(607501,'ペコリーヌ（サマー）のシャドウ',107501,5,5,450,235,1,2.125,0,1,'ペコリーヌ（サマー）の姿をした特殊な魔物');
INSERT INTO unit_enemy_data(unit_id,unit_name,prefab_id,motion_type,se_type,move_speed,search_area_width,atk_type,normal_atk_cast_time,cutin,visual_change_flag,comment) VALUES(607601,'コッコロ（サマー）のシャドウ',107601,6,6,450,535,1,2.34,0,1,'コッコロ（サマー）の姿をした特殊な魔物');
INSERT INTO unit_introduction(id,gacha_id,introduction_number,start_time,end_time,maximum_chunk_size_1,maximum_chunk_size_loop_1,maximum_chunk_size_2,maximum_chunk_size_loop_2,maximum_chunk_size_3,maximum_chunk_size_loop_3) VALUES(10,30010,1,'2018/06/30 12:00:00','2018/07/17 14:59:59',380000,380000,0,0,0,0);
UPDATE unit_motion_list SET sp_motion=1 WHERE unit_id=100101;
UPDATE unit_motion_list SET sp_motion=1 WHERE unit_id=100301;
UPDATE unit_motion_list SET sp_motion=1 WHERE unit_id=100401;
UPDATE unit_motion_list SET sp_motion=1 WHERE unit_id=100601;
UPDATE unit_motion_list SET sp_motion=1 WHERE unit_id=100701;
UPDATE unit_motion_list SET sp_motion=1 WHERE unit_id=100901;
UPDATE unit_motion_list SET sp_motion=1 WHERE unit_id=102201;
UPDATE unit_motion_list SET sp_motion=1 WHERE unit_id=102801;
UPDATE unit_motion_list SET sp_motion=1 WHERE unit_id=103101;
UPDATE unit_motion_list SET sp_motion=1 WHERE unit_id=103201;
UPDATE unit_motion_list SET sp_motion=1 WHERE unit_id=104201;
INSERT INTO unit_motion_list(unit_id,sp_motion) VALUES(107501,1);
INSERT INTO unit_motion_list(unit_id,sp_motion) VALUES(107601,1);
INSERT INTO unit_profile(unit_id,unit_name,age,guild,race,height,weight,birth_month,birth_day,blood_type,favorite,voice,voice_id,catch_copy,self_text,guild_id) VALUES(107501,'ペコリーヌ（サマー）','17','美食殿','ヒューマン','156','46','3','31','O','食べ歩き、料理','M・A・O',0,'いつも元気な腹ペコ少女','あ、あの…何か食べ物持っていませんか？\nもう、お腹ペコペコで…','1');
INSERT INTO unit_profile(unit_id,unit_name,age,guild,race,height,weight,birth_month,birth_day,blood_type,favorite,voice,voice_id,catch_copy,self_text,guild_id) VALUES(107601,'コッコロ（サマー）','11','美食殿','エルフ','140','35','5','11','B','瞑想、動植物の飼育','伊藤美来',0,'主を慕う、小さなガイド役','主さまのガイド役を仰せつかりました\nわたくし、主さまに満足していただけるよう\n誠心誠意尽くさせていただきます','1');
UPDATE unit_promotion SET unit_id=107501, equip_slot_1=101011, equip_slot_2=101011, equip_slot_3=101281, equip_slot_4=101401, equip_slot_5=101011, equip_slot_6=101551 WHERE rowid=451;
UPDATE unit_promotion SET unit_id=107501, equip_slot_1=102013, equip_slot_2=102011, equip_slot_3=102281, equip_slot_4=102071, equip_slot_5=101551, equip_slot_6=101551 WHERE rowid=452;
UPDATE unit_promotion SET unit_id=107501, equip_slot_1=103011, equip_slot_2=102013, equip_slot_3=102282, equip_slot_4=102401, equip_slot_5=102011, equip_slot_6=102551 WHERE rowid=453;
UPDATE unit_promotion SET unit_id=107501, equip_slot_1=103012, equip_slot_2=103011, equip_slot_3=103281, equip_slot_4=103431, equip_slot_5=102552, equip_slot_6=102552 WHERE rowid=454;
UPDATE unit_promotion SET unit_id=107501, equip_slot_1=103013, equip_slot_2=103012, equip_slot_3=103282, equip_slot_4=103401, equip_slot_5=103071, equip_slot_6=103551 WHERE rowid=455;
UPDATE unit_promotion SET unit_id=107501, equip_slot_1=104011, equip_slot_2=103013, equip_slot_3=103283, equip_slot_4=103401, equip_slot_5=103552, equip_slot_6=103552 WHERE rowid=456;
UPDATE unit_promotion SET unit_id=107501, equip_slot_1=104012, equip_slot_2=104011, equip_slot_3=104281, equip_slot_4=103013, equip_slot_5=103553, equip_slot_6=103552 WHERE rowid=457;
UPDATE unit_promotion SET unit_id=107501, equip_slot_1=104013, equip_slot_2=104012, equip_slot_3=104282, equip_slot_4=104011, equip_slot_5=104551, equip_slot_6=103553 WHERE rowid=458;
UPDATE unit_promotion SET unit_id=107501, equip_slot_1=999999, equip_slot_2=104013, equip_slot_3=104402, equip_slot_4=104012, equip_slot_5=104552, equip_slot_6=104551 WHERE rowid=459;
UPDATE unit_promotion SET unit_id=107601, equip_slot_1=101161, equip_slot_2=101161, equip_slot_3=101281, equip_slot_4=101431, equip_slot_5=101581, equip_slot_6=101581 WHERE rowid=460;
UPDATE unit_promotion SET unit_id=107601, equip_slot_1=102163, equip_slot_2=102162, equip_slot_3=102341, equip_slot_4=102491, equip_slot_5=101581, equip_slot_6=101581 WHERE rowid=461;
UPDATE unit_promotion SET unit_id=107601, equip_slot_1=103161, equip_slot_2=102163, equip_slot_3=102342, equip_slot_4=102432, equip_slot_5=102581, equip_slot_6=102581 WHERE rowid=462;
UPDATE unit_promotion SET unit_id=107601, equip_slot_1=103162, equip_slot_2=103161, equip_slot_3=103341, equip_slot_4=103431, equip_slot_5=102582, equip_slot_6=102582 WHERE rowid=463;
UPDATE unit_promotion SET unit_id=107601, equip_slot_1=103193, equip_slot_2=103162, equip_slot_3=103342, equip_slot_4=103432, equip_slot_5=103581, equip_slot_6=103581 WHERE rowid=464;
UPDATE unit_promotion SET unit_id=107601, equip_slot_1=104161, equip_slot_2=103193, equip_slot_3=103343, equip_slot_4=103401, equip_slot_5=103582, equip_slot_6=103582 WHERE rowid=465;
UPDATE unit_promotion SET unit_id=107601, equip_slot_1=104162, equip_slot_2=104161, equip_slot_3=104341, equip_slot_4=103583, equip_slot_5=103614, equip_slot_6=103582 WHERE rowid=466;
UPDATE unit_promotion SET unit_id=107601, equip_slot_1=104163, equip_slot_2=104162, equip_slot_3=104432, equip_slot_4=104491, equip_slot_5=104581, equip_slot_6=103614 WHERE rowid=467;
UPDATE unit_promotion SET unit_id=107601, equip_slot_1=999999, equip_slot_2=104163, equip_slot_3=104343, equip_slot_4=104432, equip_slot_5=104582, equip_slot_6=104581 WHERE rowid=468;
UPDATE unit_promotion SET unit_id=400401 WHERE rowid=469;
UPDATE unit_promotion SET unit_id=400401 WHERE rowid=470;
UPDATE unit_promotion SET unit_id=400401 WHERE rowid=471;
UPDATE unit_promotion SET unit_id=400401 WHERE rowid=472;
UPDATE unit_promotion SET unit_id=400401 WHERE rowid=473;
UPDATE unit_promotion SET unit_id=400401 WHERE rowid=474;
UPDATE unit_promotion SET unit_id=400401 WHERE rowid=475;
UPDATE unit_promotion SET unit_id=400401 WHERE rowid=476;
UPDATE unit_promotion SET unit_id=400401 WHERE rowid=477;
UPDATE unit_promotion SET unit_id=400402 WHERE rowid=478;
UPDATE unit_promotion SET unit_id=400402 WHERE rowid=479;
UPDATE unit_promotion SET unit_id=400402 WHERE rowid=480;
UPDATE unit_promotion SET unit_id=400402 WHERE rowid=481;
UPDATE unit_promotion SET unit_id=400402 WHERE rowid=482;
UPDATE unit_promotion SET unit_id=400402 WHERE rowid=483;
UPDATE unit_promotion SET unit_id=400402 WHERE rowid=484;
UPDATE unit_promotion SET unit_id=400402 WHERE rowid=485;
UPDATE unit_promotion SET unit_id=400402 WHERE rowid=486;
UPDATE unit_promotion SET unit_id=400802, equip_slot_1=0, equip_slot_2=0, equip_slot_3=0, equip_slot_4=0, equip_slot_5=0, equip_slot_6=0 WHERE rowid=487;
UPDATE unit_promotion SET unit_id=400802, equip_slot_1=0, equip_slot_2=0, equip_slot_3=0, equip_slot_4=0, equip_slot_5=0, equip_slot_6=0 WHERE rowid=488;
UPDATE unit_promotion SET unit_id=400802, equip_slot_1=0, equip_slot_2=0, equip_slot_3=0, equip_slot_4=0, equip_slot_5=0, equip_slot_6=0 WHERE rowid=489;
UPDATE unit_promotion SET unit_id=400802, equip_slot_1=0, equip_slot_2=0, equip_slot_3=0, equip_slot_4=0, equip_slot_5=0, equip_slot_6=0 WHERE rowid=490;
UPDATE unit_promotion SET unit_id=400802, equip_slot_1=0, equip_slot_2=0, equip_slot_3=0, equip_slot_4=0, equip_slot_5=0, equip_slot_6=0 WHERE rowid=491;
UPDATE unit_promotion SET unit_id=400802, equip_slot_1=0, equip_slot_2=0, equip_slot_3=0, equip_slot_4=0, equip_slot_5=0, equip_slot_6=0 WHERE rowid=492;
UPDATE unit_promotion SET unit_id=400802, equip_slot_1=0, equip_slot_2=0, equip_slot_3=0, equip_slot_4=0, equip_slot_5=0, equip_slot_6=0 WHERE rowid=493;
UPDATE unit_promotion SET unit_id=400802, equip_slot_1=0, equip_slot_2=0, equip_slot_3=0, equip_slot_4=0, equip_slot_5=0, equip_slot_6=0 WHERE rowid=494;
UPDATE unit_promotion SET unit_id=400802, equip_slot_1=0, equip_slot_2=0, equip_slot_3=0, equip_slot_4=0, equip_slot_5=0, equip_slot_6=0 WHERE rowid=495;
UPDATE unit_promotion SET unit_id=402702, equip_slot_1=0, equip_slot_2=0, equip_slot_3=0, equip_slot_4=0, equip_slot_5=0, equip_slot_6=0 WHERE rowid=496;
UPDATE unit_promotion SET unit_id=402702, equip_slot_1=0, equip_slot_2=0, equip_slot_3=0, equip_slot_4=0, equip_slot_5=0, equip_slot_6=0 WHERE rowid=497;
UPDATE unit_promotion SET unit_id=402702, equip_slot_1=0, equip_slot_2=0, equip_slot_3=0, equip_slot_4=0, equip_slot_5=0, equip_slot_6=0 WHERE rowid=498;
UPDATE unit_promotion SET unit_id=402702, equip_slot_1=0, equip_slot_2=0, equip_slot_3=0, equip_slot_4=0, equip_slot_5=0, equip_slot_6=0 WHERE rowid=499;
UPDATE unit_promotion SET unit_id=402702, equip_slot_1=0, equip_slot_2=0, equip_slot_3=0, equip_slot_4=0, equip_slot_5=0, equip_slot_6=0 WHERE rowid=500;
UPDATE unit_promotion SET unit_id=402702, equip_slot_1=0, equip_slot_2=0, equip_slot_3=0, equip_slot_4=0, equip_slot_5=0, equip_slot_6=0 WHERE rowid=501;
UPDATE unit_promotion SET unit_id=402702, equip_slot_1=0, equip_slot_2=0, equip_slot_3=0, equip_slot_4=0, equip_slot_5=0, equip_slot_6=0 WHERE rowid=502;
UPDATE unit_promotion SET unit_id=402702, equip_slot_1=0, equip_slot_2=0, equip_slot_3=0, equip_slot_4=0, equip_slot_5=0, equip_slot_6=0 WHERE rowid=503;
UPDATE unit_promotion SET unit_id=402702, equip_slot_1=0, equip_slot_2=0, equip_slot_3=0, equip_slot_4=0, equip_slot_5=0, equip_slot_6=0 WHERE rowid=504;
UPDATE unit_promotion SET unit_id=403001, equip_slot_1=101011, equip_slot_2=101011, equip_slot_3=101281, equip_slot_4=101401, equip_slot_5=101551, equip_slot_6=101611 WHERE rowid=505;
UPDATE unit_promotion SET unit_id=403001, equip_slot_1=102041, equip_slot_2=102011, equip_slot_3=102281, equip_slot_4=101401, equip_slot_5=101011, equip_slot_6=102581 WHERE rowid=506;
UPDATE unit_promotion SET unit_id=403001, equip_slot_1=103011, equip_slot_2=102041, equip_slot_3=102282, equip_slot_4=102493, equip_slot_5=102551, equip_slot_6=102582 WHERE rowid=507;
UPDATE unit_promotion SET unit_id=403001, equip_slot_1=103041, equip_slot_2=103401, equip_slot_3=103281, equip_slot_4=103011, equip_slot_5=102041, equip_slot_6=102582 WHERE rowid=508;
UPDATE unit_promotion SET unit_id=403001, equip_slot_1=103042, equip_slot_2=103012, equip_slot_3=103282, equip_slot_4=103401, equip_slot_5=103551, equip_slot_6=103581 WHERE rowid=509;
UPDATE unit_promotion SET unit_id=403001, equip_slot_1=104011, equip_slot_2=103042, equip_slot_3=103283, equip_slot_4=103401, equip_slot_5=103041, equip_slot_6=103581 WHERE rowid=510;
UPDATE unit_promotion SET unit_id=403001, equip_slot_1=999999, equip_slot_2=104041, equip_slot_3=104281, equip_slot_4=103553, equip_slot_5=103401, equip_slot_6=103582 WHERE rowid=511;
UPDATE unit_promotion SET unit_id=403001, equip_slot_1=999999, equip_slot_2=104041, equip_slot_3=104281, equip_slot_4=103553, equip_slot_5=103401, equip_slot_6=103582 WHERE rowid=512;
UPDATE unit_promotion SET unit_id=403001, equip_slot_1=999999, equip_slot_2=104041, equip_slot_3=104281, equip_slot_4=103553, equip_slot_5=103401, equip_slot_6=103582 WHERE rowid=513;
UPDATE unit_promotion SET unit_id=403002, equip_slot_1=101011, equip_slot_2=101011, equip_slot_3=101281, equip_slot_4=101401, equip_slot_5=101551, equip_slot_6=101611 WHERE rowid=514;
UPDATE unit_promotion SET unit_id=403002, equip_slot_1=102041, equip_slot_2=102011, equip_slot_3=102281, equip_slot_4=101401, equip_slot_5=101011, equip_slot_6=102581 WHERE rowid=515;
UPDATE unit_promotion SET unit_id=403002, equip_slot_1=103011, equip_slot_2=102041, equip_slot_3=102282, equip_slot_4=102493, equip_slot_5=102551, equip_slot_6=102582 WHERE rowid=516;
UPDATE unit_promotion SET unit_id=403002, equip_slot_1=103041, equip_slot_2=103401, equip_slot_3=103281, equip_slot_4=103011, equip_slot_5=102041, equip_slot_6=102582 WHERE rowid=517;
UPDATE unit_promotion SET unit_id=403002, equip_slot_1=103042, equip_slot_2=103012, equip_slot_3=103282, equip_slot_4=103401, equip_slot_5=103551, equip_slot_6=103581 WHERE rowid=518;
UPDATE unit_promotion SET unit_id=403002, equip_slot_1=104011, equip_slot_2=103042, equip_slot_3=103283, equip_slot_4=103401, equip_slot_5=103041, equip_slot_6=103581 WHERE rowid=519;
UPDATE unit_promotion SET unit_id=403002, equip_slot_1=999999, equip_slot_2=104041, equip_slot_3=104281, equip_slot_4=103553, equip_slot_5=103401, equip_slot_6=103582 WHERE rowid=520;
UPDATE unit_promotion SET unit_id=403002, equip_slot_1=999999, equip_slot_2=104041, equip_slot_3=104281, equip_slot_4=103553, equip_slot_5=103401, equip_slot_6=103582 WHERE rowid=521;
UPDATE unit_promotion SET unit_id=403002, equip_slot_1=999999, equip_slot_2=104041, equip_slot_3=104281, equip_slot_4=103553, equip_slot_5=103401, equip_slot_6=103582 WHERE rowid=522;
UPDATE unit_promotion SET unit_id=403101 WHERE rowid=523;
UPDATE unit_promotion SET unit_id=403101 WHERE rowid=524;
UPDATE unit_promotion SET unit_id=403101 WHERE rowid=525;
UPDATE unit_promotion SET unit_id=403101 WHERE rowid=526;
UPDATE unit_promotion SET unit_id=403101 WHERE rowid=527;
UPDATE unit_promotion SET unit_id=403101 WHERE rowid=528;
UPDATE unit_promotion SET unit_id=403101 WHERE rowid=529;
UPDATE unit_promotion SET unit_id=403101 WHERE rowid=530;
UPDATE unit_promotion SET unit_id=403101 WHERE rowid=531;
UPDATE unit_promotion SET unit_id=404201 WHERE rowid=532;
UPDATE unit_promotion SET unit_id=404201 WHERE rowid=533;
UPDATE unit_promotion SET unit_id=404201 WHERE rowid=534;
UPDATE unit_promotion SET unit_id=404201 WHERE rowid=535;
UPDATE unit_promotion SET unit_id=404201 WHERE rowid=536;
UPDATE unit_promotion SET unit_id=404201 WHERE rowid=537;
UPDATE unit_promotion SET unit_id=404201 WHERE rowid=538;
UPDATE unit_promotion SET unit_id=404201 WHERE rowid=539;
UPDATE unit_promotion SET unit_id=404201 WHERE rowid=540;
UPDATE unit_promotion SET unit_id=404202 WHERE rowid=541;
UPDATE unit_promotion SET unit_id=404202 WHERE rowid=542;
UPDATE unit_promotion SET unit_id=404202 WHERE rowid=543;
UPDATE unit_promotion SET unit_id=404202 WHERE rowid=544;
UPDATE unit_promotion SET unit_id=404202 WHERE rowid=545;
UPDATE unit_promotion SET unit_id=404202 WHERE rowid=546;
UPDATE unit_promotion SET unit_id=404202 WHERE rowid=547;
UPDATE unit_promotion SET unit_id=404202 WHERE rowid=548;
UPDATE unit_promotion SET unit_id=404202 WHERE rowid=549;
UPDATE unit_promotion SET unit_id=501200 WHERE rowid=550;
UPDATE unit_promotion SET unit_id=501200 WHERE rowid=551;
UPDATE unit_promotion SET unit_id=501200 WHERE rowid=552;
UPDATE unit_promotion SET unit_id=501200 WHERE rowid=553;
UPDATE unit_promotion SET unit_id=501200 WHERE rowid=554;
UPDATE unit_promotion SET unit_id=501200 WHERE rowid=555;
UPDATE unit_promotion SET unit_id=501200 WHERE rowid=556;
UPDATE unit_promotion SET unit_id=501200 WHERE rowid=557;
UPDATE unit_promotion SET unit_id=501200 WHERE rowid=558;
UPDATE unit_promotion SET unit_id=900102 WHERE rowid=559;
UPDATE unit_promotion SET unit_id=900102 WHERE rowid=560;
UPDATE unit_promotion SET unit_id=900102 WHERE rowid=561;
UPDATE unit_promotion SET unit_id=900102 WHERE rowid=562;
UPDATE unit_promotion SET unit_id=900102 WHERE rowid=563;
UPDATE unit_promotion SET unit_id=900102 WHERE rowid=564;
UPDATE unit_promotion SET unit_id=900102 WHERE rowid=565;
UPDATE unit_promotion SET unit_id=900102 WHERE rowid=566;
UPDATE unit_promotion SET unit_id=900102 WHERE rowid=567;
UPDATE unit_promotion SET unit_id=900001 WHERE rowid=568;
UPDATE unit_promotion SET unit_id=900001 WHERE rowid=569;
UPDATE unit_promotion SET unit_id=900001 WHERE rowid=570;
UPDATE unit_promotion SET unit_id=900001 WHERE rowid=571;
UPDATE unit_promotion SET unit_id=900001 WHERE rowid=572;
UPDATE unit_promotion SET unit_id=900001 WHERE rowid=573;
UPDATE unit_promotion SET unit_id=900001 WHERE rowid=574;
UPDATE unit_promotion SET unit_id=900001 WHERE rowid=575;
UPDATE unit_promotion SET unit_id=900001 WHERE rowid=576;
UPDATE unit_promotion SET unit_id=900201 WHERE rowid=577;
UPDATE unit_promotion SET unit_id=900201 WHERE rowid=578;
UPDATE unit_promotion SET unit_id=900201 WHERE rowid=579;
UPDATE unit_promotion SET unit_id=900201 WHERE rowid=580;
UPDATE unit_promotion SET unit_id=900201 WHERE rowid=581;
UPDATE unit_promotion SET unit_id=900201 WHERE rowid=582;
UPDATE unit_promotion SET unit_id=900201 WHERE rowid=583;
UPDATE unit_promotion SET unit_id=900201 WHERE rowid=584;
UPDATE unit_promotion SET unit_id=900201 WHERE rowid=585;
UPDATE unit_promotion SET unit_id=900202 WHERE rowid=586;
UPDATE unit_promotion SET unit_id=900202 WHERE rowid=587;
UPDATE unit_promotion SET unit_id=900202 WHERE rowid=588;
UPDATE unit_promotion SET unit_id=900202 WHERE rowid=589;
UPDATE unit_promotion SET unit_id=900202 WHERE rowid=590;
UPDATE unit_promotion SET unit_id=900202 WHERE rowid=591;
UPDATE unit_promotion SET unit_id=900202 WHERE rowid=592;
UPDATE unit_promotion SET unit_id=900202 WHERE rowid=593;
UPDATE unit_promotion SET unit_id=900202 WHERE rowid=594;
UPDATE unit_promotion SET unit_id=900302 WHERE rowid=595;
UPDATE unit_promotion SET unit_id=900302 WHERE rowid=596;
UPDATE unit_promotion SET unit_id=900302 WHERE rowid=597;
UPDATE unit_promotion SET unit_id=900302 WHERE rowid=598;
UPDATE unit_promotion SET unit_id=900302 WHERE rowid=599;
UPDATE unit_promotion SET unit_id=900302 WHERE rowid=600;
UPDATE unit_promotion SET unit_id=900302 WHERE rowid=601;
UPDATE unit_promotion SET unit_id=900302 WHERE rowid=602;
UPDATE unit_promotion SET unit_id=900302 WHERE rowid=603;
UPDATE unit_promotion SET unit_id=905801 WHERE rowid=604;
UPDATE unit_promotion SET unit_id=905801 WHERE rowid=605;
UPDATE unit_promotion SET unit_id=905801 WHERE rowid=606;
UPDATE unit_promotion SET unit_id=905801 WHERE rowid=607;
UPDATE unit_promotion SET unit_id=905801 WHERE rowid=608;
UPDATE unit_promotion SET unit_id=905801 WHERE rowid=609;
UPDATE unit_promotion SET unit_id=905801 WHERE rowid=610;
UPDATE unit_promotion SET unit_id=905801 WHERE rowid=611;
UPDATE unit_promotion SET unit_id=905801 WHERE rowid=612;
UPDATE unit_promotion SET unit_id=905901 WHERE rowid=613;
UPDATE unit_promotion SET unit_id=905901 WHERE rowid=614;
UPDATE unit_promotion SET unit_id=905901 WHERE rowid=615;
UPDATE unit_promotion SET unit_id=905901 WHERE rowid=616;
UPDATE unit_promotion SET unit_id=905901 WHERE rowid=617;
UPDATE unit_promotion SET unit_id=905901 WHERE rowid=618;
UPDATE unit_promotion SET unit_id=905901 WHERE rowid=619;
UPDATE unit_promotion SET unit_id=905901 WHERE rowid=620;
UPDATE unit_promotion SET unit_id=905901 WHERE rowid=621;
UPDATE unit_promotion SET unit_id=905902 WHERE rowid=622;
UPDATE unit_promotion SET unit_id=905902 WHERE rowid=623;
UPDATE unit_promotion SET unit_id=905902 WHERE rowid=624;
UPDATE unit_promotion SET unit_id=905902 WHERE rowid=625;
UPDATE unit_promotion SET unit_id=905902 WHERE rowid=626;
UPDATE unit_promotion SET unit_id=905902 WHERE rowid=627;
UPDATE unit_promotion SET unit_id=905902 WHERE rowid=628;
UPDATE unit_promotion SET unit_id=905902 WHERE rowid=629;
UPDATE unit_promotion SET unit_id=905902 WHERE rowid=630;
INSERT INTO unit_promotion(rowid,unit_id,promotion_level,equip_slot_1,equip_slot_2,equip_slot_3,equip_slot_4,equip_slot_5,equip_slot_6) VALUES(631,902501,1,0,0,0,0,0,0);
INSERT INTO unit_promotion(rowid,unit_id,promotion_level,equip_slot_1,equip_slot_2,equip_slot_3,equip_slot_4,equip_slot_5,equip_slot_6) VALUES(632,902501,2,0,0,0,0,0,0);
INSERT INTO unit_promotion(rowid,unit_id,promotion_level,equip_slot_1,equip_slot_2,equip_slot_3,equip_slot_4,equip_slot_5,equip_slot_6) VALUES(633,902501,3,0,0,0,0,0,0);
INSERT INTO unit_promotion(rowid,unit_id,promotion_level,equip_slot_1,equip_slot_2,equip_slot_3,equip_slot_4,equip_slot_5,equip_slot_6) VALUES(634,902501,4,0,0,0,0,0,0);
INSERT INTO unit_promotion(rowid,unit_id,promotion_level,equip_slot_1,equip_slot_2,equip_slot_3,equip_slot_4,equip_slot_5,equip_slot_6) VALUES(635,902501,5,0,0,0,0,0,0);
INSERT INTO unit_promotion(rowid,unit_id,promotion_level,equip_slot_1,equip_slot_2,equip_slot_3,equip_slot_4,equip_slot_5,equip_slot_6) VALUES(636,902501,6,0,0,0,0,0,0);
INSERT INTO unit_promotion(rowid,unit_id,promotion_level,equip_slot_1,equip_slot_2,equip_slot_3,equip_slot_4,equip_slot_5,equip_slot_6) VALUES(637,902501,7,0,0,0,0,0,0);
INSERT INTO unit_promotion(rowid,unit_id,promotion_level,equip_slot_1,equip_slot_2,equip_slot_3,equip_slot_4,equip_slot_5,equip_slot_6) VALUES(638,902501,8,0,0,0,0,0,0);
INSERT INTO unit_promotion(rowid,unit_id,promotion_level,equip_slot_1,equip_slot_2,equip_slot_3,equip_slot_4,equip_slot_5,equip_slot_6) VALUES(639,902501,9,0,0,0,0,0,0);
INSERT INTO unit_promotion(rowid,unit_id,promotion_level,equip_slot_1,equip_slot_2,equip_slot_3,equip_slot_4,equip_slot_5,equip_slot_6) VALUES(640,900002,1,0,0,0,0,0,0);
INSERT INTO unit_promotion(rowid,unit_id,promotion_level,equip_slot_1,equip_slot_2,equip_slot_3,equip_slot_4,equip_slot_5,equip_slot_6) VALUES(641,900002,2,0,0,0,0,0,0);
INSERT INTO unit_promotion(rowid,unit_id,promotion_level,equip_slot_1,equip_slot_2,equip_slot_3,equip_slot_4,equip_slot_5,equip_slot_6) VALUES(642,900002,3,0,0,0,0,0,0);
INSERT INTO unit_promotion(rowid,unit_id,promotion_level,equip_slot_1,equip_slot_2,equip_slot_3,equip_slot_4,equip_slot_5,equip_slot_6) VALUES(643,900002,4,0,0,0,0,0,0);
INSERT INTO unit_promotion(rowid,unit_id,promotion_level,equip_slot_1,equip_slot_2,equip_slot_3,equip_slot_4,equip_slot_5,equip_slot_6) VALUES(644,900002,5,0,0,0,0,0,0);
INSERT INTO unit_promotion(rowid,unit_id,promotion_level,equip_slot_1,equip_slot_2,equip_slot_3,equip_slot_4,equip_slot_5,equip_slot_6) VALUES(645,900002,6,0,0,0,0,0,0);
INSERT INTO unit_promotion(rowid,unit_id,promotion_level,equip_slot_1,equip_slot_2,equip_slot_3,equip_slot_4,equip_slot_5,equip_slot_6) VALUES(646,900002,7,0,0,0,0,0,0);
INSERT INTO unit_promotion(rowid,unit_id,promotion_level,equip_slot_1,equip_slot_2,equip_slot_3,equip_slot_4,equip_slot_5,equip_slot_6) VALUES(647,900002,8,0,0,0,0,0,0);
INSERT INTO unit_promotion(rowid,unit_id,promotion_level,equip_slot_1,equip_slot_2,equip_slot_3,equip_slot_4,equip_slot_5,equip_slot_6) VALUES(648,900002,9,0,0,0,0,0,0);
UPDATE unit_promotion_status SET unit_id=107501, hp=110.0, atk=25.0, def=2.0, wave_hp_recovery=25.0 WHERE rowid=401;
UPDATE unit_promotion_status SET unit_id=107501, hp=290.0, atk=89.0, def=4.0, wave_hp_recovery=75.0, wave_energy_recovery=5.0 WHERE rowid=402;
UPDATE unit_promotion_status SET unit_id=107501, hp=755.0, atk=194.0, def=8.0, magic_def=1.0, wave_hp_recovery=105.0, wave_energy_recovery=10.0 WHERE rowid=403;
UPDATE unit_promotion_status SET unit_id=107501, hp=1295.0, atk=343.0, def=13.0, magic_def=3.0, wave_hp_recovery=105.0, wave_energy_recovery=30.0, dodge=3.0, hp_recovery_rate=10.0 WHERE rowid=404;
UPDATE unit_promotion_status SET unit_id=107501, hp=2160.0, atk=553.0, def=24.0, magic_def=5.0, wave_hp_recovery=195.0, wave_energy_recovery=45.0, dodge=3.0, hp_recovery_rate=10.0 WHERE rowid=405;
UPDATE unit_promotion_status SET unit_id=107501, hp=3130.0, atk=800.0, def=36.0, magic_def=7.0, wave_hp_recovery=665.0, wave_energy_recovery=45.0, dodge=3.0, hp_recovery_rate=10.0 WHERE rowid=406;
UPDATE unit_promotion_status SET unit_id=107501, hp=4020.0, atk=1132.0, def=44.0, magic_def=9.0, wave_hp_recovery=900.0, wave_energy_recovery=60.0, dodge=3.0, hp_recovery_rate=10.0 WHERE rowid=407;
UPDATE unit_promotion_status SET unit_id=107501, hp=4575.0, atk=1515.0, def=53.0, magic_def=11.0, physical_critical=20.0, wave_hp_recovery=900.0, wave_energy_recovery=100.0, dodge=3.0, hp_recovery_rate=10.0, energy_recovery_rate=10.0 WHERE rowid=408;
UPDATE unit_promotion_status SET unit_id=107601, hp=65.0, atk=10.0, def=4.0, wave_hp_recovery=100.0, dodge=1.0 WHERE rowid=409;
UPDATE unit_promotion_status SET unit_id=107601, hp=245.0, atk=51.0, def=11.0, wave_hp_recovery=200.0, dodge=1.0 WHERE rowid=410;
UPDATE unit_promotion_status SET unit_id=107601, hp=535.0, atk=116.0, def=22.0, magic_def=4.0, wave_hp_recovery=360.0, dodge=3.0 WHERE rowid=411;
UPDATE unit_promotion_status SET unit_id=107601, hp=1045.0, atk=212.0, def=37.0, magic_def=10.0, wave_hp_recovery=520.0, dodge=6.0 WHERE rowid=412;
UPDATE unit_promotion_status SET unit_id=107601, hp=1755.0, atk=374.0, def=50.0, magic_def=17.0, wave_hp_recovery=730.0, dodge=10.0 WHERE rowid=413;
UPDATE unit_promotion_status SET unit_id=107601, hp=2250.0, atk=590.0, def=74.0, magic_def=27.0, wave_hp_recovery=1100.0, dodge=10.0 WHERE rowid=414;
UPDATE unit_promotion_status SET unit_id=107601, hp=2880.0, atk=758.0, magic_str=46.0, def=97.0, magic_def=43.0, wave_hp_recovery=1425.0, dodge=10.0, hp_recovery_rate=15.0 WHERE rowid=415;
UPDATE unit_promotion_status SET unit_id=107601, hp=3830.0, atk=929.0, magic_str=102.0, def=117.0, magic_def=59.0, physical_critical=5.0, wave_hp_recovery=1625.0, dodge=15.0, hp_recovery_rate=45.0 WHERE rowid=416;
UPDATE unit_promotion_status SET unit_id=400401 WHERE rowid=417;
UPDATE unit_promotion_status SET unit_id=400401 WHERE rowid=418;
UPDATE unit_promotion_status SET unit_id=400401 WHERE rowid=419;
UPDATE unit_promotion_status SET unit_id=400401 WHERE rowid=420;
UPDATE unit_promotion_status SET unit_id=400401 WHERE rowid=421;
UPDATE unit_promotion_status SET unit_id=400401 WHERE rowid=422;
UPDATE unit_promotion_status SET unit_id=400401 WHERE rowid=423;
UPDATE unit_promotion_status SET unit_id=400401 WHERE rowid=424;
INSERT INTO unit_promotion_status(rowid,unit_id,promotion_level,hp,atk,magic_str,def,magic_def,physical_critical,magic_critical,wave_hp_recovery,wave_energy_recovery,dodge,physical_penetrate,magic_penetrate,life_steal,hp_recovery_rate,energy_recovery_rate,energy_reduce_rate) VALUES(425,403101,2,0.0,0.0,0.0,0.0,0.0,0.0,0.0,0.0,0.0,0.0,0.0,0.0,0.0,0.0,0.0,0.0);
INSERT INTO unit_promotion_status(rowid,unit_id,promotion_level,hp,atk,magic_str,def,magic_def,physical_critical,magic_critical,wave_hp_recovery,wave_energy_recovery,dodge,physical_penetrate,magic_penetrate,life_steal,hp_recovery_rate,energy_recovery_rate,energy_reduce_rate) VALUES(426,403101,3,0.0,0.0,0.0,0.0,0.0,0.0,0.0,0.0,0.0,0.0,0.0,0.0,0.0,0.0,0.0,0.0);
INSERT INTO unit_promotion_status(rowid,unit_id,promotion_level,hp,atk,magic_str,def,magic_def,physical_critical,magic_critical,wave_hp_recovery,wave_energy_recovery,dodge,physical_penetrate,magic_penetrate,life_steal,hp_recovery_rate,energy_recovery_rate,energy_reduce_rate) VALUES(427,403101,4,0.0,0.0,0.0,0.0,0.0,0.0,0.0,0.0,0.0,0.0,0.0,0.0,0.0,0.0,0.0,0.0);
INSERT INTO unit_promotion_status(rowid,unit_id,promotion_level,hp,atk,magic_str,def,magic_def,physical_critical,magic_critical,wave_hp_recovery,wave_energy_recovery,dodge,physical_penetrate,magic_penetrate,life_steal,hp_recovery_rate,energy_recovery_rate,energy_reduce_rate) VALUES(428,403101,5,0.0,0.0,0.0,0.0,0.0,0.0,0.0,0.0,0.0,0.0,0.0,0.0,0.0,0.0,0.0,0.0);
INSERT INTO unit_promotion_status(rowid,unit_id,promotion_level,hp,atk,magic_str,def,magic_def,physical_critical,magic_critical,wave_hp_recovery,wave_energy_recovery,dodge,physical_penetrate,magic_penetrate,life_steal,hp_recovery_rate,energy_recovery_rate,energy_reduce_rate) VALUES(429,403101,6,0.0,0.0,0.0,0.0,0.0,0.0,0.0,0.0,0.0,0.0,0.0,0.0,0.0,0.0,0.0,0.0);
INSERT INTO unit_promotion_status(rowid,unit_id,promotion_level,hp,atk,magic_str,def,magic_def,physical_critical,magic_critical,wave_hp_recovery,wave_energy_recovery,dodge,physical_penetrate,magic_penetrate,life_steal,hp_recovery_rate,energy_recovery_rate,energy_reduce_rate) VALUES(430,403101,7,0.0,0.0,0.0,0.0,0.0,0.0,0.0,0.0,0.0,0.0,0.0,0.0,0.0,0.0,0.0,0.0);
INSERT INTO unit_promotion_status(rowid,unit_id,promotion_level,hp,atk,magic_str,def,magic_def,physical_critical,magic_critical,wave_hp_recovery,wave_energy_recovery,dodge,physical_penetrate,magic_penetrate,life_steal,hp_recovery_rate,energy_recovery_rate,energy_reduce_rate) VALUES(431,403101,8,0.0,0.0,0.0,0.0,0.0,0.0,0.0,0.0,0.0,0.0,0.0,0.0,0.0,0.0,0.0,0.0);
INSERT INTO unit_promotion_status(rowid,unit_id,promotion_level,hp,atk,magic_str,def,magic_def,physical_critical,magic_critical,wave_hp_recovery,wave_energy_recovery,dodge,physical_penetrate,magic_penetrate,life_steal,hp_recovery_rate,energy_recovery_rate,energy_reduce_rate) VALUES(432,403101,9,0.0,0.0,0.0,0.0,0.0,0.0,0.0,0.0,0.0,0.0,0.0,0.0,0.0,0.0,0.0,0.0);
INSERT INTO unit_promotion_status(rowid,unit_id,promotion_level,hp,atk,magic_str,def,magic_def,physical_critical,magic_critical,wave_hp_recovery,wave_energy_recovery,dodge,physical_penetrate,magic_penetrate,life_steal,hp_recovery_rate,energy_recovery_rate,energy_reduce_rate) VALUES(433,404201,2,0.0,0.0,0.0,0.0,0.0,0.0,0.0,0.0,0.0,0.0,0.0,0.0,0.0,0.0,0.0,0.0);
INSERT INTO unit_promotion_status(rowid,unit_id,promotion_level,hp,atk,magic_str,def,magic_def,physical_critical,magic_critical,wave_hp_recovery,wave_energy_recovery,dodge,physical_penetrate,magic_penetrate,life_steal,hp_recovery_rate,energy_recovery_rate,energy_reduce_rate) VALUES(434,404201,3,0.0,0.0,0.0,0.0,0.0,0.0,0.0,0.0,0.0,0.0,0.0,0.0,0.0,0.0,0.0,0.0);
INSERT INTO unit_promotion_status(rowid,unit_id,promotion_level,hp,atk,magic_str,def,magic_def,physical_critical,magic_critical,wave_hp_recovery,wave_energy_recovery,dodge,physical_penetrate,magic_penetrate,life_steal,hp_recovery_rate,energy_recovery_rate,energy_reduce_rate) VALUES(435,404201,4,0.0,0.0,0.0,0.0,0.0,0.0,0.0,0.0,0.0,0.0,0.0,0.0,0.0,0.0,0.0,0.0);
INSERT INTO unit_promotion_status(rowid,unit_id,promotion_level,hp,atk,magic_str,def,magic_def,physical_critical,magic_critical,wave_hp_recovery,wave_energy_recovery,dodge,physical_penetrate,magic_penetrate,life_steal,hp_recovery_rate,energy_recovery_rate,energy_reduce_rate) VALUES(436,404201,5,0.0,0.0,0.0,0.0,0.0,0.0,0.0,0.0,0.0,0.0,0.0,0.0,0.0,0.0,0.0,0.0);
INSERT INTO unit_promotion_status(rowid,unit_id,promotion_level,hp,atk,magic_str,def,magic_def,physical_critical,magic_critical,wave_hp_recovery,wave_energy_recovery,dodge,physical_penetrate,magic_penetrate,life_steal,hp_recovery_rate,energy_recovery_rate,energy_reduce_rate) VALUES(437,404201,6,0.0,0.0,0.0,0.0,0.0,0.0,0.0,0.0,0.0,0.0,0.0,0.0,0.0,0.0,0.0,0.0);
INSERT INTO unit_promotion_status(rowid,unit_id,promotion_level,hp,atk,magic_str,def,magic_def,physical_critical,magic_critical,wave_hp_recovery,wave_energy_recovery,dodge,physical_penetrate,magic_penetrate,life_steal,hp_recovery_rate,energy_recovery_rate,energy_reduce_rate) VALUES(438,404201,7,0.0,0.0,0.0,0.0,0.0,0.0,0.0,0.0,0.0,0.0,0.0,0.0,0.0,0.0,0.0,0.0);
INSERT INTO unit_promotion_status(rowid,unit_id,promotion_level,hp,atk,magic_str,def,magic_def,physical_critical,magic_critical,wave_hp_recovery,wave_energy_recovery,dodge,physical_penetrate,magic_penetrate,life_steal,hp_recovery_rate,energy_recovery_rate,energy_reduce_rate) VALUES(439,404201,8,0.0,0.0,0.0,0.0,0.0,0.0,0.0,0.0,0.0,0.0,0.0,0.0,0.0,0.0,0.0,0.0);
INSERT INTO unit_promotion_status(rowid,unit_id,promotion_level,hp,atk,magic_str,def,magic_def,physical_critical,magic_critical,wave_hp_recovery,wave_energy_recovery,dodge,physical_penetrate,magic_penetrate,life_steal,hp_recovery_rate,energy_recovery_rate,energy_reduce_rate) VALUES(440,404201,9,0.0,0.0,0.0,0.0,0.0,0.0,0.0,0.0,0.0,0.0,0.0,0.0,0.0,0.0,0.0,0.0);
UPDATE unit_rarity SET unit_id=107501, hp=344.6, hp_growth=38.29, atk=56.39, atk_growth=6.27, def=2.96, def_growth=0.33, magic_def=2.05, magic_def_growth=0.23, physical_critical=20.0, unit_material_id=31075 WHERE rowid=251;
UPDATE unit_rarity SET unit_id=107501, hp=413.5, hp_growth=57.44, atk=67.67, atk_growth=9.41, def=3.55, def_growth=0.5, magic_def=2.46, magic_def_growth=0.35, physical_critical=20.0, unit_material_id=31075 WHERE rowid=252;
UPDATE unit_rarity SET unit_id=107501, hp=482.4, hp_growth=76.58, atk=78.95, atk_growth=12.54, def=4.14, def_growth=0.66, magic_def=2.87, magic_def_growth=0.46, physical_critical=20.0, unit_material_id=31075 WHERE rowid=253;
UPDATE unit_rarity SET unit_id=107501, hp=551.4, hp_growth=95.73, atk=90.22, atk_growth=15.68, def=4.74, def_growth=0.83, magic_def=3.28, magic_def_growth=0.58, physical_critical=20.0, unit_material_id=31075 WHERE rowid=254;
UPDATE unit_rarity SET unit_id=107501, hp=620.3, hp_growth=114.9, atk=101.5, atk_growth=18.81, def=5.33, def_growth=0.99, magic_def=3.69, magic_def_growth=0.69, physical_critical=20.0, unit_material_id=31075 WHERE rowid=255;
UPDATE unit_rarity SET unit_id=107601, hp=372.9, hp_growth=41.43, atk=46.94, atk_growth=5.22, magic_str=0.0, magic_str_growth=0.0, def=2.16, def_growth=0.24, magic_def=2.62, magic_def_growth=0.29, physical_critical=10.0, unit_material_id=31076 WHERE rowid=256;
UPDATE unit_rarity SET unit_id=107601, hp=447.5, hp_growth=62.15, atk=56.33, atk_growth=7.83, magic_str=0.0, magic_str_growth=0.0, def=2.59, def_growth=0.36, magic_def=3.14, magic_def_growth=0.44, physical_critical=10.0, unit_material_id=31076 WHERE rowid=257;
UPDATE unit_rarity SET unit_id=107601, hp=522.1, hp_growth=82.86, atk=65.72, atk_growth=10.44, magic_str=0.0, magic_str_growth=0.0, def=3.02, def_growth=0.48, magic_def=3.67, magic_def_growth=0.58, physical_critical=10.0, unit_material_id=31076 WHERE rowid=258;
UPDATE unit_rarity SET unit_id=107601, hp=596.6, hp_growth=103.6, atk=75.1, atk_growth=13.05, magic_str=0.0, magic_str_growth=0.0, def=3.46, def_growth=0.6, magic_def=4.19, magic_def_growth=0.73, physical_critical=10.0, unit_material_id=31076 WHERE rowid=259;
UPDATE unit_rarity SET unit_id=107601, hp=671.2, hp_growth=124.3, atk=84.49, atk_growth=15.66, magic_str=0.0, magic_str_growth=0.0, def=3.89, def_growth=0.72, magic_def=4.72, magic_def_growth=0.87, physical_critical=10.0, unit_material_id=31076 WHERE rowid=260;
UPDATE unit_rarity SET unit_id=403101, hp=69.72, hp_growth=7.75, atk=78.38, atk_growth=8.71, magic_str=0.0, magic_str_growth=0.0, def=5.35, def_growth=0.59, magic_def=3.99, magic_def_growth=0.44, physical_critical=0.0, physical_critical_growth=0.0, unit_material_id=31008 WHERE rowid=261;
UPDATE unit_rarity SET unit_id=403101, hp=83.66, hp_growth=11.62, atk=94.05, atk_growth=13.06, magic_str=0.0, magic_str_growth=0.0, def=6.42, def_growth=0.88, magic_def=4.78, magic_def_growth=0.66, physical_critical=0.0, physical_critical_growth=0.0, unit_material_id=31008 WHERE rowid=262;
UPDATE unit_rarity SET unit_id=403101, hp=97.6, hp_growth=15.5, atk=109.8, atk_growth=17.42, magic_str=0.0, magic_str_growth=0.0, def=7.49, def_growth=1.18, magic_def=5.58, magic_def_growth=0.88, physical_critical=0.0, physical_critical_growth=0.0, unit_material_id=31008 WHERE rowid=263;
UPDATE unit_rarity SET unit_id=403101, hp=111.6, hp_growth=19.37, atk=125.4, atk_growth=21.77, magic_str=0.0, magic_str_growth=0.0, def=8.56, def_growth=1.47, magic_def=6.38, magic_def_growth=1.1, physical_critical=0.0, physical_critical_growth=0.0, unit_material_id=31008 WHERE rowid=264;
UPDATE unit_rarity SET unit_id=403101, hp=125.5, hp_growth=23.25, atk=141.1, atk_growth=26.13, magic_str=0.0, magic_str_growth=0.0, def=9.63, def_growth=1.77, magic_def=7.18, magic_def_growth=1.32, physical_critical=0.0, physical_critical_growth=0.0, unit_material_id=31008 WHERE rowid=265;
UPDATE unit_rarity SET unit_id=404201, hp=174.1, hp_growth=19.34, atk=0.0, atk_growth=0.0, magic_str=78.38, magic_str_growth=8.71, def=0.0, def_growth=0.0, magic_def=0.0, magic_def_growth=0.0, physical_critical=0.0, physical_critical_growth=0.0, unit_material_id=31008 WHERE rowid=266;
UPDATE unit_rarity SET unit_id=404201, hp=208.9, hp_growth=29.01, atk=0.0, atk_growth=0.0, magic_str=94.05, magic_str_growth=13.06, def=0.0, def_growth=0.0, magic_def=0.0, magic_def_growth=0.0, physical_critical=0.0, physical_critical_growth=0.0, unit_material_id=31008 WHERE rowid=267;
UPDATE unit_rarity SET unit_id=404201, hp=243.8, hp_growth=38.68, atk=0.0, atk_growth=0.0, magic_str=109.8, magic_str_growth=17.42, def=0.0, def_growth=0.0, magic_def=0.0, magic_def_growth=0.0, physical_critical=0.0, physical_critical_growth=0.0, unit_material_id=31008 WHERE rowid=268;
UPDATE unit_rarity SET unit_id=404201, hp=278.6, hp_growth=48.35, atk=0.0, atk_growth=0.0, magic_str=125.4, magic_str_growth=21.77, def=0.0, def_growth=0.0, magic_def=0.0, magic_def_growth=0.0, physical_critical=0.0, physical_critical_growth=0.0, unit_material_id=31008 WHERE rowid=269;
UPDATE unit_rarity SET unit_id=404201, hp=313.4, hp_growth=58.02, atk=0.0, atk_growth=0.0, magic_str=141.1, magic_str_growth=26.13, def=0.0, def_growth=0.0, magic_def=0.0, magic_def_growth=0.0, physical_critical=0.0, physical_critical_growth=0.0, unit_material_id=31008 WHERE rowid=270;
UPDATE unit_rarity SET unit_id=501200, hp=343.0, hp_growth=58.0, magic_str=18.0, magic_str_growth=3.0, def=16.0, unit_material_id=31027 WHERE rowid=271;
UPDATE unit_rarity SET unit_id=501200, hp=371.0, hp_growth=86.0, atk=22.0, magic_str=20.0, magic_str_growth=5.0, physical_critical=22.0, unit_material_id=31027 WHERE rowid=272;
UPDATE unit_rarity SET unit_id=501200, hp=400.0, hp_growth=115.0, atk_growth=2.0, magic_str=22.0, magic_str_growth=6.0, physical_critical_growth=2.0, unit_material_id=31027 WHERE rowid=273;
UPDATE unit_rarity SET unit_id=501200, hp=429.0, hp_growth=144.0, atk=23.0, magic_str=23.0, magic_str_growth=8.0, magic_def=15.0, physical_critical=23.0, unit_material_id=31027 WHERE rowid=274;
UPDATE unit_rarity SET unit_id=501200, hp=458.0, hp_growth=173.0, atk=23.0, atk_growth=3.0, magic_str=25.0, magic_str_growth=10.0, def=17.0, magic_def=15.0, physical_critical=23.0, physical_critical_growth=3.0, unit_material_id=31027 WHERE rowid=275;
UPDATE unit_rarity SET unit_id=900001 WHERE rowid=276;
UPDATE unit_rarity SET unit_id=900001 WHERE rowid=277;
UPDATE unit_rarity SET unit_id=900001 WHERE rowid=278;
UPDATE unit_rarity SET unit_id=900001 WHERE rowid=279;
UPDATE unit_rarity SET unit_id=900001 WHERE rowid=280;
UPDATE unit_rarity SET unit_id=900002 WHERE rowid=281;
UPDATE unit_rarity SET unit_id=900002 WHERE rowid=282;
UPDATE unit_rarity SET unit_id=900002 WHERE rowid=283;
UPDATE unit_rarity SET unit_id=900002 WHERE rowid=284;
UPDATE unit_rarity SET unit_id=900002 WHERE rowid=285;
UPDATE unit_rarity SET unit_id=900102 WHERE rowid=286;
UPDATE unit_rarity SET unit_id=900102 WHERE rowid=287;
UPDATE unit_rarity SET unit_id=900102 WHERE rowid=288;
UPDATE unit_rarity SET unit_id=900102 WHERE rowid=289;
UPDATE unit_rarity SET unit_id=900102 WHERE rowid=290;
UPDATE unit_rarity SET unit_id=900201 WHERE rowid=291;
UPDATE unit_rarity SET unit_id=900201 WHERE rowid=292;
UPDATE unit_rarity SET unit_id=900201 WHERE rowid=293;
UPDATE unit_rarity SET unit_id=900201 WHERE rowid=294;
UPDATE unit_rarity SET unit_id=900201 WHERE rowid=295;
UPDATE unit_rarity SET unit_id=900202 WHERE rowid=296;
UPDATE unit_rarity SET unit_id=900202 WHERE rowid=297;
UPDATE unit_rarity SET unit_id=900202 WHERE rowid=298;
UPDATE unit_rarity SET unit_id=900202 WHERE rowid=299;
UPDATE unit_rarity SET unit_id=900202 WHERE rowid=300;
UPDATE unit_rarity SET unit_id=900302, hp=319.0, hp_growth=34.0, atk=22.0, atk_growth=1.0, magic_str=20.0, magic_str_growth=5.0, def=15.0, def_growth=1.0, magic_def=15.0, magic_def_growth=1.0, physical_critical=22.0, physical_critical_growth=1.0, unit_material_id=31001 WHERE rowid=301;
UPDATE unit_rarity SET unit_id=900302, hp=336.0, hp_growth=51.0, atk=23.0, atk_growth=2.0, magic_str=23.0, def=16.0, def_growth=1.0, magic_def=15.0, magic_def_growth=1.0, physical_critical=23.0, physical_critical_growth=2.0, unit_material_id=31001 WHERE rowid=302;
UPDATE unit_rarity SET unit_id=900302, hp=353.0, hp_growth=68.0, atk=23.0, atk_growth=3.0, magic_str=25.0, magic_str_growth=10.0, def=16.0, def_growth=1.0, magic_def=15.0, magic_def_growth=1.0, physical_critical=23.0, physical_critical_growth=3.0, unit_material_id=31001 WHERE rowid=303;
UPDATE unit_rarity SET unit_id=900302, hp=371.0, hp_growth=86.0, atk=24.0, atk_growth=3.0, magic_str=28.0, def=16.0, def_growth=1.0, magic_def=16.0, physical_critical=24.0, physical_critical_growth=3.0, unit_material_id=31001 WHERE rowid=304;
UPDATE unit_rarity SET unit_id=900302, hp=388.0, hp_growth=103.0, atk=24.0, atk_growth=4.0, magic_str=30.0, def=16.0, def_growth=1.0, magic_def=16.0, physical_critical=24.0, physical_critical_growth=4.0, unit_material_id=31001 WHERE rowid=305;
UPDATE unit_rarity SET unit_id=901201, hp=319.0, hp_growth=34.0, atk=22.0, atk_growth=1.0, magic_str=20.0, magic_str_growth=5.0, def=15.0, def_growth=1.0, magic_def=15.0, magic_def_growth=1.0, physical_critical=22.0, physical_critical_growth=1.0, unit_material_id=31001 WHERE rowid=306;
UPDATE unit_rarity SET unit_id=901201, hp=336.0, hp_growth=51.0, atk=23.0, atk_growth=2.0, magic_str=23.0, def=16.0, def_growth=1.0, magic_def=15.0, magic_def_growth=1.0, physical_critical=23.0, physical_critical_growth=2.0, unit_material_id=31001 WHERE rowid=307;
UPDATE unit_rarity SET unit_id=901201, hp=353.0, hp_growth=68.0, atk=23.0, atk_growth=3.0, magic_str=25.0, magic_str_growth=10.0, def=16.0, def_growth=1.0, magic_def=15.0, magic_def_growth=1.0, physical_critical=23.0, physical_critical_growth=3.0, unit_material_id=31001 WHERE rowid=308;
UPDATE unit_rarity SET unit_id=901201, hp=371.0, hp_growth=86.0, atk=24.0, atk_growth=3.0, magic_str=28.0, def=16.0, def_growth=1.0, magic_def=16.0, physical_critical=24.0, physical_critical_growth=3.0, unit_material_id=31001 WHERE rowid=309;
UPDATE unit_rarity SET unit_id=901201, hp=388.0, hp_growth=103.0, atk=24.0, atk_growth=4.0, magic_str=30.0, def=16.0, def_growth=1.0, magic_def=16.0, physical_critical=24.0, physical_critical_growth=4.0, unit_material_id=31001 WHERE rowid=310;
UPDATE unit_rarity SET unit_id=902501, hp=271.0, hp_growth=33.0, atk=19.0, atk_growth=2.0, magic_str=38.0, magic_str_growth=4.0, def=1.0, def_growth=0.0, magic_def=3.0, magic_def_growth=0.0, physical_critical=2.0, physical_critical_growth=0.0, unit_material_id=39025 WHERE rowid=311;
UPDATE unit_rarity SET unit_id=902501, hp=285.0, hp_growth=50.0, atk=20.0, atk_growth=3.0, magic_str=40.0, magic_str_growth=7.0, def=1.0, def_growth=0.0, magic_def=3.0, magic_def_growth=0.0, physical_critical=3.0, physical_critical_growth=0.0, unit_material_id=39025 WHERE rowid=312;
UPDATE unit_rarity SET unit_id=902501, hp=298.0, hp_growth=67.0, atk=21.0, atk_growth=4.0, magic_str=42.0, magic_str_growth=9.0, def=1.0, def_growth=0.0, magic_def=3.0, magic_def_growth=0.0, physical_critical=3.0, physical_critical_growth=0.0, unit_material_id=39025 WHERE rowid=313;
UPDATE unit_rarity SET unit_id=902501, hp=312.0, hp_growth=84.0, atk_growth=6.0, magic_str=44.0, magic_str_growth=12.0, def=1.0, def_growth=0.0, magic_def=3.0, physical_critical=3.0, physical_critical_growth=0.0, unit_material_id=39025 WHERE rowid=314;
UPDATE unit_rarity SET unit_id=902501, hp=326.0, hp_growth=101.0, atk_growth=7.0, magic_str=46.0, magic_str_growth=14.0, def=1.0, def_growth=0.0, magic_def=3.0, physical_critical=3.0, physical_critical_growth=1.0, unit_material_id=39025 WHERE rowid=315;
UPDATE unit_rarity SET unit_id=902601, hp=271.0, hp_growth=33.0, atk=19.0, atk_growth=2.0, magic_str=38.0, magic_str_growth=4.0, def=1.0, def_growth=0.0, magic_def=3.0, magic_def_growth=0.0, physical_critical=2.0, physical_critical_growth=0.0, unit_material_id=39026 WHERE rowid=316;
UPDATE unit_rarity SET unit_id=902601, hp=285.0, hp_growth=50.0, atk=20.0, atk_growth=3.0, magic_str=40.0, def=1.0, def_growth=0.0, magic_def=3.0, magic_def_growth=0.0, physical_critical=3.0, physical_critical_growth=0.0, unit_material_id=39026 WHERE rowid=317;
UPDATE unit_rarity SET unit_id=902601, hp=298.0, hp_growth=67.0, atk=21.0, atk_growth=4.0, magic_str=42.0, magic_str_growth=9.0, def=1.0, def_growth=0.0, magic_def=3.0, magic_def_growth=0.0, physical_critical=3.0, physical_critical_growth=0.0, unit_material_id=39026 WHERE rowid=318;
UPDATE unit_rarity SET unit_id=902601, hp=312.0, hp_growth=84.0, atk=22.0, atk_growth=6.0, magic_str=44.0, def=1.0, def_growth=0.0, magic_def=3.0, physical_critical=3.0, physical_critical_growth=0.0, unit_material_id=39026 WHERE rowid=319;
UPDATE unit_rarity SET unit_id=902601, hp=326.0, hp_growth=101.0, atk=23.0, atk_growth=7.0, magic_str=46.0, def=1.0, def_growth=0.0, magic_def=3.0, physical_critical=3.0, physical_critical_growth=1.0, unit_material_id=39026 WHERE rowid=320;
UPDATE unit_rarity SET unit_id=905801, hp=344.0, hp_growth=59.0, unit_material_id=31003 WHERE rowid=321;
UPDATE unit_rarity SET unit_id=905801, hp=374.0, hp_growth=89.0, atk=22.0, atk_growth=1.0, magic_str_growth=8.0, physical_critical=22.0, physical_critical_growth=1.0, unit_material_id=31003 WHERE rowid=322;
UPDATE unit_rarity SET unit_id=905801, hp=404.0, hp_growth=119.0, atk=22.0, atk_growth=1.0, magic_str=26.0, physical_critical=22.0, physical_critical_growth=1.0, unit_material_id=31003 WHERE rowid=323;
UPDATE unit_rarity SET unit_id=905801, hp=434.0, hp_growth=149.0, atk=22.0, atk_growth=2.0, magic_str_growth=13.0, physical_critical=22.0, physical_critical_growth=2.0, unit_material_id=31003 WHERE rowid=324;
UPDATE unit_rarity SET unit_id=905801, hp=463.0, hp_growth=178.0, atk=23.0, atk_growth=2.0, magic_str=31.0, magic_str_growth=15.0, physical_critical=23.0, physical_critical_growth=2.0, unit_material_id=31003 WHERE rowid=325;
INSERT INTO unit_rarity(rowid,unit_id,rarity,hp,hp_growth,atk,atk_growth,magic_str,magic_str_growth,def,def_growth,magic_def,magic_def_growth,physical_critical,physical_critical_growth,magic_critical,magic_critical_growth,wave_hp_recovery,wave_hp_recovery_growth,wave_energy_recovery,wave_energy_recovery_growth,dodge,dodge_growth,physical_penetrate,physical_penetrate_growth,magic_penetrate,magic_penetrate_growth,life_steal,life_steal_growth,hp_recovery_rate,hp_recovery_rate_growth,energy_recovery_rate,energy_recovery_rate_growth,energy_reduce_rate,energy_reduce_rate_growth,unit_material_id,consume_num,consume_gold) VALUES(326,905901,1,319.0,34.0,22.0,1.0,20.0,5.0,15.0,1.0,15.0,1.0,22.0,1.0,0.0,0.0,0.0,0.0,0.0,0.0,0.0,0.0,0.0,0.0,0.0,0.0,0.0,0.0,0.0,0.0,0.0,0.0,0.0,0.0,31001,15,10000);
INSERT INTO unit_rarity(rowid,unit_id,rarity,hp,hp_growth,atk,atk_growth,magic_str,magic_str_growth,def,def_growth,magic_def,magic_def_growth,physical_critical,physical_critical_growth,magic_critical,magic_critical_growth,wave_hp_recovery,wave_hp_recovery_growth,wave_energy_recovery,wave_energy_recovery_growth,dodge,dodge_growth,physical_penetrate,physical_penetrate_growth,magic_penetrate,magic_penetrate_growth,life_steal,life_steal_growth,hp_recovery_rate,hp_recovery_rate_growth,energy_recovery_rate,energy_recovery_rate_growth,energy_reduce_rate,energy_reduce_rate_growth,unit_material_id,consume_num,consume_gold) VALUES(327,905901,2,336.0,51.0,23.0,2.0,23.0,7.0,16.0,1.0,15.0,1.0,23.0,2.0,0.0,0.0,0.0,0.0,0.0,0.0,0.0,0.0,0.0,0.0,0.0,0.0,0.0,0.0,0.0,0.0,0.0,0.0,0.0,0.0,31001,30,20000);
INSERT INTO unit_rarity(rowid,unit_id,rarity,hp,hp_growth,atk,atk_growth,magic_str,magic_str_growth,def,def_growth,magic_def,magic_def_growth,physical_critical,physical_critical_growth,magic_critical,magic_critical_growth,wave_hp_recovery,wave_hp_recovery_growth,wave_energy_recovery,wave_energy_recovery_growth,dodge,dodge_growth,physical_penetrate,physical_penetrate_growth,magic_penetrate,magic_penetrate_growth,life_steal,life_steal_growth,hp_recovery_rate,hp_recovery_rate_growth,energy_recovery_rate,energy_recovery_rate_growth,energy_reduce_rate,energy_reduce_rate_growth,unit_material_id,consume_num,consume_gold) VALUES(328,905901,3,353.0,68.0,23.0,3.0,25.0,10.0,16.0,1.0,15.0,1.0,23.0,3.0,0.0,0.0,0.0,0.0,0.0,0.0,0.0,0.0,0.0,0.0,0.0,0.0,0.0,0.0,0.0,0.0,0.0,0.0,0.0,0.0,31001,100,30000);
INSERT INTO unit_rarity(rowid,unit_id,rarity,hp,hp_growth,atk,atk_growth,magic_str,magic_str_growth,def,def_growth,magic_def,magic_def_growth,physical_critical,physical_critical_growth,magic_critical,magic_critical_growth,wave_hp_recovery,wave_hp_recovery_growth,wave_energy_recovery,wave_energy_recovery_growth,dodge,dodge_growth,physical_penetrate,physical_penetrate_growth,magic_penetrate,magic_penetrate_growth,life_steal,life_steal_growth,hp_recovery_rate,hp_recovery_rate_growth,energy_recovery_rate,energy_recovery_rate_growth,energy_reduce_rate,energy_reduce_rate_growth,unit_material_id,consume_num,consume_gold) VALUES(329,905901,4,371.0,86.0,24.0,3.0,28.0,12.0,16.0,1.0,16.0,1.0,24.0,3.0,0.0,0.0,0.0,0.0,0.0,0.0,0.0,0.0,0.0,0.0,0.0,0.0,0.0,0.0,0.0,0.0,0.0,0.0,0.0,0.0,31001,120,40000);
INSERT INTO unit_rarity(rowid,unit_id,rarity,hp,hp_growth,atk,atk_growth,magic_str,magic_str_growth,def,def_growth,magic_def,magic_def_growth,physical_critical,physical_critical_growth,magic_critical,magic_critical_growth,wave_hp_recovery,wave_hp_recovery_growth,wave_energy_recovery,wave_energy_recovery_growth,dodge,dodge_growth,physical_penetrate,physical_penetrate_growth,magic_penetrate,magic_penetrate_growth,life_steal,life_steal_growth,hp_recovery_rate,hp_recovery_rate_growth,energy_recovery_rate,energy_recovery_rate_growth,energy_reduce_rate,energy_reduce_rate_growth,unit_material_id,consume_num,consume_gold) VALUES(330,905901,5,388.0,103.0,24.0,4.0,30.0,14.0,16.0,1.0,16.0,1.0,24.0,4.0,0.0,0.0,0.0,0.0,0.0,0.0,0.0,0.0,0.0,0.0,0.0,0.0,0.0,0.0,0.0,0.0,0.0,0.0,0.0,0.0,31001,150,50000);
INSERT INTO unit_rarity(rowid,unit_id,rarity,hp,hp_growth,atk,atk_growth,magic_str,magic_str_growth,def,def_growth,magic_def,magic_def_growth,physical_critical,physical_critical_growth,magic_critical,magic_critical_growth,wave_hp_recovery,wave_hp_recovery_growth,wave_energy_recovery,wave_energy_recovery_growth,dodge,dodge_growth,physical_penetrate,physical_penetrate_growth,magic_penetrate,magic_penetrate_growth,life_steal,life_steal_growth,hp_recovery_rate,hp_recovery_rate_growth,energy_recovery_rate,energy_recovery_rate_growth,energy_reduce_rate,energy_reduce_rate_growth,unit_material_id,consume_num,consume_gold) VALUES(331,905902,1,319.0,34.0,22.0,1.0,20.0,5.0,15.0,1.0,15.0,1.0,22.0,1.0,0.0,0.0,0.0,0.0,0.0,0.0,0.0,0.0,0.0,0.0,0.0,0.0,0.0,0.0,0.0,0.0,0.0,0.0,0.0,0.0,31001,15,10000);
INSERT INTO unit_rarity(rowid,unit_id,rarity,hp,hp_growth,atk,atk_growth,magic_str,magic_str_growth,def,def_growth,magic_def,magic_def_growth,physical_critical,physical_critical_growth,magic_critical,magic_critical_growth,wave_hp_recovery,wave_hp_recovery_growth,wave_energy_recovery,wave_energy_recovery_growth,dodge,dodge_growth,physical_penetrate,physical_penetrate_growth,magic_penetrate,magic_penetrate_growth,life_steal,life_steal_growth,hp_recovery_rate,hp_recovery_rate_growth,energy_recovery_rate,energy_recovery_rate_growth,energy_reduce_rate,energy_reduce_rate_growth,unit_material_id,consume_num,consume_gold) VALUES(332,905902,2,336.0,51.0,23.0,2.0,23.0,7.0,16.0,1.0,15.0,1.0,23.0,2.0,0.0,0.0,0.0,0.0,0.0,0.0,0.0,0.0,0.0,0.0,0.0,0.0,0.0,0.0,0.0,0.0,0.0,0.0,0.0,0.0,31001,30,20000);
INSERT INTO unit_rarity(rowid,unit_id,rarity,hp,hp_growth,atk,atk_growth,magic_str,magic_str_growth,def,def_growth,magic_def,magic_def_growth,physical_critical,physical_critical_growth,magic_critical,magic_critical_growth,wave_hp_recovery,wave_hp_recovery_growth,wave_energy_recovery,wave_energy_recovery_growth,dodge,dodge_growth,physical_penetrate,physical_penetrate_growth,magic_penetrate,magic_penetrate_growth,life_steal,life_steal_growth,hp_recovery_rate,hp_recovery_rate_growth,energy_recovery_rate,energy_recovery_rate_growth,energy_reduce_rate,energy_reduce_rate_growth,unit_material_id,consume_num,consume_gold) VALUES(333,905902,3,353.0,68.0,23.0,3.0,25.0,10.0,16.0,1.0,15.0,1.0,23.0,3.0,0.0,0.0,0.0,0.0,0.0,0.0,0.0,0.0,0.0,0.0,0.0,0.0,0.0,0.0,0.0,0.0,0.0,0.0,0.0,0.0,31001,100,30000);
INSERT INTO unit_rarity(rowid,unit_id,rarity,hp,hp_growth,atk,atk_growth,magic_str,magic_str_growth,def,def_growth,magic_def,magic_def_growth,physical_critical,physical_critical_growth,magic_critical,magic_critical_growth,wave_hp_recovery,wave_hp_recovery_growth,wave_energy_recovery,wave_energy_recovery_growth,dodge,dodge_growth,physical_penetrate,physical_penetrate_growth,magic_penetrate,magic_penetrate_growth,life_steal,life_steal_growth,hp_recovery_rate,hp_recovery_rate_growth,energy_recovery_rate,energy_recovery_rate_growth,energy_reduce_rate,energy_reduce_rate_growth,unit_material_id,consume_num,consume_gold) VALUES(334,905902,4,371.0,86.0,24.0,3.0,28.0,12.0,16.0,1.0,16.0,1.0,24.0,3.0,0.0,0.0,0.0,0.0,0.0,0.0,0.0,0.0,0.0,0.0,0.0,0.0,0.0,0.0,0.0,0.0,0.0,0.0,0.0,0.0,31001,120,40000);
INSERT INTO unit_rarity(rowid,unit_id,rarity,hp,hp_growth,atk,atk_growth,magic_str,magic_str_growth,def,def_growth,magic_def,magic_def_growth,physical_critical,physical_critical_growth,magic_critical,magic_critical_growth,wave_hp_recovery,wave_hp_recovery_growth,wave_energy_recovery,wave_energy_recovery_growth,dodge,dodge_growth,physical_penetrate,physical_penetrate_growth,magic_penetrate,magic_penetrate_growth,life_steal,life_steal_growth,hp_recovery_rate,hp_recovery_rate_growth,energy_recovery_rate,energy_recovery_rate_growth,energy_reduce_rate,energy_reduce_rate_growth,unit_material_id,consume_num,consume_gold) VALUES(335,905902,5,388.0,103.0,24.0,4.0,30.0,14.0,16.0,1.0,16.0,1.0,24.0,4.0,0.0,0.0,0.0,0.0,0.0,0.0,0.0,0.0,0.0,0.0,0.0,0.0,0.0,0.0,0.0,0.0,0.0,0.0,0.0,0.0,31001,150,50000);
INSERT INTO unit_skill_data(unit_id,union_burst,main_skill_1,main_skill_2,main_skill_3,main_skill_4,main_skill_5,main_skill_6,main_skill_7,main_skill_8,main_skill_9,main_skill_10,ex_skill_1,ex_skill_evolution_1,ex_skill_2,ex_skill_evolution_2,ex_skill_3,ex_skill_evolution_3,ex_skill_4,ex_skill_evolution_4,ex_skill_5,ex_skill_evolution_5,sp_skill_1,sp_skill_2,sp_skill_3,sp_skill_4,sp_skill_5) VALUES(107501,1075001,1075002,1075003,0,0,0,0,0,0,0,0,1075501,1075511,0,0,0,0,0,0,0,0,0,0,0,0,0);
INSERT INTO unit_skill_data(unit_id,union_burst,main_skill_1,main_skill_2,main_skill_3,main_skill_4,main_skill_5,main_skill_6,main_skill_7,main_skill_8,main_skill_9,main_skill_10,ex_skill_1,ex_skill_evolution_1,ex_skill_2,ex_skill_evolution_2,ex_skill_3,ex_skill_evolution_3,ex_skill_4,ex_skill_evolution_4,ex_skill_5,ex_skill_evolution_5,sp_skill_1,sp_skill_2,sp_skill_3,sp_skill_4,sp_skill_5) VALUES(107601,1076001,1076002,1076003,0,0,0,0,0,0,0,0,1076501,1076511,0,0,0,0,0,0,0,0,0,0,0,0,0);
INSERT INTO unit_skill_data(unit_id,union_burst,main_skill_1,main_skill_2,main_skill_3,main_skill_4,main_skill_5,main_skill_6,main_skill_7,main_skill_8,main_skill_9,main_skill_10,ex_skill_1,ex_skill_evolution_1,ex_skill_2,ex_skill_evolution_2,ex_skill_3,ex_skill_evolution_3,ex_skill_4,ex_skill_evolution_4,ex_skill_5,ex_skill_evolution_5,sp_skill_1,sp_skill_2,sp_skill_3,sp_skill_4,sp_skill_5) VALUES(304300,3043001,3043002,3043003,3043004,3043005,3043006,3043007,3043008,3043009,0,0,0,0,0,0,0,0,0,0,0,0,0,0,0,0,0);
INSERT INTO unit_skill_data(unit_id,union_burst,main_skill_1,main_skill_2,main_skill_3,main_skill_4,main_skill_5,main_skill_6,main_skill_7,main_skill_8,main_skill_9,main_skill_10,ex_skill_1,ex_skill_evolution_1,ex_skill_2,ex_skill_evolution_2,ex_skill_3,ex_skill_evolution_3,ex_skill_4,ex_skill_evolution_4,ex_skill_5,ex_skill_evolution_5,sp_skill_1,sp_skill_2,sp_skill_3,sp_skill_4,sp_skill_5) VALUES(304301,3043001,3043002,0,0,3043005,0,0,0,0,0,0,0,0,0,0,0,0,0,0,0,0,0,0,0,0,0);
INSERT INTO unit_skill_data(unit_id,union_burst,main_skill_1,main_skill_2,main_skill_3,main_skill_4,main_skill_5,main_skill_6,main_skill_7,main_skill_8,main_skill_9,main_skill_10,ex_skill_1,ex_skill_evolution_1,ex_skill_2,ex_skill_evolution_2,ex_skill_3,ex_skill_evolution_3,ex_skill_4,ex_skill_evolution_4,ex_skill_5,ex_skill_evolution_5,sp_skill_1,sp_skill_2,sp_skill_3,sp_skill_4,sp_skill_5) VALUES(304302,3043001,3043002,0,3043004,3043005,0,0,0,0,0,0,0,0,0,0,0,0,0,0,0,0,0,0,0,0,0);
INSERT INTO unit_skill_data(unit_id,union_burst,main_skill_1,main_skill_2,main_skill_3,main_skill_4,main_skill_5,main_skill_6,main_skill_7,main_skill_8,main_skill_9,main_skill_10,ex_skill_1,ex_skill_evolution_1,ex_skill_2,ex_skill_evolution_2,ex_skill_3,ex_skill_evolution_3,ex_skill_4,ex_skill_evolution_4,ex_skill_5,ex_skill_evolution_5,sp_skill_1,sp_skill_2,sp_skill_3,sp_skill_4,sp_skill_5) VALUES(304303,3043001,3043002,3043003,3043004,3043005,3043006,3043007,3043008,3043009,0,0,0,0,0,0,0,0,0,0,0,0,0,0,0,0,0);
INSERT INTO unit_skill_data(unit_id,union_burst,main_skill_1,main_skill_2,main_skill_3,main_skill_4,main_skill_5,main_skill_6,main_skill_7,main_skill_8,main_skill_9,main_skill_10,ex_skill_1,ex_skill_evolution_1,ex_skill_2,ex_skill_evolution_2,ex_skill_3,ex_skill_evolution_3,ex_skill_4,ex_skill_evolution_4,ex_skill_5,ex_skill_evolution_5,sp_skill_1,sp_skill_2,sp_skill_3,sp_skill_4,sp_skill_5) VALUES(907501,1075001,1075002,1075003,9075004,0,0,0,0,0,0,0,0,0,0,0,0,0,0,0,0,0,0,0,0,0,0);
INSERT INTO unit_skill_data(unit_id,union_burst,main_skill_1,main_skill_2,main_skill_3,main_skill_4,main_skill_5,main_skill_6,main_skill_7,main_skill_8,main_skill_9,main_skill_10,ex_skill_1,ex_skill_evolution_1,ex_skill_2,ex_skill_evolution_2,ex_skill_3,ex_skill_evolution_3,ex_skill_4,ex_skill_evolution_4,ex_skill_5,ex_skill_evolution_5,sp_skill_1,sp_skill_2,sp_skill_3,sp_skill_4,sp_skill_5) VALUES(907701,1025001,1025002,1025003,9077004,0,0,0,0,0,0,0,0,0,0,0,0,0,0,0,0,0,0,0,0,0,0);
INSERT INTO unit_skill_data(unit_id,union_burst,main_skill_1,main_skill_2,main_skill_3,main_skill_4,main_skill_5,main_skill_6,main_skill_7,main_skill_8,main_skill_9,main_skill_10,ex_skill_1,ex_skill_evolution_1,ex_skill_2,ex_skill_evolution_2,ex_skill_3,ex_skill_evolution_3,ex_skill_4,ex_skill_evolution_4,ex_skill_5,ex_skill_evolution_5,sp_skill_1,sp_skill_2,sp_skill_3,sp_skill_4,sp_skill_5) VALUES(907801,1060001,9078002,0,0,0,0,0,0,0,0,0,0,0,0,0,0,0,0,0,0,0,0,0,0,0,0);
INSERT INTO unlock_unit_condition(unit_id,unit_name,class_id,pre_unit_id,condition_type_1,condition_type_detail_1,condition_id_1,count_1,condition_type_2,condition_type_detail_2,condition_id_2,count_2,condition_type_3,condition_type_detail_3,condition_id_3,count_3,condition_type_4,condition_type_detail_4,condition_id_4,count_4,condition_type_5,condition_type_detail_5,condition_id_5,count_5,release_effect_type) VALUES(107501,'ペコリーヌ（サマー）',1,0,1,2,31075,145,0,0,0,0,0,0,0,0,0,0,0,0,0,0,0,0,0);
INSERT INTO unlock_unit_condition(unit_id,unit_name,class_id,pre_unit_id,condition_type_1,condition_type_detail_1,condition_id_1,count_1,condition_type_2,condition_type_detail_2,condition_id_2,count_2,condition_type_3,condition_type_detail_3,condition_id_3,count_3,condition_type_4,condition_type_detail_4,condition_id_4,count_4,condition_type_5,condition_type_detail_5,condition_id_5,count_5,release_effect_type) VALUES(107601,'コッコロ（サマー）',1,0,1,2,31076,15,0,0,0,0,0,0,0,0,0,0,0,0,0,0,0,0,0);
INSERT INTO wave_group_data(id,wave_group_id,odds,enemy_id_1,drop_gold_1,drop_reward_id_1,enemy_id_2,drop_gold_2,drop_reward_id_2,enemy_id_3,drop_gold_3,drop_reward_id_3,enemy_id_4,drop_gold_4,drop_reward_id_4,enemy_id_5,drop_gold_5,drop_reward_id_5) VALUES(610004001,610004001,100,610004101,0,61000401,0,0,0,0,0,0,0,0,0,0,0,0);
INSERT INTO wave_group_data(id,wave_group_id,odds,enemy_id_1,drop_gold_1,drop_reward_id_1,enemy_id_2,drop_gold_2,drop_reward_id_2,enemy_id_3,drop_gold_3,drop_reward_id_3,enemy_id_4,drop_gold_4,drop_reward_id_4,enemy_id_5,drop_gold_5,drop_reward_id_5) VALUES(610004002,610004002,100,610004201,0,61000402,0,0,0,0,0,0,0,0,0,0,0,0);
INSERT INTO wave_group_data(id,wave_group_id,odds,enemy_id_1,drop_gold_1,drop_reward_id_1,enemy_id_2,drop_gold_2,drop_reward_id_2,enemy_id_3,drop_gold_3,drop_reward_id_3,enemy_id_4,drop_gold_4,drop_reward_id_4,enemy_id_5,drop_gold_5,drop_reward_id_5) VALUES(610004003,610004003,100,610004301,0,61000403,0,0,0,0,0,0,0,0,0,0,0,0);
INSERT INTO wave_group_data(id,wave_group_id,odds,enemy_id_1,drop_gold_1,drop_reward_id_1,enemy_id_2,drop_gold_2,drop_reward_id_2,enemy_id_3,drop_gold_3,drop_reward_id_3,enemy_id_4,drop_gold_4,drop_reward_id_4,enemy_id_5,drop_gold_5,drop_reward_id_5) VALUES(901000008,550040051,100,901000804,0,0,901000805,0,0,901000806,0,0,901000807,0,0,0,0,0);
