INSERT INTO banner(banner_id,type,system_id,priority,start_date,end_date) VALUES(40003,1,107,2,'2018/06/21 5:00:00','2018/06/30 23:59:59');
INSERT INTO campaign_schedule(id,campaign_category,value,system_id,icon_image,start_time,end_time) VALUES(25,31,2000.0,101,30,'2018/06/20 05:00:00','2018/06/25 04:59:59');
INSERT INTO campaign_schedule(id,campaign_category,value,system_id,icon_image,start_time,end_time) VALUES(26,41,2000.0,101,40,'2018/06/20 05:00:00','2018/06/25 04:59:59');
INSERT INTO campaign_schedule(id,campaign_category,value,system_id,icon_image,start_time,end_time) VALUES(27,32,2000.0,102,30,'2018/06/25 05:00:00','2018/06/30 04:59:59');
INSERT INTO campaign_schedule(id,campaign_category,value,system_id,icon_image,start_time,end_time) VALUES(28,42,2000.0,102,40,'2018/06/25 05:00:00','2018/06/30 04:59:59');
INSERT INTO campaign_schedule(id,campaign_category,value,system_id,icon_image,start_time,end_time) VALUES(29,34,2000.0,103,30,'2018/06/30 05:00:00','2018/07/10 04:59:59');
INSERT INTO campaign_schedule(id,campaign_category,value,system_id,icon_image,start_time,end_time) VALUES(30,44,2000.0,103,40,'2018/06/30 05:00:00','2018/07/10 04:59:59');
INSERT INTO clan_battle_boss_damage_rank(rowid,id,damage_rank_id,ranking_from,ranking_to,odds_group_id,reward_type_1,reward_id_1,reward_num_1,reward_type_2,reward_id_2,reward_num_2,reward_type_3,reward_id_3,reward_num_3,reward_type_4,reward_id_4,reward_num_4,reward_type_5,reward_id_5,reward_num_5) VALUES(121,121,1004201,1,1,3100104,2,90006,20,2,20003,5,0,0,0,0,0,0,0,0,0);
INSERT INTO clan_battle_boss_damage_rank(rowid,id,damage_rank_id,ranking_from,ranking_to,odds_group_id,reward_type_1,reward_id_1,reward_num_1,reward_type_2,reward_id_2,reward_num_2,reward_type_3,reward_id_3,reward_num_3,reward_type_4,reward_id_4,reward_num_4,reward_type_5,reward_id_5,reward_num_5) VALUES(122,122,1004201,2,3,3100103,2,90006,15,2,20003,4,0,0,0,0,0,0,0,0,0);
INSERT INTO clan_battle_boss_damage_rank(rowid,id,damage_rank_id,ranking_from,ranking_to,odds_group_id,reward_type_1,reward_id_1,reward_num_1,reward_type_2,reward_id_2,reward_num_2,reward_type_3,reward_id_3,reward_num_3,reward_type_4,reward_id_4,reward_num_4,reward_type_5,reward_id_5,reward_num_5) VALUES(123,123,1004201,4,10,3100102,2,90006,10,2,20003,3,0,0,0,0,0,0,0,0,0);
INSERT INTO clan_battle_boss_damage_rank(rowid,id,damage_rank_id,ranking_from,ranking_to,odds_group_id,reward_type_1,reward_id_1,reward_num_1,reward_type_2,reward_id_2,reward_num_2,reward_type_3,reward_id_3,reward_num_3,reward_type_4,reward_id_4,reward_num_4,reward_type_5,reward_id_5,reward_num_5) VALUES(124,124,1004201,11,30,3100101,2,90006,5,2,20003,1,0,0,0,0,0,0,0,0,0);
INSERT INTO clan_battle_boss_damage_rank(rowid,id,damage_rank_id,ranking_from,ranking_to,odds_group_id,reward_type_1,reward_id_1,reward_num_1,reward_type_2,reward_id_2,reward_num_2,reward_type_3,reward_id_3,reward_num_3,reward_type_4,reward_id_4,reward_num_4,reward_type_5,reward_id_5,reward_num_5) VALUES(125,125,1004202,1,1,3100104,2,90006,20,2,20003,5,0,0,0,0,0,0,0,0,0);
INSERT INTO clan_battle_boss_damage_rank(rowid,id,damage_rank_id,ranking_from,ranking_to,odds_group_id,reward_type_1,reward_id_1,reward_num_1,reward_type_2,reward_id_2,reward_num_2,reward_type_3,reward_id_3,reward_num_3,reward_type_4,reward_id_4,reward_num_4,reward_type_5,reward_id_5,reward_num_5) VALUES(126,126,1004202,2,3,3100103,2,90006,15,2,20003,4,0,0,0,0,0,0,0,0,0);
INSERT INTO clan_battle_boss_damage_rank(rowid,id,damage_rank_id,ranking_from,ranking_to,odds_group_id,reward_type_1,reward_id_1,reward_num_1,reward_type_2,reward_id_2,reward_num_2,reward_type_3,reward_id_3,reward_num_3,reward_type_4,reward_id_4,reward_num_4,reward_type_5,reward_id_5,reward_num_5) VALUES(127,127,1004202,4,10,3100102,2,90006,10,2,20003,3,0,0,0,0,0,0,0,0,0);
INSERT INTO clan_battle_boss_damage_rank(rowid,id,damage_rank_id,ranking_from,ranking_to,odds_group_id,reward_type_1,reward_id_1,reward_num_1,reward_type_2,reward_id_2,reward_num_2,reward_type_3,reward_id_3,reward_num_3,reward_type_4,reward_id_4,reward_num_4,reward_type_5,reward_id_5,reward_num_5) VALUES(128,128,1004202,11,30,3100101,2,90006,5,2,20003,1,0,0,0,0,0,0,0,0,0);
INSERT INTO clan_battle_boss_damage_rank(rowid,id,damage_rank_id,ranking_from,ranking_to,odds_group_id,reward_type_1,reward_id_1,reward_num_1,reward_type_2,reward_id_2,reward_num_2,reward_type_3,reward_id_3,reward_num_3,reward_type_4,reward_id_4,reward_num_4,reward_type_5,reward_id_5,reward_num_5) VALUES(129,129,1004203,1,1,3100104,2,90006,20,2,20003,5,0,0,0,0,0,0,0,0,0);
INSERT INTO clan_battle_boss_damage_rank(rowid,id,damage_rank_id,ranking_from,ranking_to,odds_group_id,reward_type_1,reward_id_1,reward_num_1,reward_type_2,reward_id_2,reward_num_2,reward_type_3,reward_id_3,reward_num_3,reward_type_4,reward_id_4,reward_num_4,reward_type_5,reward_id_5,reward_num_5) VALUES(130,130,1004203,2,3,3100103,2,90006,15,2,20003,4,0,0,0,0,0,0,0,0,0);
INSERT INTO clan_battle_boss_damage_rank(rowid,id,damage_rank_id,ranking_from,ranking_to,odds_group_id,reward_type_1,reward_id_1,reward_num_1,reward_type_2,reward_id_2,reward_num_2,reward_type_3,reward_id_3,reward_num_3,reward_type_4,reward_id_4,reward_num_4,reward_type_5,reward_id_5,reward_num_5) VALUES(131,131,1004203,4,10,3100102,2,90006,10,2,20003,3,0,0,0,0,0,0,0,0,0);
INSERT INTO clan_battle_boss_damage_rank(rowid,id,damage_rank_id,ranking_from,ranking_to,odds_group_id,reward_type_1,reward_id_1,reward_num_1,reward_type_2,reward_id_2,reward_num_2,reward_type_3,reward_id_3,reward_num_3,reward_type_4,reward_id_4,reward_num_4,reward_type_5,reward_id_5,reward_num_5) VALUES(132,132,1004203,11,30,3100101,2,90006,5,2,20003,1,0,0,0,0,0,0,0,0,0);
INSERT INTO clan_battle_boss_damage_rank(rowid,id,damage_rank_id,ranking_from,ranking_to,odds_group_id,reward_type_1,reward_id_1,reward_num_1,reward_type_2,reward_id_2,reward_num_2,reward_type_3,reward_id_3,reward_num_3,reward_type_4,reward_id_4,reward_num_4,reward_type_5,reward_id_5,reward_num_5) VALUES(133,133,1004204,1,1,3100104,2,90006,20,2,20003,5,0,0,0,0,0,0,0,0,0);
INSERT INTO clan_battle_boss_damage_rank(rowid,id,damage_rank_id,ranking_from,ranking_to,odds_group_id,reward_type_1,reward_id_1,reward_num_1,reward_type_2,reward_id_2,reward_num_2,reward_type_3,reward_id_3,reward_num_3,reward_type_4,reward_id_4,reward_num_4,reward_type_5,reward_id_5,reward_num_5) VALUES(134,134,1004204,2,3,3100103,2,90006,15,2,20003,4,0,0,0,0,0,0,0,0,0);
INSERT INTO clan_battle_boss_damage_rank(rowid,id,damage_rank_id,ranking_from,ranking_to,odds_group_id,reward_type_1,reward_id_1,reward_num_1,reward_type_2,reward_id_2,reward_num_2,reward_type_3,reward_id_3,reward_num_3,reward_type_4,reward_id_4,reward_num_4,reward_type_5,reward_id_5,reward_num_5) VALUES(135,135,1004204,4,10,3100102,2,90006,10,2,20003,3,0,0,0,0,0,0,0,0,0);
INSERT INTO clan_battle_boss_damage_rank(rowid,id,damage_rank_id,ranking_from,ranking_to,odds_group_id,reward_type_1,reward_id_1,reward_num_1,reward_type_2,reward_id_2,reward_num_2,reward_type_3,reward_id_3,reward_num_3,reward_type_4,reward_id_4,reward_num_4,reward_type_5,reward_id_5,reward_num_5) VALUES(136,136,1004204,11,30,3100101,2,90006,5,2,20003,1,0,0,0,0,0,0,0,0,0);
INSERT INTO clan_battle_boss_damage_rank(rowid,id,damage_rank_id,ranking_from,ranking_to,odds_group_id,reward_type_1,reward_id_1,reward_num_1,reward_type_2,reward_id_2,reward_num_2,reward_type_3,reward_id_3,reward_num_3,reward_type_4,reward_id_4,reward_num_4,reward_type_5,reward_id_5,reward_num_5) VALUES(137,137,1004205,1,1,3100104,2,90006,40,2,20003,10,0,0,0,0,0,0,0,0,0);
INSERT INTO clan_battle_boss_damage_rank(rowid,id,damage_rank_id,ranking_from,ranking_to,odds_group_id,reward_type_1,reward_id_1,reward_num_1,reward_type_2,reward_id_2,reward_num_2,reward_type_3,reward_id_3,reward_num_3,reward_type_4,reward_id_4,reward_num_4,reward_type_5,reward_id_5,reward_num_5) VALUES(138,138,1004205,2,3,3100103,2,90006,30,2,20003,8,0,0,0,0,0,0,0,0,0);
INSERT INTO clan_battle_boss_damage_rank(rowid,id,damage_rank_id,ranking_from,ranking_to,odds_group_id,reward_type_1,reward_id_1,reward_num_1,reward_type_2,reward_id_2,reward_num_2,reward_type_3,reward_id_3,reward_num_3,reward_type_4,reward_id_4,reward_num_4,reward_type_5,reward_id_5,reward_num_5) VALUES(139,139,1004205,4,10,3100102,2,90006,20,2,20003,6,0,0,0,0,0,0,0,0,0);
INSERT INTO clan_battle_boss_damage_rank(rowid,id,damage_rank_id,ranking_from,ranking_to,odds_group_id,reward_type_1,reward_id_1,reward_num_1,reward_type_2,reward_id_2,reward_num_2,reward_type_3,reward_id_3,reward_num_3,reward_type_4,reward_id_4,reward_num_4,reward_type_5,reward_id_5,reward_num_5) VALUES(140,140,1004205,11,30,3100101,2,90006,10,2,20003,2,0,0,0,0,0,0,0,0,0);
INSERT INTO clan_battle_boss_damage_rank(rowid,id,damage_rank_id,ranking_from,ranking_to,odds_group_id,reward_type_1,reward_id_1,reward_num_1,reward_type_2,reward_id_2,reward_num_2,reward_type_3,reward_id_3,reward_num_3,reward_type_4,reward_id_4,reward_num_4,reward_type_5,reward_id_5,reward_num_5) VALUES(141,141,1004206,1,1,3100104,2,90006,10,2,20003,4,0,0,0,0,0,0,0,0,0);
INSERT INTO clan_battle_boss_damage_rank(rowid,id,damage_rank_id,ranking_from,ranking_to,odds_group_id,reward_type_1,reward_id_1,reward_num_1,reward_type_2,reward_id_2,reward_num_2,reward_type_3,reward_id_3,reward_num_3,reward_type_4,reward_id_4,reward_num_4,reward_type_5,reward_id_5,reward_num_5) VALUES(142,142,1004206,2,3,3100103,2,90006,8,2,20003,3,0,0,0,0,0,0,0,0,0);
INSERT INTO clan_battle_boss_damage_rank(rowid,id,damage_rank_id,ranking_from,ranking_to,odds_group_id,reward_type_1,reward_id_1,reward_num_1,reward_type_2,reward_id_2,reward_num_2,reward_type_3,reward_id_3,reward_num_3,reward_type_4,reward_id_4,reward_num_4,reward_type_5,reward_id_5,reward_num_5) VALUES(143,143,1004206,4,10,3100102,2,90006,6,2,20003,2,0,0,0,0,0,0,0,0,0);
INSERT INTO clan_battle_boss_damage_rank(rowid,id,damage_rank_id,ranking_from,ranking_to,odds_group_id,reward_type_1,reward_id_1,reward_num_1,reward_type_2,reward_id_2,reward_num_2,reward_type_3,reward_id_3,reward_num_3,reward_type_4,reward_id_4,reward_num_4,reward_type_5,reward_id_5,reward_num_5) VALUES(144,144,1004206,11,30,3100101,2,90006,4,2,20003,1,0,0,0,0,0,0,0,0,0);
INSERT INTO clan_battle_boss_damage_rank(rowid,id,damage_rank_id,ranking_from,ranking_to,odds_group_id,reward_type_1,reward_id_1,reward_num_1,reward_type_2,reward_id_2,reward_num_2,reward_type_3,reward_id_3,reward_num_3,reward_type_4,reward_id_4,reward_num_4,reward_type_5,reward_id_5,reward_num_5) VALUES(145,145,1004207,1,1,3100104,2,90006,10,2,20003,4,0,0,0,0,0,0,0,0,0);
INSERT INTO clan_battle_boss_damage_rank(rowid,id,damage_rank_id,ranking_from,ranking_to,odds_group_id,reward_type_1,reward_id_1,reward_num_1,reward_type_2,reward_id_2,reward_num_2,reward_type_3,reward_id_3,reward_num_3,reward_type_4,reward_id_4,reward_num_4,reward_type_5,reward_id_5,reward_num_5) VALUES(146,146,1004207,2,3,3100103,2,90006,8,2,20003,3,0,0,0,0,0,0,0,0,0);
INSERT INTO clan_battle_boss_damage_rank(rowid,id,damage_rank_id,ranking_from,ranking_to,odds_group_id,reward_type_1,reward_id_1,reward_num_1,reward_type_2,reward_id_2,reward_num_2,reward_type_3,reward_id_3,reward_num_3,reward_type_4,reward_id_4,reward_num_4,reward_type_5,reward_id_5,reward_num_5) VALUES(147,147,1004207,4,10,3100102,2,90006,6,2,20003,2,0,0,0,0,0,0,0,0,0);
INSERT INTO clan_battle_boss_damage_rank(rowid,id,damage_rank_id,ranking_from,ranking_to,odds_group_id,reward_type_1,reward_id_1,reward_num_1,reward_type_2,reward_id_2,reward_num_2,reward_type_3,reward_id_3,reward_num_3,reward_type_4,reward_id_4,reward_num_4,reward_type_5,reward_id_5,reward_num_5) VALUES(148,148,1004207,11,30,3100101,2,90006,4,2,20003,1,0,0,0,0,0,0,0,0,0);
INSERT INTO clan_battle_boss_damage_rank(rowid,id,damage_rank_id,ranking_from,ranking_to,odds_group_id,reward_type_1,reward_id_1,reward_num_1,reward_type_2,reward_id_2,reward_num_2,reward_type_3,reward_id_3,reward_num_3,reward_type_4,reward_id_4,reward_num_4,reward_type_5,reward_id_5,reward_num_5) VALUES(149,149,1004208,1,1,3100104,2,90006,10,2,20003,4,0,0,0,0,0,0,0,0,0);
INSERT INTO clan_battle_boss_damage_rank(rowid,id,damage_rank_id,ranking_from,ranking_to,odds_group_id,reward_type_1,reward_id_1,reward_num_1,reward_type_2,reward_id_2,reward_num_2,reward_type_3,reward_id_3,reward_num_3,reward_type_4,reward_id_4,reward_num_4,reward_type_5,reward_id_5,reward_num_5) VALUES(150,150,1004208,2,3,3100103,2,90006,8,2,20003,3,0,0,0,0,0,0,0,0,0);
INSERT INTO clan_battle_boss_damage_rank(rowid,id,damage_rank_id,ranking_from,ranking_to,odds_group_id,reward_type_1,reward_id_1,reward_num_1,reward_type_2,reward_id_2,reward_num_2,reward_type_3,reward_id_3,reward_num_3,reward_type_4,reward_id_4,reward_num_4,reward_type_5,reward_id_5,reward_num_5) VALUES(151,151,1004208,4,10,3100102,2,90006,6,2,20003,2,0,0,0,0,0,0,0,0,0);
INSERT INTO clan_battle_boss_damage_rank(rowid,id,damage_rank_id,ranking_from,ranking_to,odds_group_id,reward_type_1,reward_id_1,reward_num_1,reward_type_2,reward_id_2,reward_num_2,reward_type_3,reward_id_3,reward_num_3,reward_type_4,reward_id_4,reward_num_4,reward_type_5,reward_id_5,reward_num_5) VALUES(152,152,1004208,11,30,3100101,2,90006,4,2,20003,1,0,0,0,0,0,0,0,0,0);
INSERT INTO clan_battle_boss_damage_rank(rowid,id,damage_rank_id,ranking_from,ranking_to,odds_group_id,reward_type_1,reward_id_1,reward_num_1,reward_type_2,reward_id_2,reward_num_2,reward_type_3,reward_id_3,reward_num_3,reward_type_4,reward_id_4,reward_num_4,reward_type_5,reward_id_5,reward_num_5) VALUES(153,153,1004209,1,1,3100104,2,90006,10,2,20003,4,0,0,0,0,0,0,0,0,0);
INSERT INTO clan_battle_boss_damage_rank(rowid,id,damage_rank_id,ranking_from,ranking_to,odds_group_id,reward_type_1,reward_id_1,reward_num_1,reward_type_2,reward_id_2,reward_num_2,reward_type_3,reward_id_3,reward_num_3,reward_type_4,reward_id_4,reward_num_4,reward_type_5,reward_id_5,reward_num_5) VALUES(154,154,1004209,2,3,3100103,2,90006,8,2,20003,3,0,0,0,0,0,0,0,0,0);
INSERT INTO clan_battle_boss_damage_rank(rowid,id,damage_rank_id,ranking_from,ranking_to,odds_group_id,reward_type_1,reward_id_1,reward_num_1,reward_type_2,reward_id_2,reward_num_2,reward_type_3,reward_id_3,reward_num_3,reward_type_4,reward_id_4,reward_num_4,reward_type_5,reward_id_5,reward_num_5) VALUES(155,155,1004209,4,10,3100102,2,90006,6,2,20003,2,0,0,0,0,0,0,0,0,0);
INSERT INTO clan_battle_boss_damage_rank(rowid,id,damage_rank_id,ranking_from,ranking_to,odds_group_id,reward_type_1,reward_id_1,reward_num_1,reward_type_2,reward_id_2,reward_num_2,reward_type_3,reward_id_3,reward_num_3,reward_type_4,reward_id_4,reward_num_4,reward_type_5,reward_id_5,reward_num_5) VALUES(156,156,1004209,11,30,3100101,2,90006,4,2,20003,1,0,0,0,0,0,0,0,0,0);
INSERT INTO clan_battle_boss_damage_rank(rowid,id,damage_rank_id,ranking_from,ranking_to,odds_group_id,reward_type_1,reward_id_1,reward_num_1,reward_type_2,reward_id_2,reward_num_2,reward_type_3,reward_id_3,reward_num_3,reward_type_4,reward_id_4,reward_num_4,reward_type_5,reward_id_5,reward_num_5) VALUES(157,157,1004210,1,1,3100104,2,90006,10,2,20003,4,0,0,0,0,0,0,0,0,0);
INSERT INTO clan_battle_boss_damage_rank(rowid,id,damage_rank_id,ranking_from,ranking_to,odds_group_id,reward_type_1,reward_id_1,reward_num_1,reward_type_2,reward_id_2,reward_num_2,reward_type_3,reward_id_3,reward_num_3,reward_type_4,reward_id_4,reward_num_4,reward_type_5,reward_id_5,reward_num_5) VALUES(158,158,1004210,2,3,3100103,2,90006,8,2,20003,3,0,0,0,0,0,0,0,0,0);
INSERT INTO clan_battle_boss_damage_rank(rowid,id,damage_rank_id,ranking_from,ranking_to,odds_group_id,reward_type_1,reward_id_1,reward_num_1,reward_type_2,reward_id_2,reward_num_2,reward_type_3,reward_id_3,reward_num_3,reward_type_4,reward_id_4,reward_num_4,reward_type_5,reward_id_5,reward_num_5) VALUES(159,159,1004210,4,10,3100102,2,90006,6,2,20003,2,0,0,0,0,0,0,0,0,0);
INSERT INTO clan_battle_boss_damage_rank(rowid,id,damage_rank_id,ranking_from,ranking_to,odds_group_id,reward_type_1,reward_id_1,reward_num_1,reward_type_2,reward_id_2,reward_num_2,reward_type_3,reward_id_3,reward_num_3,reward_type_4,reward_id_4,reward_num_4,reward_type_5,reward_id_5,reward_num_5) VALUES(160,160,1004210,11,30,3100101,2,90006,4,2,20003,1,0,0,0,0,0,0,0,0,0);
INSERT INTO clan_battle_boss_data(boss_id,clan_battle_id,difficulty,order_num,boss_thumb_id) VALUES(10040101,1004,1,1,1);
INSERT INTO clan_battle_boss_data(boss_id,clan_battle_id,difficulty,order_num,boss_thumb_id) VALUES(10040102,1004,1,2,2);
INSERT INTO clan_battle_boss_data(boss_id,clan_battle_id,difficulty,order_num,boss_thumb_id) VALUES(10040103,1004,1,3,3);
INSERT INTO clan_battle_boss_data(boss_id,clan_battle_id,difficulty,order_num,boss_thumb_id) VALUES(10040104,1004,1,4,4);
INSERT INTO clan_battle_boss_data(boss_id,clan_battle_id,difficulty,order_num,boss_thumb_id) VALUES(10040105,1004,1,5,5);
INSERT INTO clan_battle_boss_fix_reward(fix_reward_id,reward_type_1,reward_id_1,reward_num_1,reward_type_2,reward_id_2,reward_num_2,reward_type_3,reward_id_3,reward_num_3,reward_type_4,reward_id_4,reward_num_4,reward_type_5,reward_id_5,reward_num_5) VALUES(1004101,8,91002,40,2,90006,40,2,22002,1,0,0,0,0,0,0);
INSERT INTO clan_battle_boss_fix_reward(fix_reward_id,reward_type_1,reward_id_1,reward_num_1,reward_type_2,reward_id_2,reward_num_2,reward_type_3,reward_id_3,reward_num_3,reward_type_4,reward_id_4,reward_num_4,reward_type_5,reward_id_5,reward_num_5) VALUES(1004102,8,91002,60,2,90006,50,2,22002,2,0,0,0,0,0,0);
INSERT INTO clan_battle_boss_fix_reward(fix_reward_id,reward_type_1,reward_id_1,reward_num_1,reward_type_2,reward_id_2,reward_num_2,reward_type_3,reward_id_3,reward_num_3,reward_type_4,reward_id_4,reward_num_4,reward_type_5,reward_id_5,reward_num_5) VALUES(1004103,8,91002,80,2,90006,60,2,22002,3,0,0,0,0,0,0);
INSERT INTO clan_battle_boss_fix_reward(fix_reward_id,reward_type_1,reward_id_1,reward_num_1,reward_type_2,reward_id_2,reward_num_2,reward_type_3,reward_id_3,reward_num_3,reward_type_4,reward_id_4,reward_num_4,reward_type_5,reward_id_5,reward_num_5) VALUES(1004104,8,91002,100,2,90006,80,2,22002,4,0,0,0,0,0,0);
INSERT INTO clan_battle_boss_fix_reward(fix_reward_id,reward_type_1,reward_id_1,reward_num_1,reward_type_2,reward_id_2,reward_num_2,reward_type_3,reward_id_3,reward_num_3,reward_type_4,reward_id_4,reward_num_4,reward_type_5,reward_id_5,reward_num_5) VALUES(1004105,8,91002,200,2,90006,150,2,22003,2,0,0,0,0,0,0);
INSERT INTO clan_battle_boss_fix_reward(fix_reward_id,reward_type_1,reward_id_1,reward_num_1,reward_type_2,reward_id_2,reward_num_2,reward_type_3,reward_id_3,reward_num_3,reward_type_4,reward_id_4,reward_num_4,reward_type_5,reward_id_5,reward_num_5) VALUES(1004106,2,90006,40,2,22002,1,0,0,0,0,0,0,0,0,0);
INSERT INTO clan_battle_boss_fix_reward(fix_reward_id,reward_type_1,reward_id_1,reward_num_1,reward_type_2,reward_id_2,reward_num_2,reward_type_3,reward_id_3,reward_num_3,reward_type_4,reward_id_4,reward_num_4,reward_type_5,reward_id_5,reward_num_5) VALUES(1004107,2,90006,40,2,22002,1,0,0,0,0,0,0,0,0,0);
INSERT INTO clan_battle_boss_fix_reward(fix_reward_id,reward_type_1,reward_id_1,reward_num_1,reward_type_2,reward_id_2,reward_num_2,reward_type_3,reward_id_3,reward_num_3,reward_type_4,reward_id_4,reward_num_4,reward_type_5,reward_id_5,reward_num_5) VALUES(1004108,2,90006,40,2,22002,1,0,0,0,0,0,0,0,0,0);
INSERT INTO clan_battle_boss_fix_reward(fix_reward_id,reward_type_1,reward_id_1,reward_num_1,reward_type_2,reward_id_2,reward_num_2,reward_type_3,reward_id_3,reward_num_3,reward_type_4,reward_id_4,reward_num_4,reward_type_5,reward_id_5,reward_num_5) VALUES(1004109,2,90006,40,2,22002,1,0,0,0,0,0,0,0,0,0);
INSERT INTO clan_battle_boss_fix_reward(fix_reward_id,reward_type_1,reward_id_1,reward_num_1,reward_type_2,reward_id_2,reward_num_2,reward_type_3,reward_id_3,reward_num_3,reward_type_4,reward_id_4,reward_num_4,reward_type_5,reward_id_5,reward_num_5) VALUES(1004110,2,90006,40,2,22003,1,0,0,0,0,0,0,0,0,0);
INSERT INTO clan_battle_boss_group(rowid,clan_battle_boss_group_id,order_num,position_x,position_y,limit_time,scale_ratio,map_position_x,map_position_y,cursor_position,result_boss_position_y,chest_id,fix_reward_id,damage_rank_id,quest_detail_bg_id,quest_detail_bg_position,quest_detail_monster_size,quest_detail_monster_height,battle_report_monster_size,battle_report_monster_height,background,wave_group_id,reward_gold_coefficient,limited_mana,wave_bgm,quest_detail_rehearsal_label_height) VALUES(31,1004001,1,-480,-120,90,0.6,0,10,210,250,40004,1004101,1004201,101161,-30,0.8,0,0.7,-30,101161,401040011,0.03,100000,'bgm_M64',25);
INSERT INTO clan_battle_boss_group(rowid,clan_battle_boss_group_id,order_num,position_x,position_y,limit_time,scale_ratio,map_position_x,map_position_y,cursor_position,result_boss_position_y,chest_id,fix_reward_id,damage_rank_id,quest_detail_bg_id,quest_detail_bg_position,quest_detail_monster_size,quest_detail_monster_height,battle_report_monster_size,battle_report_monster_height,background,wave_group_id,reward_gold_coefficient,limited_mana,wave_bgm,quest_detail_rehearsal_label_height) VALUES(32,1004001,2,-260,-120,90,0.75,0,10,200,0,40004,1004102,1004202,101161,-30,1.2,0,1.0,0,101161,401040021,0.03,100000,'bgm_M64',25);
INSERT INTO clan_battle_boss_group(rowid,clan_battle_boss_group_id,order_num,position_x,position_y,limit_time,scale_ratio,map_position_x,map_position_y,cursor_position,result_boss_position_y,chest_id,fix_reward_id,damage_rank_id,quest_detail_bg_id,quest_detail_bg_position,quest_detail_monster_size,quest_detail_monster_height,battle_report_monster_size,battle_report_monster_height,background,wave_group_id,reward_gold_coefficient,limited_mana,wave_bgm,quest_detail_rehearsal_label_height) VALUES(33,1004001,3,-20,55,90,0.9,-15,0,200,100,40004,1004103,1004203,101161,-30,1.4,-30,1.0,-10,101161,401040031,0.03,100000,'bgm_M64',25);
INSERT INTO clan_battle_boss_group(rowid,clan_battle_boss_group_id,order_num,position_x,position_y,limit_time,scale_ratio,map_position_x,map_position_y,cursor_position,result_boss_position_y,chest_id,fix_reward_id,damage_rank_id,quest_detail_bg_id,quest_detail_bg_position,quest_detail_monster_size,quest_detail_monster_height,battle_report_monster_size,battle_report_monster_height,background,wave_group_id,reward_gold_coefficient,limited_mana,wave_bgm,quest_detail_rehearsal_label_height) VALUES(34,1004001,4,180,-30,90,0.9,0,0,200,0,40004,1004104,1004204,101161,-30,1.3,-30,1.0,0,101161,401040041,0.03,100000,'bgm_M64',25);
INSERT INTO clan_battle_boss_group(rowid,clan_battle_boss_group_id,order_num,position_x,position_y,limit_time,scale_ratio,map_position_x,map_position_y,cursor_position,result_boss_position_y,chest_id,fix_reward_id,damage_rank_id,quest_detail_bg_id,quest_detail_bg_position,quest_detail_monster_size,quest_detail_monster_height,battle_report_monster_size,battle_report_monster_height,background,wave_group_id,reward_gold_coefficient,limited_mana,wave_bgm,quest_detail_rehearsal_label_height) VALUES(35,1004001,5,470,-60,90,0.9,-40,0,250,200,40004,1004105,1004205,101162,-30,1.2,-50,0.9,-30,101162,401040051,0.03,100000,'bgm_M55',25);
INSERT INTO clan_battle_boss_group(rowid,clan_battle_boss_group_id,order_num,position_x,position_y,limit_time,scale_ratio,map_position_x,map_position_y,cursor_position,result_boss_position_y,chest_id,fix_reward_id,damage_rank_id,quest_detail_bg_id,quest_detail_bg_position,quest_detail_monster_size,quest_detail_monster_height,battle_report_monster_size,battle_report_monster_height,background,wave_group_id,reward_gold_coefficient,limited_mana,wave_bgm,quest_detail_rehearsal_label_height) VALUES(36,1004002,1,-480,-120,90,0.6,0,10,210,250,40004,1004106,1004206,101161,-30,0.8,0,0.7,-30,101161,401040061,0.06,100000,'bgm_M64',25);
INSERT INTO clan_battle_boss_group(rowid,clan_battle_boss_group_id,order_num,position_x,position_y,limit_time,scale_ratio,map_position_x,map_position_y,cursor_position,result_boss_position_y,chest_id,fix_reward_id,damage_rank_id,quest_detail_bg_id,quest_detail_bg_position,quest_detail_monster_size,quest_detail_monster_height,battle_report_monster_size,battle_report_monster_height,background,wave_group_id,reward_gold_coefficient,limited_mana,wave_bgm,quest_detail_rehearsal_label_height) VALUES(37,1004002,2,-260,-120,90,0.75,0,10,200,0,40004,1004107,1004207,101161,-30,1.2,0,1.0,0,101161,401040071,0.06,100000,'bgm_M64',25);
INSERT INTO clan_battle_boss_group(rowid,clan_battle_boss_group_id,order_num,position_x,position_y,limit_time,scale_ratio,map_position_x,map_position_y,cursor_position,result_boss_position_y,chest_id,fix_reward_id,damage_rank_id,quest_detail_bg_id,quest_detail_bg_position,quest_detail_monster_size,quest_detail_monster_height,battle_report_monster_size,battle_report_monster_height,background,wave_group_id,reward_gold_coefficient,limited_mana,wave_bgm,quest_detail_rehearsal_label_height) VALUES(38,1004002,3,-20,55,90,0.9,-15,0,200,100,40004,1004108,1004208,101161,-30,1.4,-30,1.0,-10,101161,401040081,0.06,100000,'bgm_M64',25);
INSERT INTO clan_battle_boss_group(rowid,clan_battle_boss_group_id,order_num,position_x,position_y,limit_time,scale_ratio,map_position_x,map_position_y,cursor_position,result_boss_position_y,chest_id,fix_reward_id,damage_rank_id,quest_detail_bg_id,quest_detail_bg_position,quest_detail_monster_size,quest_detail_monster_height,battle_report_monster_size,battle_report_monster_height,background,wave_group_id,reward_gold_coefficient,limited_mana,wave_bgm,quest_detail_rehearsal_label_height) VALUES(39,1004002,4,180,-30,90,0.9,0,0,200,0,40004,1004109,1004209,101161,-30,1.3,-30,1.0,0,101161,401040091,0.06,100000,'bgm_M64',25);
INSERT INTO clan_battle_boss_group(rowid,clan_battle_boss_group_id,order_num,position_x,position_y,limit_time,scale_ratio,map_position_x,map_position_y,cursor_position,result_boss_position_y,chest_id,fix_reward_id,damage_rank_id,quest_detail_bg_id,quest_detail_bg_position,quest_detail_monster_size,quest_detail_monster_height,battle_report_monster_size,battle_report_monster_height,background,wave_group_id,reward_gold_coefficient,limited_mana,wave_bgm,quest_detail_rehearsal_label_height) VALUES(40,1004002,5,470,-60,90,0.9,-40,0,250,200,40004,1004110,1004210,101162,-30,1.2,-50,0.9,-30,101162,401040101,0.06,100000,'bgm_M55',25);
INSERT INTO clan_battle_map_data(id,clan_battle_id,map_bg,difficulty,lap_num_from,lap_num_to,clan_battle_boss_group_id,aura_effect) VALUES(7,1004,710041,1,1,1,1004001,1);
INSERT INTO clan_battle_map_data(id,clan_battle_id,map_bg,difficulty,lap_num_from,lap_num_to,clan_battle_boss_group_id,aura_effect) VALUES(8,1004,710041,1,2,-1,1004002,2);
UPDATE clan_battle_period SET interval_end='2018/06/21 4:59:59', result_end='2018/06/21 4:59:59' WHERE rowid=3;
INSERT INTO clan_battle_period(rowid,clan_battle_id,period,period_detail,period_detail_bg,period_detail_bg_position,period_detail_boss_position_x,period_detail_boss_position_y,start_time,end_time,interval_start,interval_end,calc_start,result_start,result_end) VALUES(4,1004,1,'クランメンバーと協力して\n強力なモンスターを討伐しよう！',101161,0,0,0,'2018/06/21 5:00:00','2018/06/30 23:59:59','2018/07/01','2018/07/20 4:59:59','2018/07/01','2018/07/02 17:00:00','2018/07/20 4:59:59');
INSERT INTO clan_battle_period_rank_reward(id,clan_battle_id,period,rank_from,rank_to,ranking_bonus_group,reward_type_1,reward_id_1,reward_num_1,reward_type_2,reward_id_2,reward_num_2,reward_type_3,reward_id_3,reward_num_3,reward_type_4,reward_id_4,reward_num_4,reward_type_5,reward_id_5,reward_num_5) VALUES(30,1004,1,1,20,0,8,91002,5000,2,90006,5000,2,31018,30,0,0,0,0,0,0);
INSERT INTO clan_battle_period_rank_reward(id,clan_battle_id,period,rank_from,rank_to,ranking_bonus_group,reward_type_1,reward_id_1,reward_num_1,reward_type_2,reward_id_2,reward_num_2,reward_type_3,reward_id_3,reward_num_3,reward_type_4,reward_id_4,reward_num_4,reward_type_5,reward_id_5,reward_num_5) VALUES(31,1004,1,21,100,0,8,91002,4500,2,90006,4500,2,31018,25,0,0,0,0,0,0);
INSERT INTO clan_battle_period_rank_reward(id,clan_battle_id,period,rank_from,rank_to,ranking_bonus_group,reward_type_1,reward_id_1,reward_num_1,reward_type_2,reward_id_2,reward_num_2,reward_type_3,reward_id_3,reward_num_3,reward_type_4,reward_id_4,reward_num_4,reward_type_5,reward_id_5,reward_num_5) VALUES(32,1004,1,101,250,0,8,91002,4000,2,90006,4000,2,31018,20,0,0,0,0,0,0);
INSERT INTO clan_battle_period_rank_reward(id,clan_battle_id,period,rank_from,rank_to,ranking_bonus_group,reward_type_1,reward_id_1,reward_num_1,reward_type_2,reward_id_2,reward_num_2,reward_type_3,reward_id_3,reward_num_3,reward_type_4,reward_id_4,reward_num_4,reward_type_5,reward_id_5,reward_num_5) VALUES(33,1004,1,251,500,0,8,91002,3500,2,90006,3500,2,31018,18,0,0,0,0,0,0);
INSERT INTO clan_battle_period_rank_reward(id,clan_battle_id,period,rank_from,rank_to,ranking_bonus_group,reward_type_1,reward_id_1,reward_num_1,reward_type_2,reward_id_2,reward_num_2,reward_type_3,reward_id_3,reward_num_3,reward_type_4,reward_id_4,reward_num_4,reward_type_5,reward_id_5,reward_num_5) VALUES(34,1004,1,501,1000,0,8,91002,3000,2,90006,3000,2,31018,16,0,0,0,0,0,0);
INSERT INTO clan_battle_period_rank_reward(id,clan_battle_id,period,rank_from,rank_to,ranking_bonus_group,reward_type_1,reward_id_1,reward_num_1,reward_type_2,reward_id_2,reward_num_2,reward_type_3,reward_id_3,reward_num_3,reward_type_4,reward_id_4,reward_num_4,reward_type_5,reward_id_5,reward_num_5) VALUES(35,1004,1,1001,2000,0,8,91002,2500,2,90006,2500,2,31018,14,0,0,0,0,0,0);
INSERT INTO clan_battle_period_rank_reward(id,clan_battle_id,period,rank_from,rank_to,ranking_bonus_group,reward_type_1,reward_id_1,reward_num_1,reward_type_2,reward_id_2,reward_num_2,reward_type_3,reward_id_3,reward_num_3,reward_type_4,reward_id_4,reward_num_4,reward_type_5,reward_id_5,reward_num_5) VALUES(36,1004,1,2001,3000,0,8,91002,2000,2,90006,2000,2,31018,12,0,0,0,0,0,0);
INSERT INTO clan_battle_period_rank_reward(id,clan_battle_id,period,rank_from,rank_to,ranking_bonus_group,reward_type_1,reward_id_1,reward_num_1,reward_type_2,reward_id_2,reward_num_2,reward_type_3,reward_id_3,reward_num_3,reward_type_4,reward_id_4,reward_num_4,reward_type_5,reward_id_5,reward_num_5) VALUES(37,1004,1,3001,5000,0,8,91002,1500,2,90006,1500,2,31018,10,0,0,0,0,0,0);
INSERT INTO clan_battle_period_rank_reward(id,clan_battle_id,period,rank_from,rank_to,ranking_bonus_group,reward_type_1,reward_id_1,reward_num_1,reward_type_2,reward_id_2,reward_num_2,reward_type_3,reward_id_3,reward_num_3,reward_type_4,reward_id_4,reward_num_4,reward_type_5,reward_id_5,reward_num_5) VALUES(38,1004,1,5001,10000,0,8,91002,1000,2,90006,1000,2,31018,8,0,0,0,0,0,0);
INSERT INTO clan_battle_period_rank_reward(id,clan_battle_id,period,rank_from,rank_to,ranking_bonus_group,reward_type_1,reward_id_1,reward_num_1,reward_type_2,reward_id_2,reward_num_2,reward_type_3,reward_id_3,reward_num_3,reward_type_4,reward_id_4,reward_num_4,reward_type_5,reward_id_5,reward_num_5) VALUES(39,1004,1,10001,-1,0,8,91002,500,2,90006,500,2,31018,5,0,0,0,0,0,0);
UPDATE clan_battle_schedule SET end_time='2018/06/21 4:59:59' WHERE clan_battle_id=1003;
UPDATE clan_battle_schedule SET map_bgm='bgm_M115', start_time='2018/06/21 5:00:00', end_time='2018/07/20 4:59:59' WHERE clan_battle_id=1004;
INSERT INTO clan_battle_schedule(clan_battle_id,release_month,last_clan_battle_id,point_per_stamina,cost_group_id,map_bgm,resource_id,start_time,end_time) VALUES(1006,8,1005,1,1,'bgm_M46',2,'2030/01/01','2030/12/01');
UPDATE daily_mission_data SET start_time='2018/06/21 5:00:00', end_time='2018/07/01 4:59:59' WHERE daily_mission_id=15004001;
INSERT INTO enemy_parameter(enemy_id,unit_id,name,level,rarity,promotion_level,hp,atk,magic_str,def,magic_def,physical_critical,magic_critical,wave_hp_recovery,wave_energy_recovery,dodge,physical_penetrate,magic_penetrate,life_steal,hp_recovery_rate,energy_recovery_rate,energy_reduce_rate,union_burst_level,main_skill_lv_1,main_skill_lv_2,main_skill_lv_3,main_skill_lv_4,main_skill_lv_5,main_skill_lv_6,main_skill_lv_7,main_skill_lv_8,main_skill_lv_9,main_skill_lv_10,ex_skill_lv_1,ex_skill_lv_2,ex_skill_lv_3,ex_skill_lv_4,ex_skill_lv_5,resist_status_id) VALUES(401010401,302100,'ワイバーン',60,1,1,6000000,2200,2100,200,200,10,10,20,34,0,0,0,0,0,20,0,34,35,35,35,35,35,35,35,35,35,35,35,35,35,35,35,300000003);
INSERT INTO enemy_parameter(enemy_id,unit_id,name,level,rarity,promotion_level,hp,atk,magic_str,def,magic_def,physical_critical,magic_critical,wave_hp_recovery,wave_energy_recovery,dodge,physical_penetrate,magic_penetrate,life_steal,hp_recovery_rate,energy_recovery_rate,energy_reduce_rate,union_burst_level,main_skill_lv_1,main_skill_lv_2,main_skill_lv_3,main_skill_lv_4,main_skill_lv_5,main_skill_lv_6,main_skill_lv_7,main_skill_lv_8,main_skill_lv_9,main_skill_lv_10,ex_skill_lv_1,ex_skill_lv_2,ex_skill_lv_3,ex_skill_lv_4,ex_skill_lv_5,resist_status_id) VALUES(401010402,302000,'ワイルドグリフォン',65,1,1,8000000,1802,2100,200,200,15,15,20,49,0,0,0,0,0,20,0,49,35,35,35,35,35,35,35,35,35,35,35,35,35,35,35,300000003);
INSERT INTO enemy_parameter(enemy_id,unit_id,name,level,rarity,promotion_level,hp,atk,magic_str,def,magic_def,physical_critical,magic_critical,wave_hp_recovery,wave_energy_recovery,dodge,physical_penetrate,magic_penetrate,life_steal,hp_recovery_rate,energy_recovery_rate,energy_reduce_rate,union_burst_level,main_skill_lv_1,main_skill_lv_2,main_skill_lv_3,main_skill_lv_4,main_skill_lv_5,main_skill_lv_6,main_skill_lv_7,main_skill_lv_8,main_skill_lv_9,main_skill_lv_10,ex_skill_lv_1,ex_skill_lv_2,ex_skill_lv_3,ex_skill_lv_4,ex_skill_lv_5,resist_status_id) VALUES(401010403,300701,'オークチーフ',70,1,1,10000000,2445,1980,200,200,20,20,20,70,0,0,0,0,0,20,0,60,30,40,40,40,40,40,40,40,40,40,40,40,40,40,40,300000003);
INSERT INTO enemy_parameter(enemy_id,unit_id,name,level,rarity,promotion_level,hp,atk,magic_str,def,magic_def,physical_critical,magic_critical,wave_hp_recovery,wave_energy_recovery,dodge,physical_penetrate,magic_penetrate,life_steal,hp_recovery_rate,energy_recovery_rate,energy_reduce_rate,union_burst_level,main_skill_lv_1,main_skill_lv_2,main_skill_lv_3,main_skill_lv_4,main_skill_lv_5,main_skill_lv_6,main_skill_lv_7,main_skill_lv_8,main_skill_lv_9,main_skill_lv_10,ex_skill_lv_1,ex_skill_lv_2,ex_skill_lv_3,ex_skill_lv_4,ex_skill_lv_5,resist_status_id) VALUES(401010404,304000,'ムーバ',75,1,1,12000000,2340,2540,220,200,25,25,35,70,0,0,0,0,0,45,0,75,60,50,50,50,50,50,50,50,50,50,50,50,50,50,50,300000003);
INSERT INTO enemy_parameter(enemy_id,unit_id,name,level,rarity,promotion_level,hp,atk,magic_str,def,magic_def,physical_critical,magic_critical,wave_hp_recovery,wave_energy_recovery,dodge,physical_penetrate,magic_penetrate,life_steal,hp_recovery_rate,energy_recovery_rate,energy_reduce_rate,union_burst_level,main_skill_lv_1,main_skill_lv_2,main_skill_lv_3,main_skill_lv_4,main_skill_lv_5,main_skill_lv_6,main_skill_lv_7,main_skill_lv_8,main_skill_lv_9,main_skill_lv_10,ex_skill_lv_1,ex_skill_lv_2,ex_skill_lv_3,ex_skill_lv_4,ex_skill_lv_5,resist_status_id) VALUES(401011401,302700,'カルキノス',80,1,1,20000000,2490,2330,200,135,25,30,30,80,0,0,0,0,0,30,0,80,80,25,40,60,60,60,60,60,60,60,60,60,60,60,60,300000003);
INSERT INTO enemy_parameter(enemy_id,unit_id,name,level,rarity,promotion_level,hp,atk,magic_str,def,magic_def,physical_critical,magic_critical,wave_hp_recovery,wave_energy_recovery,dodge,physical_penetrate,magic_penetrate,life_steal,hp_recovery_rate,energy_recovery_rate,energy_reduce_rate,union_burst_level,main_skill_lv_1,main_skill_lv_2,main_skill_lv_3,main_skill_lv_4,main_skill_lv_5,main_skill_lv_6,main_skill_lv_7,main_skill_lv_8,main_skill_lv_9,main_skill_lv_10,ex_skill_lv_1,ex_skill_lv_2,ex_skill_lv_3,ex_skill_lv_4,ex_skill_lv_5,resist_status_id) VALUES(401011402,302100,'ワイバーン',80,1,1,6000000,3950,3200,250,200,10,10,20,34,0,0,0,0,0,20,0,34,35,35,35,35,35,35,35,35,35,35,35,35,35,35,35,300000003);
INSERT INTO enemy_parameter(enemy_id,unit_id,name,level,rarity,promotion_level,hp,atk,magic_str,def,magic_def,physical_critical,magic_critical,wave_hp_recovery,wave_energy_recovery,dodge,physical_penetrate,magic_penetrate,life_steal,hp_recovery_rate,energy_recovery_rate,energy_reduce_rate,union_burst_level,main_skill_lv_1,main_skill_lv_2,main_skill_lv_3,main_skill_lv_4,main_skill_lv_5,main_skill_lv_6,main_skill_lv_7,main_skill_lv_8,main_skill_lv_9,main_skill_lv_10,ex_skill_lv_1,ex_skill_lv_2,ex_skill_lv_3,ex_skill_lv_4,ex_skill_lv_5,resist_status_id) VALUES(401011403,302000,'ワイルドグリフォン',85,1,1,8000000,3300,3900,200,250,15,15,20,49,0,0,0,0,0,40,0,70,35,35,35,35,35,35,35,35,35,35,35,35,35,35,35,300000003);
INSERT INTO enemy_parameter(enemy_id,unit_id,name,level,rarity,promotion_level,hp,atk,magic_str,def,magic_def,physical_critical,magic_critical,wave_hp_recovery,wave_energy_recovery,dodge,physical_penetrate,magic_penetrate,life_steal,hp_recovery_rate,energy_recovery_rate,energy_reduce_rate,union_burst_level,main_skill_lv_1,main_skill_lv_2,main_skill_lv_3,main_skill_lv_4,main_skill_lv_5,main_skill_lv_6,main_skill_lv_7,main_skill_lv_8,main_skill_lv_9,main_skill_lv_10,ex_skill_lv_1,ex_skill_lv_2,ex_skill_lv_3,ex_skill_lv_4,ex_skill_lv_5,resist_status_id) VALUES(401011404,300701,'オークチーフ',90,1,1,10000000,3950,1980,270,200,20,20,20,70,0,0,0,0,0,40,0,10,120,40,40,40,40,40,40,40,40,40,40,40,40,40,40,300000003);
INSERT INTO enemy_parameter(enemy_id,unit_id,name,level,rarity,promotion_level,hp,atk,magic_str,def,magic_def,physical_critical,magic_critical,wave_hp_recovery,wave_energy_recovery,dodge,physical_penetrate,magic_penetrate,life_steal,hp_recovery_rate,energy_recovery_rate,energy_reduce_rate,union_burst_level,main_skill_lv_1,main_skill_lv_2,main_skill_lv_3,main_skill_lv_4,main_skill_lv_5,main_skill_lv_6,main_skill_lv_7,main_skill_lv_8,main_skill_lv_9,main_skill_lv_10,ex_skill_lv_1,ex_skill_lv_2,ex_skill_lv_3,ex_skill_lv_4,ex_skill_lv_5,resist_status_id) VALUES(401011405,304000,'ムーバ',95,1,1,12000000,5920,6400,200,270,25,25,35,70,0,0,0,0,0,65,0,145,275,75,50,50,50,50,50,50,50,50,50,50,50,50,50,300000003);
INSERT INTO enemy_parameter(enemy_id,unit_id,name,level,rarity,promotion_level,hp,atk,magic_str,def,magic_def,physical_critical,magic_critical,wave_hp_recovery,wave_energy_recovery,dodge,physical_penetrate,magic_penetrate,life_steal,hp_recovery_rate,energy_recovery_rate,energy_reduce_rate,union_burst_level,main_skill_lv_1,main_skill_lv_2,main_skill_lv_3,main_skill_lv_4,main_skill_lv_5,main_skill_lv_6,main_skill_lv_7,main_skill_lv_8,main_skill_lv_9,main_skill_lv_10,ex_skill_lv_1,ex_skill_lv_2,ex_skill_lv_3,ex_skill_lv_4,ex_skill_lv_5,resist_status_id) VALUES(401011406,302700,'カルキノス',100,1,1,20000000,5000,3150,290,200,30,30,30,80,0,0,0,0,0,70,0,85,85,85,75,60,60,60,60,60,60,60,60,60,60,60,60,300000003);
UPDATE enemy_parameter SET hp=2000000, energy_recovery_rate=10 WHERE enemy_id=501010401;
INSERT INTO gift_message(id,discription,type_1,type_2,type_3,type_4) VALUES(9212,'ラジオ1周年記念生放送内コーナーの特別プレゼントです。',0,0,0,0);
UPDATE reward_collect_guide SET system_id_1=204 WHERE object_id=31026;
INSERT INTO skill_action(action_id,class_id,action_type,action_detail_1,action_detail_2,action_detail_3,action_value_1,action_value_2,action_value_3,action_value_4,action_value_5,action_value_6,action_value_7,target_assignment,target_area,target_range,target_type,target_number,target_count,description,level_up_disp) VALUES(302700101,1,1,2,0,0,0.5,1.2,1.52,0.0,0.0,0.0,0.0,1,1,3000,3,0,99,'全体に魔法DM','');
INSERT INTO skill_action(action_id,class_id,action_type,action_detail_1,action_detail_2,action_detail_3,action_value_1,action_value_2,action_value_3,action_value_4,action_value_5,action_value_6,action_value_7,target_assignment,target_area,target_range,target_type,target_number,target_count,description,level_up_disp) VALUES(302700102,1,10,21,1,0,1.0,11.0,4.5,6.0,0.0,0.0,0.0,1,1,3000,3,0,99,'物理防御DOWN','');
INSERT INTO skill_action(action_id,class_id,action_type,action_detail_1,action_detail_2,action_detail_3,action_value_1,action_value_2,action_value_3,action_value_4,action_value_5,action_value_6,action_value_7,target_assignment,target_area,target_range,target_type,target_number,target_count,description,level_up_disp) VALUES(302700201,1,1,1,0,0,0.5,0.8,1.52,0.0,0.0,0.0,0.0,1,1,200,3,0,99,'前方範囲内に物理DM','');
INSERT INTO skill_action(action_id,class_id,action_type,action_detail_1,action_detail_2,action_detail_3,action_value_1,action_value_2,action_value_3,action_value_4,action_value_5,action_value_6,action_value_7,target_assignment,target_area,target_range,target_type,target_number,target_count,description,level_up_disp) VALUES(302700202,1,8,7,0,0,0.0,0.0,6.0,0.0,0.0,0.0,0.0,1,1,200,1,0,99,'スタン','');
INSERT INTO skill_action(action_id,class_id,action_type,action_detail_1,action_detail_2,action_detail_3,action_value_1,action_value_2,action_value_3,action_value_4,action_value_5,action_value_6,action_value_7,target_assignment,target_area,target_range,target_type,target_number,target_count,description,level_up_disp) VALUES(302700301,1,1,1,0,0,5.0,0.5,0.55,0.0,0.0,0.0,0.0,1,1,3000,3,0,99,'全体小物理ダメージ','');
INSERT INTO skill_action(action_id,class_id,action_type,action_detail_1,action_detail_2,action_detail_3,action_value_1,action_value_2,action_value_3,action_value_4,action_value_5,action_value_6,action_value_7,target_assignment,target_area,target_range,target_type,target_number,target_count,description,level_up_disp) VALUES(302700401,2,1,1,0,0,70.0,2.0,0.5,0.1,0.0,0.0,0.0,1,2,300,3,0,99,'','');
INSERT INTO skill_action(action_id,class_id,action_type,action_detail_1,action_detail_2,action_detail_3,action_value_1,action_value_2,action_value_3,action_value_4,action_value_5,action_value_6,action_value_7,target_assignment,target_area,target_range,target_type,target_number,target_count,description,level_up_disp) VALUES(302700501,2,17,3,0,0,100.0,0.0,50.0,0.0,0.0,0.0,0.0,2,1,0,7,0,1,'','');
INSERT INTO skill_action(action_id,class_id,action_type,action_detail_1,action_detail_2,action_detail_3,action_value_1,action_value_2,action_value_3,action_value_4,action_value_5,action_value_6,action_value_7,target_assignment,target_area,target_range,target_type,target_number,target_count,description,level_up_disp) VALUES(302700502,2,22,1,30270002,0,180.0,0.0,0.0,0.0,0.0,0.0,0.0,2,1,0,1,0,1,'','');
INSERT INTO skill_action(action_id,class_id,action_type,action_detail_1,action_detail_2,action_detail_3,action_value_1,action_value_2,action_value_3,action_value_4,action_value_5,action_value_6,action_value_7,target_assignment,target_area,target_range,target_type,target_number,target_count,description,level_up_disp) VALUES(302700503,2,22,2,3027001,0,180.0,0.0,0.0,0.0,0.0,0.0,0.0,2,1,0,1,0,1,'','');
INSERT INTO skill_action(action_id,class_id,action_type,action_detail_1,action_detail_2,action_detail_3,action_value_1,action_value_2,action_value_3,action_value_4,action_value_5,action_value_6,action_value_7,target_assignment,target_area,target_range,target_type,target_number,target_count,description,level_up_disp) VALUES(302700601,2,22,2,3027001,0,30.0,0.0,0.0,0.0,0.0,0.0,0.0,2,1,0,7,0,1,'','');
INSERT INTO skill_action(action_id,class_id,action_type,action_detail_1,action_detail_2,action_detail_3,action_value_1,action_value_2,action_value_3,action_value_4,action_value_5,action_value_6,action_value_7,target_assignment,target_area,target_range,target_type,target_number,target_count,description,level_up_disp) VALUES(304000101,1,1,2,0,0,850.0,3.5,3.0,0.0,0.0,0.0,0.0,1,1,3000,14,0,1,'物攻の最も高い敵に大ダメージ','');
INSERT INTO skill_action(action_id,class_id,action_type,action_detail_1,action_detail_2,action_detail_3,action_value_1,action_value_2,action_value_3,action_value_4,action_value_5,action_value_6,action_value_7,target_assignment,target_area,target_range,target_type,target_number,target_count,description,level_up_disp) VALUES(304000102,1,16,2,0,0,1000.0,10.0,0.0,0.0,0.0,0.0,0.0,1,1,3000,14,0,1,'TP大幅ダウン','');
INSERT INTO skill_action(action_id,class_id,action_type,action_detail_1,action_detail_2,action_detail_3,action_value_1,action_value_2,action_value_3,action_value_4,action_value_5,action_value_6,action_value_7,target_assignment,target_area,target_range,target_type,target_number,target_count,description,level_up_disp) VALUES(304000201,1,7,1,0,0,0.0,0.0,0.0,0.0,0.0,0.0,0.0,1,2,2160,14,0,1,'物攻の最も高い敵をターゲッティング','');
INSERT INTO skill_action(action_id,class_id,action_type,action_detail_1,action_detail_2,action_detail_3,action_value_1,action_value_2,action_value_3,action_value_4,action_value_5,action_value_6,action_value_7,target_assignment,target_area,target_range,target_type,target_number,target_count,description,level_up_disp) VALUES(304000202,1,1,2,0,0,5.0,1.2,0.5,0.0,0.0,0.0,0.0,1,2,150,1,0,99,'ターゲットを中心に範囲魔法ダメージ','');
INSERT INTO skill_action(action_id,class_id,action_type,action_detail_1,action_detail_2,action_detail_3,action_value_1,action_value_2,action_value_3,action_value_4,action_value_5,action_value_6,action_value_7,target_assignment,target_area,target_range,target_type,target_number,target_count,description,level_up_disp) VALUES(304000203,1,9,3,0,0,15.0,1.0,8.0,0.0,0.0,0.0,0.0,1,2,150,1,0,99,'対象範囲に呪い','');
INSERT INTO skill_data(skill_id,name,skill_type,skill_area_width,skill_cast_time,action_1,action_2,action_3,action_4,action_5,action_6,action_7,depend_action_1,depend_action_2,depend_action_3,depend_action_4,depend_action_5,depend_action_6,depend_action_7,description,icon_type) VALUES(3027001,'',0,0,2.0,302700101,302700102,0,0,0,0,0,0,302700101,0,0,0,0,0,'カルキノス skill0',1001);
INSERT INTO skill_data(skill_id,name,skill_type,skill_area_width,skill_cast_time,action_1,action_2,action_3,action_4,action_5,action_6,action_7,depend_action_1,depend_action_2,depend_action_3,depend_action_4,depend_action_5,depend_action_6,depend_action_7,description,icon_type) VALUES(3027002,'',0,0,2.0,302700201,302700202,0,0,0,0,0,0,302700201,0,0,0,0,0,'カルキノス skill1',1001);
INSERT INTO skill_data(skill_id,name,skill_type,skill_area_width,skill_cast_time,action_1,action_2,action_3,action_4,action_5,action_6,action_7,depend_action_1,depend_action_2,depend_action_3,depend_action_4,depend_action_5,depend_action_6,depend_action_7,description,icon_type) VALUES(3027003,'',0,0,2.0,302700301,0,0,0,0,0,0,0,0,0,0,0,0,0,'カルキノス skill2',1001);
INSERT INTO skill_data(skill_id,name,skill_type,skill_area_width,skill_cast_time,action_1,action_2,action_3,action_4,action_5,action_6,action_7,depend_action_1,depend_action_2,depend_action_3,depend_action_4,depend_action_5,depend_action_6,depend_action_7,description,icon_type) VALUES(3027004,'',0,0,3.0,302700401,0,0,0,0,0,0,0,0,0,0,0,0,0,'カルキノス skill3',1001);
INSERT INTO skill_data(skill_id,name,skill_type,skill_area_width,skill_cast_time,action_1,action_2,action_3,action_4,action_5,action_6,action_7,depend_action_1,depend_action_2,depend_action_3,depend_action_4,depend_action_5,depend_action_6,depend_action_7,description,icon_type) VALUES(3027005,'',0,0,3.0,302700501,302700502,302700503,0,0,0,0,0,302700501,302700501,0,0,0,0,'カルキノス skill4',1001);
INSERT INTO skill_data(skill_id,name,skill_type,skill_area_width,skill_cast_time,action_1,action_2,action_3,action_4,action_5,action_6,action_7,depend_action_1,depend_action_2,depend_action_3,depend_action_4,depend_action_5,depend_action_6,depend_action_7,description,icon_type) VALUES(3027006,'',0,0,3.0,302700601,0,0,0,0,0,0,0,0,0,0,0,0,0,'カルキノス skill5',1001);
INSERT INTO skill_data(skill_id,name,skill_type,skill_area_width,skill_cast_time,action_1,action_2,action_3,action_4,action_5,action_6,action_7,depend_action_1,depend_action_2,depend_action_3,depend_action_4,depend_action_5,depend_action_6,depend_action_7,description,icon_type) VALUES(3040001,'',1,0,2.0,304000101,304000102,0,0,0,0,0,0,304000101,0,0,0,0,0,'ナイトメアskill1',1001);
INSERT INTO skill_data(skill_id,name,skill_type,skill_area_width,skill_cast_time,action_1,action_2,action_3,action_4,action_5,action_6,action_7,depend_action_1,depend_action_2,depend_action_3,depend_action_4,depend_action_5,depend_action_6,depend_action_7,description,icon_type) VALUES(3040002,'',0,0,2.0,304000201,304000202,304000203,0,0,0,0,0,304000201,304000202,0,0,0,0,'ナイトメアskill2',1001);
UPDATE sqlite_stat1 SET stat='30' WHERE rowid=8;
UPDATE sqlite_stat1 SET stat='40' WHERE rowid=11;
UPDATE sqlite_stat1 SET stat='6' WHERE rowid=34;
UPDATE sqlite_stat1 SET stat='8' WHERE rowid=39;
UPDATE sqlite_stat1 SET stat='157' WHERE rowid=55;
UPDATE sqlite_stat1 SET stat='278' WHERE rowid=61;
UPDATE sqlite_stat1 SET stat='39' WHERE rowid=68;
UPDATE sqlite_stat1 SET stat='40 5' WHERE rowid=87;
UPDATE sqlite_stat1 SET stat='40 5 1' WHERE rowid=88;
UPDATE sqlite_stat1 SET stat='4 1' WHERE rowid=94;
UPDATE sqlite_stat1 SET stat='4 1 1' WHERE rowid=95;
UPDATE sqlite_stat1 SET stat='45' WHERE rowid=98;
UPDATE sqlite_stat1 SET stat='1620' WHERE rowid=99;
UPDATE sqlite_stat1 SET stat='15' WHERE rowid=103;
UPDATE sqlite_stat1 SET stat='221' WHERE rowid=116;
UPDATE sqlite_stat1 SET stat='517' WHERE rowid=126;
UPDATE sqlite_stat1 SET stat='751' WHERE rowid=127;
UPDATE sqlite_stat1 SET stat='160 4' WHERE rowid=135;
UPDATE sqlite_stat1 SET stat='160 4 1 1' WHERE rowid=136;
UPDATE sqlite_stat1 SET stat='20' WHERE rowid=137;
UPDATE sqlite_stat1 SET stat='737' WHERE rowid=139;
UPDATE sqlite_stat1 SET stat='504' WHERE rowid=144;
INSERT INTO story_detail(story_id,story_group_id,title,sub_title,visible_type,story_end,pre_story_id,love_level,requirement_id,unlock_quest_id,story_quest_id,reward_type_1,reward_id_1,reward_value_1,reward_type_2,reward_id_2,reward_value_2,reward_type_3,reward_id_3,reward_value_3,start_time,end_time) VALUES(2006008,2006,'第6章 第8話','神出鬼没の少女',5,0,2006007,0,0,11012002,0,8,91002,20,0,0,0,0,0,0,'2015/04/04 15:00:00','2099/12/20 14:59:59');
INSERT INTO story_detail(story_id,story_group_id,title,sub_title,visible_type,story_end,pre_story_id,love_level,requirement_id,unlock_quest_id,story_quest_id,reward_type_1,reward_id_1,reward_value_1,reward_type_2,reward_id_2,reward_value_2,reward_type_3,reward_id_3,reward_value_3,start_time,end_time) VALUES(2006009,2006,'第6章 第9話','理想郷の復興',5,0,2006008,0,0,11012005,0,8,91002,20,0,0,0,0,0,0,'2015/04/04 15:00:00','2099/12/20 14:59:59');
INSERT INTO story_detail(story_id,story_group_id,title,sub_title,visible_type,story_end,pre_story_id,love_level,requirement_id,unlock_quest_id,story_quest_id,reward_type_1,reward_id_1,reward_value_1,reward_type_2,reward_id_2,reward_value_2,reward_type_3,reward_id_3,reward_value_3,start_time,end_time) VALUES(2006010,2006,'第6章 第10話','手と手を取り合って',5,0,2006009,0,0,11012008,0,8,91002,20,0,0,0,0,0,0,'2015/04/04 15:00:00','2099/12/20 14:59:59');
INSERT INTO story_detail(story_id,story_group_id,title,sub_title,visible_type,story_end,pre_story_id,love_level,requirement_id,unlock_quest_id,story_quest_id,reward_type_1,reward_id_1,reward_value_1,reward_type_2,reward_id_2,reward_value_2,reward_type_3,reward_id_3,reward_value_3,start_time,end_time) VALUES(2006011,2006,'第6章 第11話','魔物の巣窟',5,0,2006010,0,0,11012011,0,8,91002,20,0,0,0,0,0,0,'2015/04/04 15:00:00','2099/12/20 14:59:59');
INSERT INTO story_detail(story_id,story_group_id,title,sub_title,visible_type,story_end,pre_story_id,love_level,requirement_id,unlock_quest_id,story_quest_id,reward_type_1,reward_id_1,reward_value_1,reward_type_2,reward_id_2,reward_value_2,reward_type_3,reward_id_3,reward_value_3,start_time,end_time) VALUES(2006012,2006,'第6章 第12話','囚われの誓約女君',5,0,2006011,0,0,11012014,0,8,91002,20,0,0,0,0,0,0,'2015/04/04 15:00:00','2099/12/20 14:59:59');
INSERT INTO story_detail(story_id,story_group_id,title,sub_title,visible_type,story_end,pre_story_id,love_level,requirement_id,unlock_quest_id,story_quest_id,reward_type_1,reward_id_1,reward_value_1,reward_type_2,reward_id_2,reward_value_2,reward_type_3,reward_id_3,reward_value_3,start_time,end_time) VALUES(2006013,2006,'第6章 第13話','もう一人の囚人',5,1,2006012,0,0,11012017,0,8,91002,20,0,0,0,0,0,0,'2015/04/04 15:00:00','2099/12/20 14:59:59');
INSERT INTO story_detail(story_id,story_group_id,title,sub_title,visible_type,story_end,pre_story_id,love_level,requirement_id,unlock_quest_id,story_quest_id,reward_type_1,reward_id_1,reward_value_1,reward_type_2,reward_id_2,reward_value_2,reward_type_3,reward_id_3,reward_value_3,start_time,end_time) VALUES(2006099,2006,'第6章 幕間','幕間・Ⅶ',5,0,2006013,0,0,11012017,0,8,91002,20,0,0,0,0,0,0,'2015/04/04 15:00:00','2099/12/20 14:59:59');
INSERT INTO unit_attack_pattern(pattern_id,unit_id,loop_start,loop_end,atk_pattern_1,atk_pattern_2,atk_pattern_3,atk_pattern_4,atk_pattern_5,atk_pattern_6,atk_pattern_7,atk_pattern_8,atk_pattern_9,atk_pattern_10,atk_pattern_11,atk_pattern_12,atk_pattern_13,atk_pattern_14,atk_pattern_15,atk_pattern_16,atk_pattern_17,atk_pattern_18,atk_pattern_19,atk_pattern_20) VALUES(30270001,302700,3,9,1,1,1001,1,1,1001,1,1,1002,1,1,1,1,1,1,1,1,1,1,1);
INSERT INTO unit_attack_pattern(pattern_id,unit_id,loop_start,loop_end,atk_pattern_1,atk_pattern_2,atk_pattern_3,atk_pattern_4,atk_pattern_5,atk_pattern_6,atk_pattern_7,atk_pattern_8,atk_pattern_9,atk_pattern_10,atk_pattern_11,atk_pattern_12,atk_pattern_13,atk_pattern_14,atk_pattern_15,atk_pattern_16,atk_pattern_17,atk_pattern_18,atk_pattern_19,atk_pattern_20) VALUES(30270002,302700,2,9,1001,1,1002,1,1001,1,1002,1,1001,0,0,0,0,0,0,0,0,0,0,0);
INSERT INTO unit_attack_pattern(pattern_id,unit_id,loop_start,loop_end,atk_pattern_1,atk_pattern_2,atk_pattern_3,atk_pattern_4,atk_pattern_5,atk_pattern_6,atk_pattern_7,atk_pattern_8,atk_pattern_9,atk_pattern_10,atk_pattern_11,atk_pattern_12,atk_pattern_13,atk_pattern_14,atk_pattern_15,atk_pattern_16,atk_pattern_17,atk_pattern_18,atk_pattern_19,atk_pattern_20) VALUES(30400001,304000,1,7,1,1,1001,1,1,1,1001,1,1,1,1,1,1,1,1,1,1,1,1,1);
INSERT INTO unit_attack_pattern(pattern_id,unit_id,loop_start,loop_end,atk_pattern_1,atk_pattern_2,atk_pattern_3,atk_pattern_4,atk_pattern_5,atk_pattern_6,atk_pattern_7,atk_pattern_8,atk_pattern_9,atk_pattern_10,atk_pattern_11,atk_pattern_12,atk_pattern_13,atk_pattern_14,atk_pattern_15,atk_pattern_16,atk_pattern_17,atk_pattern_18,atk_pattern_19,atk_pattern_20) VALUES(30400002,304000,2,6,1,1001,1,1,1001,1,1,1,1,1,1,1,1,1,1,1,1,1,1,1);
INSERT INTO unit_enemy_data(unit_id,unit_name,prefab_id,motion_type,se_type,move_speed,search_area_width,atk_type,normal_atk_cast_time,cutin,visual_change_flag,comment) VALUES(302700,'カルキノス',302700,0,16,270,1000,1,1.8,0,0,'【物理】船墓の入江に巣食う、蟹座の魔星獣。\n巨大なハサミの一撃で、無数の船を沈める。\n\n・敵全体に魔法大ダメージを与え、物理防御力\n　をダウン。\n・前方範囲内の敵すべてに物理中ダメージを与\n　え、さらにスタン状態にする。\n・敵全体に物理中ダメージ。');
INSERT INTO unit_enemy_data(unit_id,unit_name,prefab_id,motion_type,se_type,move_speed,search_area_width,atk_type,normal_atk_cast_time,cutin,visual_change_flag,comment) VALUES(304000,'ムーバ',304000,0,13,270,1000,1,2.0,0,0,'【物理】夢幻より生まれ、闇を彷徨う魔獣。\n悪夢の牢に獲物を縛り、旨そうに生気を喰う。\n\n・物理攻撃力が最も高い敵1キャラに魔法特大\n　ダメージを与え、TPを特大ダウン。\n・物理攻撃力が最も高い敵1キャラを中心とし\n　た範囲内の敵すべてに魔法中ダメージを与え\n　さらに呪い状態にする。');
UPDATE unit_promotion SET equip_slot_3=104343, equip_slot_5=104582 WHERE rowid=432;
INSERT INTO unit_skill_data(unit_id,union_burst,main_skill_1,main_skill_2,main_skill_3,main_skill_4,main_skill_5,main_skill_6,main_skill_7,main_skill_8,main_skill_9,main_skill_10,ex_skill_1,ex_skill_evolution_1,ex_skill_2,ex_skill_evolution_2,ex_skill_3,ex_skill_evolution_3,ex_skill_4,ex_skill_evolution_4,ex_skill_5,ex_skill_evolution_5,sp_skill_1,sp_skill_2,sp_skill_3,sp_skill_4,sp_skill_5) VALUES(302500,3025001,3025002,3025003,3025004,3025005,3025006,0,0,0,0,0,0,0,0,0,0,0,0,0,0,0,0,0,0,0,0);
INSERT INTO unit_skill_data(unit_id,union_burst,main_skill_1,main_skill_2,main_skill_3,main_skill_4,main_skill_5,main_skill_6,main_skill_7,main_skill_8,main_skill_9,main_skill_10,ex_skill_1,ex_skill_evolution_1,ex_skill_2,ex_skill_evolution_2,ex_skill_3,ex_skill_evolution_3,ex_skill_4,ex_skill_evolution_4,ex_skill_5,ex_skill_evolution_5,sp_skill_1,sp_skill_2,sp_skill_3,sp_skill_4,sp_skill_5) VALUES(302700,3027001,3027002,3027003,3027004,3027005,3027006,0,0,0,0,0,0,0,0,0,0,0,0,0,0,0,0,0,0,0,0);
INSERT INTO unit_skill_data(unit_id,union_burst,main_skill_1,main_skill_2,main_skill_3,main_skill_4,main_skill_5,main_skill_6,main_skill_7,main_skill_8,main_skill_9,main_skill_10,ex_skill_1,ex_skill_evolution_1,ex_skill_2,ex_skill_evolution_2,ex_skill_3,ex_skill_evolution_3,ex_skill_4,ex_skill_evolution_4,ex_skill_5,ex_skill_evolution_5,sp_skill_1,sp_skill_2,sp_skill_3,sp_skill_4,sp_skill_5) VALUES(304000,3040001,3040002,0,0,0,0,0,0,0,0,0,0,0,0,0,0,0,0,0,0,0,0,0,0,0,0);
INSERT INTO wave_group_data(id,wave_group_id,odds,enemy_id_1,drop_gold_1,drop_reward_id_1,enemy_id_2,drop_gold_2,drop_reward_id_2,enemy_id_3,drop_gold_3,drop_reward_id_3,enemy_id_4,drop_gold_4,drop_reward_id_4,enemy_id_5,drop_gold_5,drop_reward_id_5) VALUES(401000026,401040011,100,401010401,0,0,0,0,0,0,0,0,0,0,0,0,0,0);
INSERT INTO wave_group_data(id,wave_group_id,odds,enemy_id_1,drop_gold_1,drop_reward_id_1,enemy_id_2,drop_gold_2,drop_reward_id_2,enemy_id_3,drop_gold_3,drop_reward_id_3,enemy_id_4,drop_gold_4,drop_reward_id_4,enemy_id_5,drop_gold_5,drop_reward_id_5) VALUES(401000027,401040021,100,401010402,0,0,0,0,0,0,0,0,0,0,0,0,0,0);
INSERT INTO wave_group_data(id,wave_group_id,odds,enemy_id_1,drop_gold_1,drop_reward_id_1,enemy_id_2,drop_gold_2,drop_reward_id_2,enemy_id_3,drop_gold_3,drop_reward_id_3,enemy_id_4,drop_gold_4,drop_reward_id_4,enemy_id_5,drop_gold_5,drop_reward_id_5) VALUES(401000028,401040031,100,401010403,0,0,0,0,0,0,0,0,0,0,0,0,0,0);
INSERT INTO wave_group_data(id,wave_group_id,odds,enemy_id_1,drop_gold_1,drop_reward_id_1,enemy_id_2,drop_gold_2,drop_reward_id_2,enemy_id_3,drop_gold_3,drop_reward_id_3,enemy_id_4,drop_gold_4,drop_reward_id_4,enemy_id_5,drop_gold_5,drop_reward_id_5) VALUES(401000029,401040041,100,401010404,0,0,0,0,0,0,0,0,0,0,0,0,0,0);
INSERT INTO wave_group_data(id,wave_group_id,odds,enemy_id_1,drop_gold_1,drop_reward_id_1,enemy_id_2,drop_gold_2,drop_reward_id_2,enemy_id_3,drop_gold_3,drop_reward_id_3,enemy_id_4,drop_gold_4,drop_reward_id_4,enemy_id_5,drop_gold_5,drop_reward_id_5) VALUES(401000030,401040051,100,401011401,0,0,0,0,0,0,0,0,0,0,0,0,0,0);
INSERT INTO wave_group_data(id,wave_group_id,odds,enemy_id_1,drop_gold_1,drop_reward_id_1,enemy_id_2,drop_gold_2,drop_reward_id_2,enemy_id_3,drop_gold_3,drop_reward_id_3,enemy_id_4,drop_gold_4,drop_reward_id_4,enemy_id_5,drop_gold_5,drop_reward_id_5) VALUES(401000031,401040061,100,401011402,0,0,0,0,0,0,0,0,0,0,0,0,0,0);
INSERT INTO wave_group_data(id,wave_group_id,odds,enemy_id_1,drop_gold_1,drop_reward_id_1,enemy_id_2,drop_gold_2,drop_reward_id_2,enemy_id_3,drop_gold_3,drop_reward_id_3,enemy_id_4,drop_gold_4,drop_reward_id_4,enemy_id_5,drop_gold_5,drop_reward_id_5) VALUES(401000032,401040071,100,401011403,0,0,0,0,0,0,0,0,0,0,0,0,0,0);
INSERT INTO wave_group_data(id,wave_group_id,odds,enemy_id_1,drop_gold_1,drop_reward_id_1,enemy_id_2,drop_gold_2,drop_reward_id_2,enemy_id_3,drop_gold_3,drop_reward_id_3,enemy_id_4,drop_gold_4,drop_reward_id_4,enemy_id_5,drop_gold_5,drop_reward_id_5) VALUES(401000033,401040081,100,401011404,0,0,0,0,0,0,0,0,0,0,0,0,0,0);
INSERT INTO wave_group_data(id,wave_group_id,odds,enemy_id_1,drop_gold_1,drop_reward_id_1,enemy_id_2,drop_gold_2,drop_reward_id_2,enemy_id_3,drop_gold_3,drop_reward_id_3,enemy_id_4,drop_gold_4,drop_reward_id_4,enemy_id_5,drop_gold_5,drop_reward_id_5) VALUES(401000034,401040091,100,401011405,0,0,0,0,0,0,0,0,0,0,0,0,0,0);
INSERT INTO wave_group_data(id,wave_group_id,odds,enemy_id_1,drop_gold_1,drop_reward_id_1,enemy_id_2,drop_gold_2,drop_reward_id_2,enemy_id_3,drop_gold_3,drop_reward_id_3,enemy_id_4,drop_gold_4,drop_reward_id_4,enemy_id_5,drop_gold_5,drop_reward_id_5) VALUES(401000035,401040101,100,401011406,0,0,0,0,0,0,0,0,0,0,0,0,0,0);
INSERT INTO wave_group_data(id,wave_group_id,odds,enemy_id_1,drop_gold_1,drop_reward_id_1,enemy_id_2,drop_gold_2,drop_reward_id_2,enemy_id_3,drop_gold_3,drop_reward_id_3,enemy_id_4,drop_gold_4,drop_reward_id_4,enemy_id_5,drop_gold_5,drop_reward_id_5) VALUES(501000004,501010041,100,501010401,0,0,0,0,0,0,0,0,0,0,0,0,0,0);
INSERT INTO wave_group_data(id,wave_group_id,odds,enemy_id_1,drop_gold_1,drop_reward_id_1,enemy_id_2,drop_gold_2,drop_reward_id_2,enemy_id_3,drop_gold_3,drop_reward_id_3,enemy_id_4,drop_gold_4,drop_reward_id_4,enemy_id_5,drop_gold_5,drop_reward_id_5) VALUES(901000007,550030061,100,901000704,0,0,0,0,0,0,0,0,0,0,0,0,0,0);
